analysis_id,model,condition,stage,metric,axis,group,tp,fp,fn,precision,recall,f1
0926-01-qwen-9b-full,Qwen/Qwen3.5-9B,full_context_targeted,strict,exact_with_invalid_item_fp,doc_type,bank_statement,387,241,25776,0.6162420382165605,0.01479188166494668,0.02889029898100108
0926-01-qwen-9b-full,Qwen/Qwen3.5-9B,full_context_targeted,strict,exact_with_invalid_item_fp,doc_type,card_statement,445,245,22705,0.644927536231884,0.019222462203023757,0.03733221476510067
0926-01-qwen-9b-full,Qwen/Qwen3.5-9B,full_context_targeted,strict,exact_with_invalid_item_fp,doc_type,complaint_case,294,162,19411,0.6447368421052632,0.01492007104795737,0.0291652199791677
0926-01-qwen-9b-full,Qwen/Qwen3.5-9B,full_context_targeted,strict,exact_with_invalid_item_fp,doc_type,cs_transcript,259,139,18049,0.6507537688442211,0.014146821061830893,0.027691649738051962
0926-01-qwen-9b-full,Qwen/Qwen3.5-9B,full_context_targeted,strict,exact_with_invalid_item_fp,doc_type,insurance_claim,320,177,18174,0.6438631790744467,0.017302909051584298,0.033700173766520986
0926-01-qwen-9b-full,Qwen/Qwen3.5-9B,full_context_targeted,strict,exact_with_invalid_item_fp,doc_type,internal_memo,343,222,23674,0.6070796460176991,0.01428155056834742,0.027906598323976895
0926-01-qwen-9b-full,Qwen/Qwen3.5-9B,full_context_targeted,strict,exact_with_invalid_item_fp,doc_type,kyc_form,395,231,24607,0.6309904153354633,0.01579873610111191,0.030825659434992977
0926-01-qwen-9b-full,Qwen/Qwen3.5-9B,full_context_targeted,strict,exact_with_invalid_item_fp,doc_type,loan_contract,630,224,17322,0.7377049180327869,0.035093582887700536,0.06699989365096246
0926-01-qwen-9b-full,Qwen/Qwen3.5-9B,full_context_targeted,strict,exact_with_invalid_item_fp,doc_type,phishing_report,311,162,22347,0.6575052854122622,0.013725836349192338,0.026890320349314774
0926-01-qwen-9b-full,Qwen/Qwen3.5-9B,full_context_targeted,strict,exact_with_invalid_item_fp,doc_type,securities_trade_report,283,245,22932,0.5359848484848485,0.012190394141718717,0.02383860506254475
0926-01-qwen-9b-full,Qwen/Qwen3.5-9B,full_context_targeted,strict,exact_with_invalid_item_fp,variation_level,T0,1386,339,56934,0.8034782608695652,0.023765432098765433,0.04616537596802398
0926-01-qwen-9b-full,Qwen/Qwen3.5-9B,full_context_targeted,strict,exact_with_invalid_item_fp,variation_level,T1,775,697,56239,0.5264945652173914,0.013593152559020591,0.026502068871182848
0926-01-qwen-9b-full,Qwen/Qwen3.5-9B,full_context_targeted,strict,exact_with_invalid_item_fp,variation_level,T2,917,500,56447,0.6471418489767113,0.01598563559026567,0.031200558003436484
0926-01-qwen-9b-full,Qwen/Qwen3.5-9B,full_context_targeted,strict,exact_with_invalid_item_fp,variation_level,T3,589,512,45377,0.5349682107175295,0.012813818909628856,0.025028151358701425
0926-01-qwen-9b-full,Qwen/Qwen3.5-9B,full_context_targeted,strict,exact_with_invalid_item_fp,context_len_bucket,16k,1855,992,125691,0.6515630488233228,0.014543772442883351,0.02845244760071476
0926-01-qwen-9b-full,Qwen/Qwen3.5-9B,full_context_targeted,strict,exact_with_invalid_item_fp,context_len_bucket,1k,502,327,26143,0.6055488540410132,0.018840307750046914,0.036543641260828416
0926-01-qwen-9b-full,Qwen/Qwen3.5-9B,full_context_targeted,strict,exact_with_invalid_item_fp,context_len_bucket,4k,1310,729,63163,0.6424717999019127,0.020318582972717263,0.03939138802020688
0926-01-qwen-9b-full,Qwen/Qwen3.5-9B,full_context_targeted,strict,exact_with_invalid_item_fp,num_subjects,1,823,606,41435,0.57592722183345,0.019475602252827868,0.03767711218440268
0926-01-qwen-9b-full,Qwen/Qwen3.5-9B,full_context_targeted,strict,exact_with_invalid_item_fp,num_subjects,3,1299,653,72010,0.6654713114754098,0.017719516021225224,0.03451987084944393
0926-01-qwen-9b-full,Qwen/Qwen3.5-9B,full_context_targeted,strict,exact_with_invalid_item_fp,num_subjects,8,1545,789,101552,0.6619537275064268,0.014985887077218542,0.029308267966727055
0926-01-qwen-9b-full,Qwen/Qwen3.5-9B,full_context_targeted,strict,exact_with_invalid_item_fp,generator_model,gpt-6-astra,1370,838,76881,0.6204710144927537,0.01750776347906097,0.0340546116655688
0926-01-qwen-9b-full,Qwen/Qwen3.5-9B,full_context_targeted,strict,exact_with_invalid_item_fp,generator_model,zai-org/GLM-5.2-FP8,2297,1210,138116,0.6549757627601939,0.01635888414890359,0.031920511395219564
0926-01-qwen-9b-full,Qwen/Qwen3.5-9B,full_context_targeted,strict,exact_with_invalid_item_fp,category,access_credential,77,59,1856,0.5661764705882353,0.03983445421624418,0.07443209279845336
0926-01-qwen-9b-full,Qwen/Qwen3.5-9B,full_context_targeted,strict,exact_with_invalid_item_fp,category,address,132,102,3108,0.5641025641025641,0.040740740740740744,0.07599309153713299
0926-01-qwen-9b-full,Qwen/Qwen3.5-9B,full_context_targeted,strict,exact_with_invalid_item_fp,category,bank_account_no,331,74,17074,0.817283950617284,0.01901752370008618,0.03717012914093206
0926-01-qwen-9b-full,Qwen/Qwen3.5-9B,full_context_targeted,strict,exact_with_invalid_item_fp,category,business_reg_no,30,96,582,0.23809523809523808,0.049019607843137254,0.08130081300813008
0926-01-qwen-9b-full,Qwen/Qwen3.5-9B,full_context_targeted,strict,exact_with_invalid_item_fp,category,card_no,91,17,3193,0.8425925925925926,0.027710109622411692,0.05365566037735849
0926-01-qwen-9b-full,Qwen/Qwen3.5-9B,full_context_targeted,strict,exact_with_invalid_item_fp,category,consultation_content,12,72,33858,0.14285714285714285,0.000354295837023915,0.0007068386640749249
0926-01-qwen-9b-full,Qwen/Qwen3.5-9B,full_context_targeted,strict,exact_with_invalid_item_fp,category,contract_no,101,26,5055,0.7952755905511811,0.019588828549262995,0.038235850842324434
0926-01-qwen-9b-full,Qwen/Qwen3.5-9B,full_context_targeted,strict,exact_with_invalid_item_fp,category,corp_reg_no,3,0,192,1.0,0.015384615384615385,0.030303030303030304
0926-01-qwen-9b-full,Qwen/Qwen3.5-9B,full_context_targeted,strict,exact_with_invalid_item_fp,category,credit_score,10,44,2549,0.18518518518518517,0.003907776475185619,0.007654037504783774
0926-01-qwen-9b-full,Qwen/Qwen3.5-9B,full_context_targeted,strict,exact_with_invalid_item_fp,category,credit_transaction,9,246,11264,0.03529411764705882,0.000798367781424643,0.001561415683553088
0926-01-qwen-9b-full,Qwen/Qwen3.5-9B,full_context_targeted,strict,exact_with_invalid_item_fp,category,customer_id,345,189,6598,0.6460674157303371,0.04969033558980268,0.09228300120369132
0926-01-qwen-9b-full,Qwen/Qwen3.5-9B,full_context_targeted,strict,exact_with_invalid_item_fp,category,delinquency_info,2,5,2241,0.2857142857142857,0.0008916629514043691,0.0017777777777777779
0926-01-qwen-9b-full,Qwen/Qwen3.5-9B,full_context_targeted,strict,exact_with_invalid_item_fp,category,device_network,0,22,1620,0.0,0.0,0.0
0926-01-qwen-9b-full,Qwen/Qwen3.5-9B,full_context_targeted,strict,exact_with_invalid_item_fp,category,dob_age,18,157,4365,0.10285714285714286,0.004106776180698152,0.007898200965335674
0926-01-qwen-9b-full,Qwen/Qwen3.5-9B,full_context_targeted,strict,exact_with_invalid_item_fp,category,driver_license_no,35,5,481,0.875,0.06782945736434108,0.12589928057553956
0926-01-qwen-9b-full,Qwen/Qwen3.5-9B,full_context_targeted,strict,exact_with_invalid_item_fp,category,education,0,0,607,0.0,0.0,0.0
0926-01-qwen-9b-full,Qwen/Qwen3.5-9B,full_context_targeted,strict,exact_with_invalid_item_fp,category,email,199,152,2967,0.5669515669515669,0.06285533796588756,0.11316462894512369
0926-01-qwen-9b-full,Qwen/Qwen3.5-9B,full_context_targeted,strict,exact_with_invalid_item_fp,category,employer_affiliation,14,58,4348,0.19444444444444445,0.0032095369096744614,0.006314839873703203
0926-01-qwen-9b-full,Qwen/Qwen3.5-9B,full_context_targeted,strict,exact_with_invalid_item_fp,category,family_relation,1,2,2099,0.3333333333333333,0.0004761904761904762,0.0009510223490252021
0926-01-qwen-9b-full,Qwen/Qwen3.5-9B,full_context_targeted,strict,exact_with_invalid_item_fp,category,financial_capacity,28,42,9759,0.4,0.0028609379789516706,0.005681241757126915
0926-01-qwen-9b-full,Qwen/Qwen3.5-9B,full_context_targeted,strict,exact_with_invalid_item_fp,category,foreigner_reg_no,47,30,797,0.6103896103896104,0.05568720379146919,0.10206297502714441
0926-01-qwen-9b-full,Qwen/Qwen3.5-9B,full_context_targeted,strict,exact_with_invalid_item_fp,category,gender,15,35,3378,0.3,0.004420866489832007,0.008713331397037467
0926-01-qwen-9b-full,Qwen/Qwen3.5-9B,full_context_targeted,strict,exact_with_invalid_item_fp,category,investment_profile,1,6,3299,0.14285714285714285,0.00030303030303030303,0.0006047777441790142
0926-01-qwen-9b-full,Qwen/Qwen3.5-9B,full_context_targeted,strict,exact_with_invalid_item_fp,category,life_event,0,2,1593,0.0,0.0,0.0
0926-01-qwen-9b-full,Qwen/Qwen3.5-9B,full_context_targeted,strict,exact_with_invalid_item_fp,category,location_mention,4,15,2032,0.21052631578947367,0.0019646365422396855,0.0038929440389294406
0926-01-qwen-9b-full,Qwen/Qwen3.5-9B,full_context_targeted,strict,exact_with_invalid_item_fp,category,nationality,33,19,3287,0.6346153846153846,0.009939759036144578,0.019572953736654804
0926-01-qwen-9b-full,Qwen/Qwen3.5-9B,full_context_targeted,strict,exact_with_invalid_item_fp,category,online_handle,29,63,529,0.31521739130434784,0.05197132616487455,0.08923076923076922
0926-01-qwen-9b-full,Qwen/Qwen3.5-9B,full_context_targeted,strict,exact_with_invalid_item_fp,category,passport_no,21,2,539,0.9130434782608695,0.0375,0.07204116638078903
0926-01-qwen-9b-full,Qwen/Qwen3.5-9B,full_context_targeted,strict,exact_with_invalid_item_fp,category,person_name,1226,312,37911,0.7971391417425228,0.031325855328717074,0.06028272894898586
0926-01-qwen-9b-full,Qwen/Qwen3.5-9B,full_context_targeted,strict,exact_with_invalid_item_fp,category,phone_no,492,124,7774,0.7987012987012987,0.059520929107186066,0.11078585904075659
0926-01-qwen-9b-full,Qwen/Qwen3.5-9B,full_context_targeted,strict,exact_with_invalid_item_fp,category,public_record,0,5,796,0.0,0.0,0.0
0926-01-qwen-9b-full,Qwen/Qwen3.5-9B,full_context_targeted,strict,exact_with_invalid_item_fp,category,rrn,273,30,5732,0.900990099009901,0.04546211490424646,0.0865567533291059
0926-01-qwen-9b-full,Qwen/Qwen3.5-9B,full_context_targeted,strict,exact_with_invalid_item_fp,category,securities_account_no,44,6,3147,0.88,0.013788780946411783,0.027152113545202097
0926-01-qwen-9b-full,Qwen/Qwen3.5-9B,full_context_targeted,strict,exact_with_invalid_item_fp,category,sensitive_info,2,5,1988,0.2857142857142857,0.0010050251256281408,0.00200300450676014
0926-01-qwen-9b-full,Qwen/Qwen3.5-9B,full_context_targeted,strict,exact_with_invalid_item_fp,category,service_usage,3,4,3560,0.42857142857142855,0.0008419870895312938,0.0016806722689075631
0926-01-qwen-9b-full,Qwen/Qwen3.5-9B,full_context_targeted,strict,exact_with_invalid_item_fp,category,transaction_record,39,22,24819,0.639344262295082,0.001568911416847695,0.0031301416589750793
0926-01-qwen-9b-full,Qwen/Qwen3.5-9B,full_context_targeted,strict,exact_with_invalid_item_fp,tier_kind_tlevel,I/attribute/T0,30,91,16288,0.24793388429752067,0.0018384605956612329,0.0036498570472656487
0926-01-qwen-9b-full,Qwen/Qwen3.5-9B,full_context_targeted,strict,exact_with_invalid_item_fp,tier_kind_tlevel,I/attribute/T1,28,99,15598,0.2204724409448819,0.0017918853193395622,0.0035548784358534883
0926-01-qwen-9b-full,Qwen/Qwen3.5-9B,full_context_targeted,strict,exact_with_invalid_item_fp,tier_kind_tlevel,I/attribute/T2,17,66,15847,0.20481927710843373,0.0010716086737266768,0.002132062456888443
0926-01-qwen-9b-full,Qwen/Qwen3.5-9B,full_context_targeted,strict,exact_with_invalid_item_fp,tier_kind_tlevel,I/attribute/T3,26,136,16313,0.16049382716049382,0.0015912846563437175,0.0031513241621719894
0926-01-qwen-9b-full,Qwen/Qwen3.5-9B,full_context_targeted,strict,exact_with_invalid_item_fp,tier_kind_tlevel,L/attribute/T0,7,57,13988,0.109375,0.0005001786352268668,0.0009958033999573227
0926-01-qwen-9b-full,Qwen/Qwen3.5-9B,full_context_targeted,strict,exact_with_invalid_item_fp,tier_kind_tlevel,L/attribute/T1,21,95,13591,0.1810344827586207,0.001542756391419336,0.0030594405594405595
0926-01-qwen-9b-full,Qwen/Qwen3.5-9B,full_context_targeted,strict,exact_with_invalid_item_fp,tier_kind_tlevel,L/attribute/T2,45,126,13314,0.2631578947368421,0.0033685156074556477,0.0066518847006651885
0926-01-qwen-9b-full,Qwen/Qwen3.5-9B,full_context_targeted,strict,exact_with_invalid_item_fp,tier_kind_tlevel,L/attribute/T3,17,91,12523,0.1574074074074074,0.0013556618819776714,0.002688172043010753
0926-01-qwen-9b-full,Qwen/Qwen3.5-9B,full_context_targeted,strict,exact_with_invalid_item_fp,tier_kind_tlevel,L/identifier/T0,1349,191,26658,0.875974025974026,0.0481665297961224,0.09131214674924697
0926-01-qwen-9b-full,Qwen/Qwen3.5-9B,full_context_targeted,strict,exact_with_invalid_item_fp,tier_kind_tlevel,L/identifier/T1,726,503,27050,0.5907241659886087,0.026137672811059907,0.05006033442509912
0926-01-qwen-9b-full,Qwen/Qwen3.5-9B,full_context_targeted,strict,exact_with_invalid_item_fp,tier_kind_tlevel,L/identifier/T2,855,308,27286,0.7351676698194325,0.030382715610674817,0.05835380835380835
0926-01-qwen-9b-full,Qwen/Qwen3.5-9B,full_context_targeted,strict,exact_with_invalid_item_fp,tier_kind_tlevel,L/identifier/T3,546,285,16541,0.6570397111913358,0.031954117165096274,0.060944301819399485
0926-01-qwen-9b-full,Qwen/Qwen3.5-9B,full_context_targeted,strict,anchored_character_coverage,doc_type,bank_statement,5246,1474,1148534,0.7806547619047619,0.004546794016190262,0.009040930633347695
0926-01-qwen-9b-full,Qwen/Qwen3.5-9B,full_context_targeted,strict,anchored_character_coverage,doc_type,card_statement,9049,1505,785728,0.8574000379003222,0.011385583629118607,0.02247274723064181
0926-01-qwen-9b-full,Qwen/Qwen3.5-9B,full_context_targeted,strict,anchored_character_coverage,doc_type,complaint_case,5415,1318,712024,0.8042477350363879,0.0075476800118198205,0.01495501068806858
0926-01-qwen-9b-full,Qwen/Qwen3.5-9B,full_context_targeted,strict,anchored_character_coverage,doc_type,cs_transcript,3609,621,433656,0.8531914893617021,0.008253576206648142,0.016348996024870045
0926-01-qwen-9b-full,Qwen/Qwen3.5-9B,full_context_targeted,strict,anchored_character_coverage,doc_type,insurance_claim,4205,1289,637546,0.7653804149981799,0.0065523855825701865,0.012993534133133512
0926-01-qwen-9b-full,Qwen/Qwen3.5-9B,full_context_targeted,strict,anchored_character_coverage,doc_type,internal_memo,4391,1458,647550,0.7507266199350316,0.006735272056827228,0.013350765441858344
0926-01-qwen-9b-full,Qwen/Qwen3.5-9B,full_context_targeted,strict,anchored_character_coverage,doc_type,kyc_form,6908,2106,641305,0.7663634346571999,0.010656990834802758,0.02102165614011597
0926-01-qwen-9b-full,Qwen/Qwen3.5-9B,full_context_targeted,strict,anchored_character_coverage,doc_type,loan_contract,8282,4441,356864,0.650947103670518,0.022681338423534696,0.04383529741788821
0926-01-qwen-9b-full,Qwen/Qwen3.5-9B,full_context_targeted,strict,anchored_character_coverage,doc_type,phishing_report,4739,1811,656806,0.7235114503816794,0.007163533848793355,0.014186605198362508
0926-01-qwen-9b-full,Qwen/Qwen3.5-9B,full_context_targeted,strict,anchored_character_coverage,doc_type,securities_trade_report,4090,2109,805856,0.6597838361025972,0.005049719364006983,0.01002272880431786
0926-01-qwen-9b-full,Qwen/Qwen3.5-9B,full_context_targeted,strict,anchored_character_coverage,variation_level,T0,16112,5566,1732605,0.7432419964941416,0.009213612036710343,0.018201587781257855
0926-01-qwen-9b-full,Qwen/Qwen3.5-9B,full_context_targeted,strict,anchored_character_coverage,variation_level,T1,14176,4169,1789283,0.7727446170618697,0.007860450390055998,0.01556259619585861
0926-01-qwen-9b-full,Qwen/Qwen3.5-9B,full_context_targeted,strict,anchored_character_coverage,variation_level,T2,14400,4176,1792933,0.7751937984496124,0.00796754112274827,0.015772965684489205
0926-01-qwen-9b-full,Qwen/Qwen3.5-9B,full_context_targeted,strict,anchored_character_coverage,variation_level,T3,11246,4221,1511048,0.7270963987845089,0.007387534865144315,0.014626460158633234
0926-01-qwen-9b-full,Qwen/Qwen3.5-9B,full_context_targeted,strict,anchored_character_coverage,context_len_bucket,16k,29066,10023,4505031,0.7435851518329964,0.006410537754265072,0.012711488227244638
0926-01-qwen-9b-full,Qwen/Qwen3.5-9B,full_context_targeted,strict,anchored_character_coverage,context_len_bucket,1k,7553,2113,548975,0.7813987171529071,0.013571644194002818,0.02667990123526565
0926-01-qwen-9b-full,Qwen/Qwen3.5-9B,full_context_targeted,strict,anchored_character_coverage,context_len_bucket,4k,19315,5996,1771863,0.7631069495476275,0.010783406227633435,0.02126629998860439
0926-01-qwen-9b-full,Qwen/Qwen3.5-9B,full_context_targeted,strict,anchored_character_coverage,num_subjects,1,13816,5346,1831294,0.7210103329506314,0.0074879004503796524,0.014821871486564192
0926-01-qwen-9b-full,Qwen/Qwen3.5-9B,full_context_targeted,strict,anchored_character_coverage,num_subjects,3,19739,7045,2334041,0.7369698327359617,0.008386085360568956,0.016583465094826267
0926-01-qwen-9b-full,Qwen/Qwen3.5-9B,full_context_targeted,strict,anchored_character_coverage,num_subjects,8,22379,5741,2660534,0.7958392603129445,0.00834130663200782,0.01650957402584181
0926-01-qwen-9b-full,Qwen/Qwen3.5-9B,full_context_targeted,strict,anchored_character_coverage,generator_model,gpt-6-astra,21467,7076,3261265,0.7520933328662018,0.006539370256237792,0.012966002521687265
0926-01-qwen-9b-full,Qwen/Qwen3.5-9B,full_context_targeted,strict,anchored_character_coverage,generator_model,zai-org/GLM-5.2-FP8,34467,11056,3564604,0.7571337565626167,0.009576637971298705,0.0189140409055165
0926-01-qwen-9b-full,Qwen/Qwen3.5-9B,full_context_targeted,strict,anchored_character_coverage,category,access_credential,556,611,12532,0.47643530419880037,0.04248166259168704,0.07800771659066993
0926-01-qwen-9b-full,Qwen/Qwen3.5-9B,full_context_targeted,strict,anchored_character_coverage,category,address,3802,632,66020,0.8574650428506991,0.05445275128183094,0.10240249946132299
0926-01-qwen-9b-full,Qwen/Qwen3.5-9B,full_context_targeted,strict,anchored_character_coverage,category,bank_account_no,5858,360,267208,0.9421035702798327,0.021452689093479232,0.04195012961716389
0926-01-qwen-9b-full,Qwen/Qwen3.5-9B,full_context_targeted,strict,anchored_character_coverage,category,business_reg_no,458,1278,7259,0.2638248847926267,0.05934948814306078,0.09690045488204803
0926-01-qwen-9b-full,Qwen/Qwen3.5-9B,full_context_targeted,strict,anchored_character_coverage,category,card_no,1798,157,60714,0.919693094629156,0.028762477604299973,0.05578047683310841
0926-01-qwen-9b-full,Qwen/Qwen3.5-9B,full_context_targeted,strict,anchored_character_coverage,category,consultation_content,3199,6073,2336213,0.3450172562553926,0.00136743762962659,0.0027240786755476686
0926-01-qwen-9b-full,Qwen/Qwen3.5-9B,full_context_targeted,strict,anchored_character_coverage,category,contract_no,1262,226,58009,0.8481182795698925,0.021292031516255843,0.04154117085534653
0926-01-qwen-9b-full,Qwen/Qwen3.5-9B,full_context_targeted,strict,anchored_character_coverage,category,corp_reg_no,45,0,2769,1.0,0.015991471215351813,0.03147953830010493
0926-01-qwen-9b-full,Qwen/Qwen3.5-9B,full_context_targeted,strict,anchored_character_coverage,category,credit_score,523,69,70760,0.8834459459459459,0.00733695270962221,0.01455304347826087
0926-01-qwen-9b-full,Qwen/Qwen3.5-9B,full_context_targeted,strict,anchored_character_coverage,category,credit_transaction,1683,2170,541749,0.4368024915650143,0.0030969836152453297,0.006150360415505632
0926-01-qwen-9b-full,Qwen/Qwen3.5-9B,full_context_targeted,strict,anchored_character_coverage,category,customer_id,3428,2110,61855,0.6189960274467317,0.05250984176585022,0.09680744411968202
0926-01-qwen-9b-full,Qwen/Qwen3.5-9B,full_context_targeted,strict,anchored_character_coverage,category,delinquency_info,58,79,88776,0.4233576642335766,0.0006529031677060585,0.001303795618797136
0926-01-qwen-9b-full,Qwen/Qwen3.5-9B,full_context_targeted,strict,anchored_character_coverage,category,device_network,296,46,58585,0.8654970760233918,0.005027088534501792,0.00999611637370616
0926-01-qwen-9b-full,Qwen/Qwen3.5-9B,full_context_targeted,strict,anchored_character_coverage,category,dob_age,1279,355,86180,0.7827417380660955,0.014623995243485519,0.028711571054965038
0926-01-qwen-9b-full,Qwen/Qwen3.5-9B,full_context_targeted,strict,anchored_character_coverage,category,driver_license_no,571,38,7456,0.9376026272577996,0.07113491964619409,0.13223714682723484
0926-01-qwen-9b-full,Qwen/Qwen3.5-9B,full_context_targeted,strict,anchored_character_coverage,category,education,0,0,16123,0.0,0.0,0.0
0926-01-qwen-9b-full,Qwen/Qwen3.5-9B,full_context_targeted,strict,anchored_character_coverage,category,email,6683,70,57751,0.9896342366355694,0.10371853369339169,0.18775900094118309
0926-01-qwen-9b-full,Qwen/Qwen3.5-9B,full_context_targeted,strict,anchored_character_coverage,category,employer_affiliation,464,141,70993,0.7669421487603306,0.006493415620583008,0.012877799672504232
0926-01-qwen-9b-full,Qwen/Qwen3.5-9B,full_context_targeted,strict,anchored_character_coverage,category,family_relation,54,2,49544,0.9642857142857143,0.0010887535787733377,0.002175051355379224
0926-01-qwen-9b-full,Qwen/Qwen3.5-9B,full_context_targeted,strict,anchored_character_coverage,category,financial_capacity,900,144,255280,0.8620689655172413,0.0035131548130220938,0.00699779180791839
0926-01-qwen-9b-full,Qwen/Qwen3.5-9B,full_context_targeted,strict,anchored_character_coverage,category,foreigner_reg_no,758,349,11442,0.6847335140018067,0.06213114754098361,0.11392500187871045
0926-01-qwen-9b-full,Qwen/Qwen3.5-9B,full_context_targeted,strict,anchored_character_coverage,category,gender,148,14,23605,0.9135802469135802,0.00623079189997053,0.012377169140706669
0926-01-qwen-9b-full,Qwen/Qwen3.5-9B,full_context_targeted,strict,anchored_character_coverage,category,investment_profile,125,15,138203,0.8928571428571429,0.0009036492973223064,0.0018054713002282115
0926-01-qwen-9b-full,Qwen/Qwen3.5-9B,full_context_targeted,strict,anchored_character_coverage,category,life_event,41,0,57433,1.0,0.0007133660437763162,0.0014257150308615144
0926-01-qwen-9b-full,Qwen/Qwen3.5-9B,full_context_targeted,strict,anchored_character_coverage,category,location_mention,150,49,40086,0.7537688442211056,0.003728004771846108,0.0074193149499196245
0926-01-qwen-9b-full,Qwen/Qwen3.5-9B,full_context_targeted,strict,anchored_character_coverage,category,nationality,306,18,30241,0.9444444444444444,0.010017350312632992,0.019824430695474717
0926-01-qwen-9b-full,Qwen/Qwen3.5-9B,full_context_targeted,strict,anchored_character_coverage,category,online_handle,446,627,5166,0.41565703634669154,0.07947255880256593,0.13343305908750935
0926-01-qwen-9b-full,Qwen/Qwen3.5-9B,full_context_targeted,strict,anchored_character_coverage,category,passport_no,216,8,5064,0.9642857142857143,0.04090909090909091,0.07848837209302326
0926-01-qwen-9b-full,Qwen/Qwen3.5-9B,full_context_targeted,strict,anchored_character_coverage,category,person_name,5794,864,160567,0.8702313006908982,0.03482787432150564,0.06697530329039007
0926-01-qwen-9b-full,Qwen/Qwen3.5-9B,full_context_targeted,strict,anchored_character_coverage,category,phone_no,7244,1011,106507,0.8775287704421563,0.06368295663334828,0.11874825828237956
0926-01-qwen-9b-full,Qwen/Qwen3.5-9B,full_context_targeted,strict,anchored_character_coverage,category,public_record,12,74,37169,0.13953488372093023,0.0003227454882870283,0.0006440013953363566
0926-01-qwen-9b-full,Qwen/Qwen3.5-9B,full_context_targeted,strict,anchored_character_coverage,category,rrn,4116,217,82757,0.9499192245557351,0.047379508017450764,0.09025721991974212
0926-01-qwen-9b-full,Qwen/Qwen3.5-9B,full_context_targeted,strict,anchored_character_coverage,category,securities_account_no,522,60,35526,0.8969072164948454,0.01448069241011984,0.0285012285012285
0926-01-qwen-9b-full,Qwen/Qwen3.5-9B,full_context_targeted,strict,anchored_character_coverage,category,sensitive_info,174,32,129444,0.8446601941747572,0.0013424061472943572,0.002680552132117328
0926-01-qwen-9b-full,Qwen/Qwen3.5-9B,full_context_targeted,strict,anchored_character_coverage,category,service_usage,202,8,170678,0.9619047619047619,0.0011821161048689139,0.0023613302939973113
0926-01-qwen-9b-full,Qwen/Qwen3.5-9B,full_context_targeted,strict,anchored_character_coverage,category,transaction_record,2763,225,1616205,0.9246987951807228,0.0017066427501964214,0.0034069974771202176
0926-01-qwen-9b-full,Qwen/Qwen3.5-9B,full_context_targeted,strict,anchored_character_coverage,tier_kind_tlevel,I/attribute/T0,1100,3109,771317,0.2613447374673319,0.0014241012302939992,0.0028327663508561393
0926-01-qwen-9b-full,Qwen/Qwen3.5-9B,full_context_targeted,strict,anchored_character_coverage,tier_kind_tlevel,I/attribute/T1,1327,1052,771037,0.5577973938629677,0.0017181018276356743,0.0034256521194770393
0926-01-qwen-9b-full,Qwen/Qwen3.5-9B,full_context_targeted,strict,anchored_character_coverage,tier_kind_tlevel,I/attribute/T2,1096,1321,788703,0.4534546959040132,0.0013876948438779992,0.0027669221525442557
0926-01-qwen-9b-full,Qwen/Qwen3.5-9B,full_context_targeted,strict,anchored_character_coverage,tier_kind_tlevel,I/attribute/T3,2741,1239,746827,0.6886934673366835,0.003656772967896175,0.007274918120677117
0926-01-qwen-9b-full,Qwen/Qwen3.5-9B,full_context_targeted,strict,anchored_character_coverage,tier_kind_tlevel,L/attribute/T0,448,458,705380,0.49448123620309054,0.0006347155397632285,0.0012678037281353381
0926-01-qwen-9b-full,Qwen/Qwen3.5-9B,full_context_targeted,strict,anchored_character_coverage,tier_kind_tlevel,L/attribute/T1,1349,712,725697,0.6545366327025716,0.0018554534376091746,0.0037004170855580868
0926-01-qwen-9b-full,Qwen/Qwen3.5-9B,full_context_targeted,strict,anchored_character_coverage,tier_kind_tlevel,L/attribute/T2,2410,897,711330,0.7287571817357121,0.003376579706896069,0.006722014038131391
0926-01-qwen-9b-full,Qwen/Qwen3.5-9B,full_context_targeted,strict,anchored_character_coverage,tier_kind_tlevel,L/attribute/T3,1906,726,596976,0.7241641337386018,0.003182596905567374,0.006337342106750633
0926-01-qwen-9b-full,Qwen/Qwen3.5-9B,full_context_targeted,strict,anchored_character_coverage,tier_kind_tlevel,L/identifier/T0,14564,1999,255908,0.8793093038700719,0.053846608891123665,0.10147891372132319
0926-01-qwen-9b-full,Qwen/Qwen3.5-9B,full_context_targeted,strict,anchored_character_coverage,tier_kind_tlevel,L/identifier/T1,11500,2405,292549,0.8270406328658756,0.037822850922055326,0.07233750794140033
0926-01-qwen-9b-full,Qwen/Qwen3.5-9B,full_context_targeted,strict,anchored_character_coverage,tier_kind_tlevel,L/identifier/T2,10894,1958,292900,0.847650171179583,0.03585982606634759,0.0688087011994467
0926-01-qwen-9b-full,Qwen/Qwen3.5-9B,full_context_targeted,strict,anchored_character_coverage,tier_kind_tlevel,L/identifier/T3,6599,2256,167245,0.7452286843591192,0.037959319849980445,0.07223903798050345
0926-01-qwen-9b-full,Qwen/Qwen3.5-9B,full_context_targeted,itemwise,exact_with_invalid_item_fp,doc_type,bank_statement,2065,10011,24098,0.17100033123550845,0.07892825746282918,0.1080049164465598
0926-01-qwen-9b-full,Qwen/Qwen3.5-9B,full_context_targeted,itemwise,exact_with_invalid_item_fp,doc_type,card_statement,2263,11250,20887,0.16746836379782432,0.0977537796976242,0.12344870850721436
0926-01-qwen-9b-full,Qwen/Qwen3.5-9B,full_context_targeted,itemwise,exact_with_invalid_item_fp,doc_type,complaint_case,1998,9428,17707,0.17486434447750743,0.10139558487693479,0.12836079791847355
0926-01-qwen-9b-full,Qwen/Qwen3.5-9B,full_context_targeted,itemwise,exact_with_invalid_item_fp,doc_type,cs_transcript,1804,9220,16504,0.16364296081277213,0.09853615905615032,0.12300559116323469
0926-01-qwen-9b-full,Qwen/Qwen3.5-9B,full_context_targeted,itemwise,exact_with_invalid_item_fp,doc_type,insurance_claim,2099,10603,16395,0.16524956699732327,0.11349626906023576,0.1345685344274907
0926-01-qwen-9b-full,Qwen/Qwen3.5-9B,full_context_targeted,itemwise,exact_with_invalid_item_fp,doc_type,internal_memo,2175,11051,21842,0.16444881294420083,0.09056085272931673,0.11680047257202696
0926-01-qwen-9b-full,Qwen/Qwen3.5-9B,full_context_targeted,itemwise,exact_with_invalid_item_fp,doc_type,kyc_form,2979,12986,22023,0.18659567804572502,0.119150467962563,0.1454341299094393
0926-01-qwen-9b-full,Qwen/Qwen3.5-9B,full_context_targeted,itemwise,exact_with_invalid_item_fp,doc_type,loan_contract,2573,8510,15379,0.23215735811603355,0.14332664884135474,0.1772343723092819
0926-01-qwen-9b-full,Qwen/Qwen3.5-9B,full_context_targeted,itemwise,exact_with_invalid_item_fp,doc_type,phishing_report,2568,9800,20090,0.2076326002587322,0.11333745255538882,0.14663392908125392
0926-01-qwen-9b-full,Qwen/Qwen3.5-9B,full_context_targeted,itemwise,exact_with_invalid_item_fp,doc_type,securities_trade_report,1841,10147,21374,0.15357023690357025,0.07930217531768254,0.10459335852058063
0926-01-qwen-9b-full,Qwen/Qwen3.5-9B,full_context_targeted,itemwise,exact_with_invalid_item_fp,variation_level,T0,9395,30893,48925,0.23319598888006354,0.16109396433470508,0.1905524906701282
0926-01-qwen-9b-full,Qwen/Qwen3.5-9B,full_context_targeted,itemwise,exact_with_invalid_item_fp,variation_level,T1,5000,26811,52014,0.15717833453836724,0.08769775844529414,0.11258091753447791
0926-01-qwen-9b-full,Qwen/Qwen3.5-9B,full_context_targeted,itemwise,exact_with_invalid_item_fp,variation_level,T2,4728,24195,52636,0.16346851986308475,0.08242103061153337,0.10958777104314671
0926-01-qwen-9b-full,Qwen/Qwen3.5-9B,full_context_targeted,itemwise,exact_with_invalid_item_fp,variation_level,T3,3242,21107,42724,0.13314715183375087,0.07053039202889091,0.09221361018274905
0926-01-qwen-9b-full,Qwen/Qwen3.5-9B,full_context_targeted,itemwise,exact_with_invalid_item_fp,context_len_bucket,16k,11476,70985,116070,0.1391688191993791,0.08997538143101312,0.10929159504207002
0926-01-qwen-9b-full,Qwen/Qwen3.5-9B,full_context_targeted,itemwise,exact_with_invalid_item_fp,context_len_bucket,1k,4104,9094,22541,0.31095620548567965,0.15402514543066242,0.20600858369098712
0926-01-qwen-9b-full,Qwen/Qwen3.5-9B,full_context_targeted,itemwise,exact_with_invalid_item_fp,context_len_bucket,4k,6785,22927,57688,0.22835891222401722,0.10523785150373025,0.14407814407814407
0926-01-qwen-9b-full,Qwen/Qwen3.5-9B,full_context_targeted,itemwise,exact_with_invalid_item_fp,num_subjects,1,4105,29009,38153,0.12396569426828531,0.09714136968148043,0.1089263917635196
0926-01-qwen-9b-full,Qwen/Qwen3.5-9B,full_context_targeted,itemwise,exact_with_invalid_item_fp,num_subjects,3,7844,34866,65465,0.1836572231327558,0.1069991406239343,0.13521923133279895
0926-01-qwen-9b-full,Qwen/Qwen3.5-9B,full_context_targeted,itemwise,exact_with_invalid_item_fp,num_subjects,8,10416,39131,92681,0.21022463519486548,0.10103106782932578,0.1364744110479285
0926-01-qwen-9b-full,Qwen/Qwen3.5-9B,full_context_targeted,itemwise,exact_with_invalid_item_fp,generator_model,gpt-6-astra,7400,31350,70851,0.19096774193548388,0.09456748156573079,0.1264946453449116
0926-01-qwen-9b-full,Qwen/Qwen3.5-9B,full_context_targeted,itemwise,exact_with_invalid_item_fp,generator_model,zai-org/GLM-5.2-FP8,14965,71656,125448,0.17276411031966843,0.10657845071325305,0.1318304747306571
0926-01-qwen-9b-full,Qwen/Qwen3.5-9B,full_context_targeted,itemwise,exact_with_invalid_item_fp,category,__unassigned_invalid_item__,0,4994,0,0.0,0.0,0.0
0926-01-qwen-9b-full,Qwen/Qwen3.5-9B,full_context_targeted,itemwise,exact_with_invalid_item_fp,category,access_credential,438,2452,1495,0.15155709342560553,0.22659079151577857,0.18162969106365331
0926-01-qwen-9b-full,Qwen/Qwen3.5-9B,full_context_targeted,itemwise,exact_with_invalid_item_fp,category,address,882,4125,2358,0.17615338526063512,0.2722222222222222,0.21389596216806112
0926-01-qwen-9b-full,Qwen/Qwen3.5-9B,full_context_targeted,itemwise,exact_with_invalid_item_fp,category,bank_account_no,2770,6798,14635,0.2895066889632107,0.1591496696351623,0.20539057576094613
0926-01-qwen-9b-full,Qwen/Qwen3.5-9B,full_context_targeted,itemwise,exact_with_invalid_item_fp,category,business_reg_no,159,1382,453,0.10317975340687865,0.25980392156862747,0.14770088248954946
0926-01-qwen-9b-full,Qwen/Qwen3.5-9B,full_context_targeted,itemwise,exact_with_invalid_item_fp,category,card_no,713,1983,2571,0.26446587537091987,0.2171132764920828,0.23846153846153847
0926-01-qwen-9b-full,Qwen/Qwen3.5-9B,full_context_targeted,itemwise,exact_with_invalid_item_fp,category,consultation_content,96,1615,33774,0.056107539450613676,0.00283436669619132,0.005396138388465754
0926-01-qwen-9b-full,Qwen/Qwen3.5-9B,full_context_targeted,itemwise,exact_with_invalid_item_fp,category,contract_no,621,1656,4535,0.2727272727272727,0.12044220325833979,0.16709269473967442
0926-01-qwen-9b-full,Qwen/Qwen3.5-9B,full_context_targeted,itemwise,exact_with_invalid_item_fp,category,corp_reg_no,39,77,156,0.33620689655172414,0.2,0.2508038585209003
0926-01-qwen-9b-full,Qwen/Qwen3.5-9B,full_context_targeted,itemwise,exact_with_invalid_item_fp,category,credit_score,67,2036,2492,0.03185924869234427,0.02618210238374365,0.028743028743028743
0926-01-qwen-9b-full,Qwen/Qwen3.5-9B,full_context_targeted,itemwise,exact_with_invalid_item_fp,category,credit_transaction,63,10503,11210,0.00596252129471891,0.005588574469972501,0.005769494940244517
0926-01-qwen-9b-full,Qwen/Qwen3.5-9B,full_context_targeted,itemwise,exact_with_invalid_item_fp,category,customer_id,2131,7046,4812,0.2322109621880789,0.3069278409909261,0.2643920595533499
0926-01-qwen-9b-full,Qwen/Qwen3.5-9B,full_context_targeted,itemwise,exact_with_invalid_item_fp,category,delinquency_info,15,292,2228,0.048859934853420196,0.006687472135532769,0.011764705882352941
0926-01-qwen-9b-full,Qwen/Qwen3.5-9B,full_context_targeted,itemwise,exact_with_invalid_item_fp,category,device_network,4,180,1616,0.021739130434782608,0.0024691358024691358,0.004434589800443459
0926-01-qwen-9b-full,Qwen/Qwen3.5-9B,full_context_targeted,itemwise,exact_with_invalid_item_fp,category,dob_age,93,11857,4290,0.007782426778242678,0.021218343600273786,0.011387987509949182
0926-01-qwen-9b-full,Qwen/Qwen3.5-9B,full_context_targeted,itemwise,exact_with_invalid_item_fp,category,driver_license_no,162,494,354,0.24695121951219512,0.313953488372093,0.2764505119453925
0926-01-qwen-9b-full,Qwen/Qwen3.5-9B,full_context_targeted,itemwise,exact_with_invalid_item_fp,category,education,6,134,601,0.04285714285714286,0.009884678747940691,0.01606425702811245
0926-01-qwen-9b-full,Qwen/Qwen3.5-9B,full_context_targeted,itemwise,exact_with_invalid_item_fp,category,email,818,3782,2348,0.17782608695652175,0.25837018319646243,0.21066185938707185
0926-01-qwen-9b-full,Qwen/Qwen3.5-9B,full_context_targeted,itemwise,exact_with_invalid_item_fp,category,employer_affiliation,54,1156,4308,0.04462809917355372,0.012379642365887207,0.019382627422828428
0926-01-qwen-9b-full,Qwen/Qwen3.5-9B,full_context_targeted,itemwise,exact_with_invalid_item_fp,category,family_relation,5,102,2095,0.04672897196261682,0.002380952380952381,0.004531037607612143
0926-01-qwen-9b-full,Qwen/Qwen3.5-9B,full_context_targeted,itemwise,exact_with_invalid_item_fp,category,financial_capacity,88,1341,9699,0.0615815255423373,0.008991519362419535,0.015691868758915834
0926-01-qwen-9b-full,Qwen/Qwen3.5-9B,full_context_targeted,itemwise,exact_with_invalid_item_fp,category,foreigner_reg_no,208,947,636,0.1800865800865801,0.24644549763033174,0.208104052026013
0926-01-qwen-9b-full,Qwen/Qwen3.5-9B,full_context_targeted,itemwise,exact_with_invalid_item_fp,category,gender,95,1751,3298,0.051462621885157094,0.027998821102269377,0.03626646306547051
0926-01-qwen-9b-full,Qwen/Qwen3.5-9B,full_context_targeted,itemwise,exact_with_invalid_item_fp,category,investment_profile,11,362,3289,0.029490616621983913,0.0033333333333333335,0.005989654233596515
0926-01-qwen-9b-full,Qwen/Qwen3.5-9B,full_context_targeted,itemwise,exact_with_invalid_item_fp,category,life_event,4,206,1589,0.01904761904761905,0.0025109855618330196,0.004437049362174155
0926-01-qwen-9b-full,Qwen/Qwen3.5-9B,full_context_targeted,itemwise,exact_with_invalid_item_fp,category,location_mention,16,381,2020,0.04030226700251889,0.007858546168958742,0.013152486642005754
0926-01-qwen-9b-full,Qwen/Qwen3.5-9B,full_context_targeted,itemwise,exact_with_invalid_item_fp,category,nationality,282,1209,3038,0.1891348088531187,0.08493975903614458,0.11723134483475368
0926-01-qwen-9b-full,Qwen/Qwen3.5-9B,full_context_targeted,itemwise,exact_with_invalid_item_fp,category,online_handle,148,1054,410,0.12312811980033278,0.26523297491039427,0.16818181818181818
0926-01-qwen-9b-full,Qwen/Qwen3.5-9B,full_context_targeted,itemwise,exact_with_invalid_item_fp,category,passport_no,134,279,426,0.324455205811138,0.2392857142857143,0.27543679342240496
0926-01-qwen-9b-full,Qwen/Qwen3.5-9B,full_context_targeted,itemwise,exact_with_invalid_item_fp,category,person_name,7139,17273,31998,0.29243814517450434,0.18241050668165673,0.2246770208815245
0926-01-qwen-9b-full,Qwen/Qwen3.5-9B,full_context_targeted,itemwise,exact_with_invalid_item_fp,category,phone_no,2846,8285,5420,0.25568232863174917,0.34430195983547063,0.2934474403258236
0926-01-qwen-9b-full,Qwen/Qwen3.5-9B,full_context_targeted,itemwise,exact_with_invalid_item_fp,category,public_record,0,126,796,0.0,0.0,0.0
0926-01-qwen-9b-full,Qwen/Qwen3.5-9B,full_context_targeted,itemwise,exact_with_invalid_item_fp,category,rrn,1755,3214,4250,0.3531897766150131,0.2922564529558701,0.31984691088026246
0926-01-qwen-9b-full,Qwen/Qwen3.5-9B,full_context_targeted,itemwise,exact_with_invalid_item_fp,category,securities_account_no,267,575,2924,0.3171021377672209,0.08367282983390786,0.13240763699479297
0926-01-qwen-9b-full,Qwen/Qwen3.5-9B,full_context_targeted,itemwise,exact_with_invalid_item_fp,category,sensitive_info,5,140,1985,0.034482758620689655,0.002512562814070352,0.00468384074941452
0926-01-qwen-9b-full,Qwen/Qwen3.5-9B,full_context_targeted,itemwise,exact_with_invalid_item_fp,category,service_usage,11,138,3552,0.0738255033557047,0.0030872859949480774,0.005926724137931034
0926-01-qwen-9b-full,Qwen/Qwen3.5-9B,full_context_targeted,itemwise,exact_with_invalid_item_fp,category,transaction_record,220,3061,24638,0.06705272782688204,0.008850269530935715,0.01563666086214862
0926-01-qwen-9b-full,Qwen/Qwen3.5-9B,full_context_targeted,itemwise,exact_with_invalid_item_fp,tier_kind_tlevel,I/attribute/T0,210,4997,16108,0.04033032456308815,0.012869224169628631,0.01951219512195122
0926-01-qwen-9b-full,Qwen/Qwen3.5-9B,full_context_targeted,itemwise,exact_with_invalid_item_fp,tier_kind_tlevel,I/attribute/T1,176,4252,15450,0.03974706413730804,0.011263279150134392,0.017552607958512018
0926-01-qwen-9b-full,Qwen/Qwen3.5-9B,full_context_targeted,itemwise,exact_with_invalid_item_fp,tier_kind_tlevel,I/attribute/T2,111,4262,15753,0.02538303224331123,0.00699697428139183,0.010970005435588279
0926-01-qwen-9b-full,Qwen/Qwen3.5-9B,full_context_targeted,itemwise,exact_with_invalid_item_fp,tier_kind_tlevel,I/attribute/T3,180,5580,16159,0.03125,0.011016586082379582,0.016290329879180054
0926-01-qwen-9b-full,Qwen/Qwen3.5-9B,full_context_targeted,itemwise,exact_with_invalid_item_fp,tier_kind_tlevel,L/attribute/T0,110,4961,13885,0.021691973969631236,0.007859949982136478,0.011538864995279556
0926-01-qwen-9b-full,Qwen/Qwen3.5-9B,full_context_targeted,itemwise,exact_with_invalid_item_fp,tier_kind_tlevel,L/attribute/T1,152,4253,13460,0.034506242905788874,0.011166617690273288,0.016872953321862685
0926-01-qwen-9b-full,Qwen/Qwen3.5-9B,full_context_targeted,itemwise,exact_with_invalid_item_fp,tier_kind_tlevel,L/attribute/T2,108,4266,13251,0.024691358024691357,0.008084437457893555,0.012180680087971579
0926-01-qwen-9b-full,Qwen/Qwen3.5-9B,full_context_targeted,itemwise,exact_with_invalid_item_fp,tier_kind_tlevel,L/attribute/T3,88,4019,12452,0.021426832237643047,0.007017543859649123,0.010572475521114916
0926-01-qwen-9b-full,Qwen/Qwen3.5-9B,full_context_targeted,itemwise,exact_with_invalid_item_fp,tier_kind_tlevel,L/identifier/T0,9075,19584,18932,0.31665445409818904,0.3240261363230621,0.3202978858574807
0926-01-qwen-9b-full,Qwen/Qwen3.5-9B,full_context_targeted,itemwise,exact_with_invalid_item_fp,tier_kind_tlevel,L/identifier/T1,4672,16989,23104,0.21568717972392779,0.16820276497695852,0.1890082327002043
0926-01-qwen-9b-full,Qwen/Qwen3.5-9B,full_context_targeted,itemwise,exact_with_invalid_item_fp,tier_kind_tlevel,L/identifier/T2,4509,14505,23632,0.23714105396023982,0.1602288475889272,0.19124164987806172
0926-01-qwen-9b-full,Qwen/Qwen3.5-9B,full_context_targeted,itemwise,exact_with_invalid_item_fp,tier_kind_tlevel,L/identifier/T3,2974,10344,14113,0.22330680282324675,0.17405044770878444,0.19562571945403717
0926-01-qwen-9b-full,Qwen/Qwen3.5-9B,full_context_targeted,itemwise,exact_with_invalid_item_fp,tier_kind_tlevel,unassigned/invalid_item/T0,0,1351,0,0.0,0.0,0.0
0926-01-qwen-9b-full,Qwen/Qwen3.5-9B,full_context_targeted,itemwise,exact_with_invalid_item_fp,tier_kind_tlevel,unassigned/invalid_item/T1,0,1317,0,0.0,0.0,0.0
0926-01-qwen-9b-full,Qwen/Qwen3.5-9B,full_context_targeted,itemwise,exact_with_invalid_item_fp,tier_kind_tlevel,unassigned/invalid_item/T2,0,1162,0,0.0,0.0,0.0
0926-01-qwen-9b-full,Qwen/Qwen3.5-9B,full_context_targeted,itemwise,exact_with_invalid_item_fp,tier_kind_tlevel,unassigned/invalid_item/T3,0,1164,0,0.0,0.0,0.0
0926-01-qwen-9b-full,Qwen/Qwen3.5-9B,full_context_targeted,itemwise,anchored_character_coverage,doc_type,bank_statement,29245,11087,1124535,0.7251066150947139,0.02534711990154102,0.04898200503805338
0926-01-qwen-9b-full,Qwen/Qwen3.5-9B,full_context_targeted,itemwise,anchored_character_coverage,doc_type,card_statement,43348,11490,751429,0.7904737590721762,0.05454108510940805,0.10204151292055813
0926-01-qwen-9b-full,Qwen/Qwen3.5-9B,full_context_targeted,itemwise,anchored_character_coverage,doc_type,complaint_case,28719,7997,688720,0.7821930493517812,0.040029884073767945,0.07616206217554747
0926-01-qwen-9b-full,Qwen/Qwen3.5-9B,full_context_targeted,itemwise,anchored_character_coverage,doc_type,cs_transcript,26965,6868,410300,0.7970029261372034,0.061667409923044376,0.11447724252703259
0926-01-qwen-9b-full,Qwen/Qwen3.5-9B,full_context_targeted,itemwise,anchored_character_coverage,doc_type,insurance_claim,25520,9353,616231,0.7317982393255528,0.03976620215628803,0.07543332781574405
0926-01-qwen-9b-full,Qwen/Qwen3.5-9B,full_context_targeted,itemwise,anchored_character_coverage,doc_type,internal_memo,29074,11145,622867,0.7228921653944653,0.04459606007292071,0.08400947757743875
0926-01-qwen-9b-full,Qwen/Qwen3.5-9B,full_context_targeted,itemwise,anchored_character_coverage,doc_type,kyc_form,48803,11404,599410,0.8105868088428256,0.07528852398825694,0.1377798481127015
0926-01-qwen-9b-full,Qwen/Qwen3.5-9B,full_context_targeted,itemwise,anchored_character_coverage,doc_type,loan_contract,37893,12585,327253,0.7506834660644242,0.10377492838481046,0.18234269435836237
0926-01-qwen-9b-full,Qwen/Qwen3.5-9B,full_context_targeted,itemwise,anchored_character_coverage,doc_type,phishing_report,34861,9250,626684,0.7903017387953118,0.05269633962920134,0.09880451664833857
0926-01-qwen-9b-full,Qwen/Qwen3.5-9B,full_context_targeted,itemwise,anchored_character_coverage,doc_type,securities_trade_report,30939,13118,779007,0.7022493587852101,0.03819884288582202,0.0724564199423187
0926-01-qwen-9b-full,Qwen/Qwen3.5-9B,full_context_targeted,itemwise,anchored_character_coverage,variation_level,T0,113826,26834,1634891,0.8092279254940993,0.0650911496828818,0.12049051089327328
0926-01-qwen-9b-full,Qwen/Qwen3.5-9B,full_context_targeted,itemwise,anchored_character_coverage,variation_level,T1,89497,24922,1713962,0.7821865249652593,0.049625192477344926,0.09332918986504876
0926-01-qwen-9b-full,Qwen/Qwen3.5-9B,full_context_targeted,itemwise,anchored_character_coverage,variation_level,T2,76086,27263,1731247,0.7362045109289882,0.042098495407321176,0.07964276630020066
0926-01-qwen-9b-full,Qwen/Qwen3.5-9B,full_context_targeted,itemwise,anchored_character_coverage,variation_level,T3,55958,25278,1466336,0.6888325372987345,0.036758996619575456,0.06979351805080042
0926-01-qwen-9b-full,Qwen/Qwen3.5-9B,full_context_targeted,itemwise,anchored_character_coverage,context_len_bucket,16k,173673,63395,4360424,0.7325872745372636,0.03830376809318371,0.07280108736545476
0926-01-qwen-9b-full,Qwen/Qwen3.5-9B,full_context_targeted,itemwise,anchored_character_coverage,context_len_bucket,1k,57916,12423,498612,0.8233838979797836,0.10406664175028031,0.18477922749163697
0926-01-qwen-9b-full,Qwen/Qwen3.5-9B,full_context_targeted,itemwise,anchored_character_coverage,context_len_bucket,4k,103778,28479,1687400,0.7846692424597563,0.05793840701482488,0.10790902733910945
0926-01-qwen-9b-full,Qwen/Qwen3.5-9B,full_context_targeted,itemwise,anchored_character_coverage,num_subjects,1,67945,26590,1777165,0.7187285132490612,0.0368243627751191,0.07005921186608889
0926-01-qwen-9b-full,Qwen/Qwen3.5-9B,full_context_targeted,itemwise,anchored_character_coverage,num_subjects,3,115938,38436,2237842,0.7510202495238836,0.04925609020384233,0.09244886876962101
0926-01-qwen-9b-full,Qwen/Qwen3.5-9B,full_context_targeted,itemwise,anchored_character_coverage,num_subjects,8,151484,39271,2531429,0.794128594270137,0.05646250922038844,0.10542901963622799
0926-01-qwen-9b-full,Qwen/Qwen3.5-9B,full_context_targeted,itemwise,anchored_character_coverage,generator_model,gpt-6-astra,111000,37050,3171732,0.7497467071935157,0.03381329941036917,0.06470827933689753
0926-01-qwen-9b-full,Qwen/Qwen3.5-9B,full_context_targeted,itemwise,anchored_character_coverage,generator_model,zai-org/GLM-5.2-FP8,224367,67247,3374704,0.7693972168688746,0.062340253915524314,0.11533547434449204
0926-01-qwen-9b-full,Qwen/Qwen3.5-9B,full_context_targeted,itemwise,anchored_character_coverage,category,access_credential,3281,3664,9807,0.47242620590352774,0.25068765281173594,0.3275595267808117
0926-01-qwen-9b-full,Qwen/Qwen3.5-9B,full_context_targeted,itemwise,anchored_character_coverage,category,address,24088,4870,45734,0.8318254023067891,0.34499154994127923,0.4877100627657421
0926-01-qwen-9b-full,Qwen/Qwen3.5-9B,full_context_targeted,itemwise,anchored_character_coverage,category,bank_account_no,47683,3148,225383,0.938069288426354,0.17462078764840736,0.29443310682099555
0926-01-qwen-9b-full,Qwen/Qwen3.5-9B,full_context_targeted,itemwise,anchored_character_coverage,category,business_reg_no,2322,5026,5395,0.31600435492651063,0.3008941298432033,0.3082641885164288
0926-01-qwen-9b-full,Qwen/Qwen3.5-9B,full_context_targeted,itemwise,anchored_character_coverage,category,card_no,14593,1068,47919,0.9318051210012132,0.23344317890964936,0.3733514128919192
0926-01-qwen-9b-full,Qwen/Qwen3.5-9B,full_context_targeted,itemwise,anchored_character_coverage,category,consultation_content,14525,21403,2324887,0.4042807837898018,0.006208825123578061,0.012229828150917343
0926-01-qwen-9b-full,Qwen/Qwen3.5-9B,full_context_targeted,itemwise,anchored_character_coverage,category,contract_no,7924,1811,51347,0.8139702105803801,0.13369101246815474,0.2296611888821262
0926-01-qwen-9b-full,Qwen/Qwen3.5-9B,full_context_targeted,itemwise,anchored_character_coverage,category,corp_reg_no,575,33,2239,0.9457236842105263,0.20433546552949539,0.3360607831677382
0926-01-qwen-9b-full,Qwen/Qwen3.5-9B,full_context_targeted,itemwise,anchored_character_coverage,category,credit_score,4093,929,67190,0.8150139386698526,0.05741901996268395,0.10727999475787957
0926-01-qwen-9b-full,Qwen/Qwen3.5-9B,full_context_targeted,itemwise,anchored_character_coverage,category,credit_transaction,12289,22775,531143,0.3504734200319416,0.022613684876856718,0.042486032746985286
0926-01-qwen-9b-full,Qwen/Qwen3.5-9B,full_context_targeted,itemwise,anchored_character_coverage,category,customer_id,21014,10114,44269,0.6750835260858391,0.3218908444771227,0.43592536121396935
0926-01-qwen-9b-full,Qwen/Qwen3.5-9B,full_context_targeted,itemwise,anchored_character_coverage,category,delinquency_info,941,398,87893,0.7027632561613144,0.010592791048472432,0.020870992425670656
0926-01-qwen-9b-full,Qwen/Qwen3.5-9B,full_context_targeted,itemwise,anchored_character_coverage,category,device_network,994,95,57887,0.9127640036730946,0.016881506767887775,0.03314990828747707
0926-01-qwen-9b-full,Qwen/Qwen3.5-9B,full_context_targeted,itemwise,anchored_character_coverage,category,dob_age,7603,5159,79856,0.5957530167685315,0.08693216249899953,0.1517246884385508
0926-01-qwen-9b-full,Qwen/Qwen3.5-9B,full_context_targeted,itemwise,anchored_character_coverage,category,driver_license_no,2613,400,5414,0.8672419515433123,0.3255263485735642,0.4733695652173913
0926-01-qwen-9b-full,Qwen/Qwen3.5-9B,full_context_targeted,itemwise,anchored_character_coverage,category,education,457,21,15666,0.9560669456066946,0.028344600880729393,0.05505692428166978
0926-01-qwen-9b-full,Qwen/Qwen3.5-9B,full_context_targeted,itemwise,anchored_character_coverage,category,email,25206,467,39228,0.9818096833248938,0.39119098612533754,0.5594681878211459
0926-01-qwen-9b-full,Qwen/Qwen3.5-9B,full_context_targeted,itemwise,anchored_character_coverage,category,employer_affiliation,2949,963,68508,0.7538343558282209,0.04126957470926571,0.07825498547148031
0926-01-qwen-9b-full,Qwen/Qwen3.5-9B,full_context_targeted,itemwise,anchored_character_coverage,category,family_relation,217,70,49381,0.7560975609756098,0.004375176418403968,0.008700010023053022
0926-01-qwen-9b-full,Qwen/Qwen3.5-9B,full_context_targeted,itemwise,anchored_character_coverage,category,financial_capacity,4325,988,251855,0.8140410314323357,0.016882660629245063,0.033079279368855
0926-01-qwen-9b-full,Qwen/Qwen3.5-9B,full_context_targeted,itemwise,anchored_character_coverage,category,foreigner_reg_no,3298,1804,8902,0.6464131713053705,0.270327868852459,0.3812276037452318
0926-01-qwen-9b-full,Qwen/Qwen3.5-9B,full_context_targeted,itemwise,anchored_character_coverage,category,gender,1686,73,22067,0.9584991472427515,0.07098050772533995,0.132173095014111
0926-01-qwen-9b-full,Qwen/Qwen3.5-9B,full_context_targeted,itemwise,anchored_character_coverage,category,investment_profile,1005,272,137323,0.7870007830853563,0.007265340350471343,0.01439776512302568
0926-01-qwen-9b-full,Qwen/Qwen3.5-9B,full_context_targeted,itemwise,anchored_character_coverage,category,life_event,255,313,57219,0.448943661971831,0.004436788808852699,0.008786740636091106
0926-01-qwen-9b-full,Qwen/Qwen3.5-9B,full_context_targeted,itemwise,anchored_character_coverage,category,location_mention,803,678,39433,0.5422012153950033,0.019957252211949498,0.038497495026008584
0926-01-qwen-9b-full,Qwen/Qwen3.5-9B,full_context_targeted,itemwise,anchored_character_coverage,category,nationality,3392,118,27155,0.9663817663817664,0.11104200085114742,0.19919546642393635
0926-01-qwen-9b-full,Qwen/Qwen3.5-9B,full_context_targeted,itemwise,anchored_character_coverage,category,online_handle,2059,1787,3553,0.5353614144565783,0.36689237348538845,0.43539860435610067
0926-01-qwen-9b-full,Qwen/Qwen3.5-9B,full_context_targeted,itemwise,anchored_character_coverage,category,passport_no,1341,69,3939,0.951063829787234,0.2539772727272727,0.4008968609865471
0926-01-qwen-9b-full,Qwen/Qwen3.5-9B,full_context_targeted,itemwise,anchored_character_coverage,category,person_name,33430,4276,132931,0.8865962976714581,0.20094853962166614,0.3276374916081483
0926-01-qwen-9b-full,Qwen/Qwen3.5-9B,full_context_targeted,itemwise,anchored_character_coverage,category,phone_no,41078,4091,72673,0.9094290331864775,0.3611221000254943,0.5169645104455072
0926-01-qwen-9b-full,Qwen/Qwen3.5-9B,full_context_targeted,itemwise,anchored_character_coverage,category,public_record,159,213,37022,0.4274193548387097,0.004276377719803126,0.00846803184832104
0926-01-qwen-9b-full,Qwen/Qwen3.5-9B,full_context_targeted,itemwise,anchored_character_coverage,category,rrn,26270,1687,60603,0.9396573309010265,0.3023954508305227,0.4575459374727859
0926-01-qwen-9b-full,Qwen/Qwen3.5-9B,full_context_targeted,itemwise,anchored_character_coverage,category,securities_account_no,3298,456,32750,0.878529568460309,0.09148912561029739,0.16572031556203207
0926-01-qwen-9b-full,Qwen/Qwen3.5-9B,full_context_targeted,itemwise,anchored_character_coverage,category,sensitive_info,589,181,129029,0.7649350649350649,0.00454412195836998,0.009034573733779182
0926-01-qwen-9b-full,Qwen/Qwen3.5-9B,full_context_targeted,itemwise,anchored_character_coverage,category,service_usage,842,563,170038,0.599288256227758,0.004927434456928839,0.009774501552659838
0926-01-qwen-9b-full,Qwen/Qwen3.5-9B,full_context_targeted,itemwise,anchored_character_coverage,category,transaction_record,18170,4314,1600798,0.8081302259384451,0.011223198976137886,0.02213893552781318
0926-01-qwen-9b-full,Qwen/Qwen3.5-9B,full_context_targeted,itemwise,anchored_character_coverage,tier_kind_tlevel,I/attribute/T0,8602,7646,763815,0.5294190054160512,0.011136471620899074,0.02181407822079083
0926-01-qwen-9b-full,Qwen/Qwen3.5-9B,full_context_targeted,itemwise,anchored_character_coverage,tier_kind_tlevel,I/attribute/T1,8246,5350,764118,0.606501912327155,0.010676313240907138,0.020983256145350907
0926-01-qwen-9b-full,Qwen/Qwen3.5-9B,full_context_targeted,itemwise,anchored_character_coverage,tier_kind_tlevel,I/attribute/T2,7077,9100,782722,0.43747295543054954,0.008960507673471351,0.01756131696229168
0926-01-qwen-9b-full,Qwen/Qwen3.5-9B,full_context_targeted,itemwise,anchored_character_coverage,tier_kind_tlevel,I/attribute/T3,10803,7632,738765,0.5860048820179007,0.014412301485655738,0.028132702606630443
0926-01-qwen-9b-full,Qwen/Qwen3.5-9B,full_context_targeted,itemwise,anchored_character_coverage,tier_kind_tlevel,L/attribute/T0,8539,6790,697289,0.5570487311631548,0.012097848200978142,0.023681389766722086
0926-01-qwen-9b-full,Qwen/Qwen3.5-9B,full_context_targeted,itemwise,anchored_character_coverage,tier_kind_tlevel,L/attribute/T1,11870,9279,715176,0.5612558513404889,0.016326339736412825,0.03172969613536578
0926-01-qwen-9b-full,Qwen/Qwen3.5-9B,full_context_targeted,itemwise,anchored_character_coverage,tier_kind_tlevel,L/attribute/T2,10585,7710,703155,0.5785733807051107,0.014830330372404518,0.02891938226997343
0926-01-qwen-9b-full,Qwen/Qwen3.5-9B,full_context_targeted,itemwise,anchored_character_coverage,tier_kind_tlevel,L/attribute/T3,9572,6019,589310,0.6139439420178308,0.01598311520466469,0.03115515246398133
0926-01-qwen-9b-full,Qwen/Qwen3.5-9B,full_context_targeted,itemwise,anchored_character_coverage,tier_kind_tlevel,L/identifier/T0,96685,12398,173787,0.8863434265650927,0.3574676861190807,0.5094650314183715
0926-01-qwen-9b-full,Qwen/Qwen3.5-9B,full_context_targeted,itemwise,anchored_character_coverage,tier_kind_tlevel,L/identifier/T1,69381,10293,234668,0.870811055049326,0.22819019302809745,0.3616202312605708
0926-01-qwen-9b-full,Qwen/Qwen3.5-9B,full_context_targeted,itemwise,anchored_character_coverage,tier_kind_tlevel,L/identifier/T2,58424,10453,245370,0.8482367118196205,0.19231452892420522,0.31354197133664813
0926-01-qwen-9b-full,Qwen/Qwen3.5-9B,full_context_targeted,itemwise,anchored_character_coverage,tier_kind_tlevel,L/identifier/T3,35583,11627,138261,0.7537174327472993,0.20468350935321322,0.32193943561301763
0926-01-qwen-9b-full,Qwen/Qwen3.5-9B,full_context_targeted,fence_itemwise,exact_with_invalid_item_fp,doc_type,bank_statement,2303,10524,23860,0.17954315116551026,0.08802507357718917,0.11813285457809695
0926-01-qwen-9b-full,Qwen/Qwen3.5-9B,full_context_targeted,fence_itemwise,exact_with_invalid_item_fp,doc_type,card_statement,2505,11982,20645,0.17291364671774695,0.108207343412527,0.13311369131439807
0926-01-qwen-9b-full,Qwen/Qwen3.5-9B,full_context_targeted,fence_itemwise,exact_with_invalid_item_fp,doc_type,complaint_case,2486,11088,17219,0.18314424635332252,0.12616087287490485,0.14940352775023288
0926-01-qwen-9b-full,Qwen/Qwen3.5-9B,full_context_targeted,fence_itemwise,exact_with_invalid_item_fp,doc_type,cs_transcript,2008,9832,16300,0.16959459459459458,0.10967882892724493,0.13320949980098182
0926-01-qwen-9b-full,Qwen/Qwen3.5-9B,full_context_targeted,fence_itemwise,exact_with_invalid_item_fp,doc_type,insurance_claim,2425,11397,16069,0.17544494284474027,0.13112360765653724,0.15008045550191856
0926-01-qwen-9b-full,Qwen/Qwen3.5-9B,full_context_targeted,fence_itemwise,exact_with_invalid_item_fp,doc_type,internal_memo,2561,12667,21456,0.16817704229051747,0.10663280176541616,0.13051344120270097
0926-01-qwen-9b-full,Qwen/Qwen3.5-9B,full_context_targeted,fence_itemwise,exact_with_invalid_item_fp,doc_type,kyc_form,3497,14456,21505,0.1947863866763215,0.1398688104951604,0.16282155744383658
0926-01-qwen-9b-full,Qwen/Qwen3.5-9B,full_context_targeted,fence_itemwise,exact_with_invalid_item_fp,doc_type,loan_contract,3006,9502,14946,0.24032619123760793,0.16744652406417113,0.1973736047275115
0926-01-qwen-9b-full,Qwen/Qwen3.5-9B,full_context_targeted,fence_itemwise,exact_with_invalid_item_fp,doc_type,phishing_report,2938,11012,19720,0.21060931899641577,0.12966722570394562,0.16051136363636365
0926-01-qwen-9b-full,Qwen/Qwen3.5-9B,full_context_targeted,fence_itemwise,exact_with_invalid_item_fp,doc_type,securities_trade_report,2100,10711,21115,0.16392162984934822,0.09045875511522722,0.11658246821739855
0926-01-qwen-9b-full,Qwen/Qwen3.5-9B,full_context_targeted,fence_itemwise,exact_with_invalid_item_fp,variation_level,T0,10968,34335,47352,0.24210317197536588,0.18806584362139916,0.21169045482180596
0926-01-qwen-9b-full,Qwen/Qwen3.5-9B,full_context_targeted,fence_itemwise,exact_with_invalid_item_fp,variation_level,T1,5819,29793,51195,0.16339997753566213,0.10206265127863332,0.12564506725973268
0926-01-qwen-9b-full,Qwen/Qwen3.5-9B,full_context_targeted,fence_itemwise,exact_with_invalid_item_fp,variation_level,T2,5379,26416,51985,0.16917754363893694,0.09376961160309602,0.12066084186677734
0926-01-qwen-9b-full,Qwen/Qwen3.5-9B,full_context_targeted,fence_itemwise,exact_with_invalid_item_fp,variation_level,T3,3663,22627,42303,0.13933054393305438,0.07968933559587521,0.10138950398582816
0926-01-qwen-9b-full,Qwen/Qwen3.5-9B,full_context_targeted,fence_itemwise,exact_with_invalid_item_fp,context_len_bucket,16k,13019,76235,114527,0.14586461110986623,0.10207297759239804,0.12010147601476015
0926-01-qwen-9b-full,Qwen/Qwen3.5-9B,full_context_targeted,fence_itemwise,exact_with_invalid_item_fp,context_len_bucket,1k,4963,11273,21682,0.3056787386055679,0.1862638393694877,0.23147781068538514
0926-01-qwen-9b-full,Qwen/Qwen3.5-9B,full_context_targeted,fence_itemwise,exact_with_invalid_item_fp,context_len_bucket,4k,7847,25663,56626,0.23416890480453595,0.12170986304344454,0.16017064184603452
0926-01-qwen-9b-full,Qwen/Qwen3.5-9B,full_context_targeted,fence_itemwise,exact_with_invalid_item_fp,num_subjects,1,4619,31560,37639,0.1276707482241079,0.10930474703014814,0.11777604956844347
0926-01-qwen-9b-full,Qwen/Qwen3.5-9B,full_context_targeted,fence_itemwise,exact_with_invalid_item_fp,num_subjects,3,9072,38063,64237,0.19246844170998198,0.12375015346001172,0.15064262229749925
0926-01-qwen-9b-full,Qwen/Qwen3.5-9B,full_context_targeted,fence_itemwise,exact_with_invalid_item_fp,num_subjects,8,12138,43548,90959,0.21797220127141473,0.11773378468820625,0.15288790361688595
0926-01-qwen-9b-full,Qwen/Qwen3.5-9B,full_context_targeted,fence_itemwise,exact_with_invalid_item_fp,generator_model,gpt-6-astra,8471,34124,69780,0.1988731071722033,0.10825420761396021,0.14019495887327674
0926-01-qwen-9b-full,Qwen/Qwen3.5-9B,full_context_targeted,fence_itemwise,exact_with_invalid_item_fp,generator_model,zai-org/GLM-5.2-FP8,17358,79047,123055,0.180052901820445,0.1236210322406045,0.14659358663615096
0926-01-qwen-9b-full,Qwen/Qwen3.5-9B,full_context_targeted,fence_itemwise,exact_with_invalid_item_fp,category,__unassigned_invalid_item__,0,5472,0,0.0,0.0,0.0
0926-01-qwen-9b-full,Qwen/Qwen3.5-9B,full_context_targeted,fence_itemwise,exact_with_invalid_item_fp,category,access_credential,512,2684,1421,0.16020025031289112,0.26487325400931194,0.19964905439656852
0926-01-qwen-9b-full,Qwen/Qwen3.5-9B,full_context_targeted,fence_itemwise,exact_with_invalid_item_fp,category,address,1016,4514,2224,0.1837251356238698,0.3135802469135803,0.23169897377423032
0926-01-qwen-9b-full,Qwen/Qwen3.5-9B,full_context_targeted,fence_itemwise,exact_with_invalid_item_fp,category,bank_account_no,3253,7464,14152,0.30353643743584957,0.1869003160011491,0.23134912168409075
0926-01-qwen-9b-full,Qwen/Qwen3.5-9B,full_context_targeted,fence_itemwise,exact_with_invalid_item_fp,category,business_reg_no,200,1543,412,0.11474469305794607,0.32679738562091504,0.16985138004246284
0926-01-qwen-9b-full,Qwen/Qwen3.5-9B,full_context_targeted,fence_itemwise,exact_with_invalid_item_fp,category,card_no,833,2140,2451,0.2801883619239825,0.25365408038976855,0.26626178679878537
0926-01-qwen-9b-full,Qwen/Qwen3.5-9B,full_context_targeted,fence_itemwise,exact_with_invalid_item_fp,category,consultation_content,98,1763,33772,0.052659860290166574,0.0028934160023619724,0.005485432817441438
0926-01-qwen-9b-full,Qwen/Qwen3.5-9B,full_context_targeted,fence_itemwise,exact_with_invalid_item_fp,category,contract_no,734,1834,4422,0.28582554517133957,0.14235841737781227,0.19005696530295182
0926-01-qwen-9b-full,Qwen/Qwen3.5-9B,full_context_targeted,fence_itemwise,exact_with_invalid_item_fp,category,corp_reg_no,45,90,150,0.3333333333333333,0.23076923076923078,0.2727272727272727
0926-01-qwen-9b-full,Qwen/Qwen3.5-9B,full_context_targeted,fence_itemwise,exact_with_invalid_item_fp,category,credit_score,68,2272,2491,0.02905982905982906,0.02657288003126221,0.02776076750357216
0926-01-qwen-9b-full,Qwen/Qwen3.5-9B,full_context_targeted,fence_itemwise,exact_with_invalid_item_fp,category,credit_transaction,65,11362,11208,0.005688282138794084,0.00576598953251131,0.005726872246696035
0926-01-qwen-9b-full,Qwen/Qwen3.5-9B,full_context_targeted,fence_itemwise,exact_with_invalid_item_fp,category,customer_id,2470,7778,4473,0.24102263856362216,0.3557539968313409,0.2873596649409575
0926-01-qwen-9b-full,Qwen/Qwen3.5-9B,full_context_targeted,fence_itemwise,exact_with_invalid_item_fp,category,delinquency_info,19,338,2224,0.05322128851540616,0.008470798038341507,0.014615384615384615
0926-01-qwen-9b-full,Qwen/Qwen3.5-9B,full_context_targeted,fence_itemwise,exact_with_invalid_item_fp,category,device_network,4,210,1616,0.018691588785046728,0.0024691358024691358,0.004362050163576881
0926-01-qwen-9b-full,Qwen/Qwen3.5-9B,full_context_targeted,fence_itemwise,exact_with_invalid_item_fp,category,dob_age,102,12928,4281,0.00782808902532617,0.02327173169062286,0.011715385057141217
0926-01-qwen-9b-full,Qwen/Qwen3.5-9B,full_context_targeted,fence_itemwise,exact_with_invalid_item_fp,category,driver_license_no,191,536,325,0.2627235213204952,0.3701550387596899,0.3073209975864843
0926-01-qwen-9b-full,Qwen/Qwen3.5-9B,full_context_targeted,fence_itemwise,exact_with_invalid_item_fp,category,education,7,144,600,0.046357615894039736,0.011532125205930808,0.018469656992084433
0926-01-qwen-9b-full,Qwen/Qwen3.5-9B,full_context_targeted,fence_itemwise,exact_with_invalid_item_fp,category,email,965,4138,2201,0.18910444836370763,0.304801010739103,0.23340186237755473
0926-01-qwen-9b-full,Qwen/Qwen3.5-9B,full_context_targeted,fence_itemwise,exact_with_invalid_item_fp,category,employer_affiliation,61,1278,4301,0.04555638536221061,0.013984410820724439,0.021399754429047537
0926-01-qwen-9b-full,Qwen/Qwen3.5-9B,full_context_targeted,fence_itemwise,exact_with_invalid_item_fp,category,family_relation,5,113,2095,0.0423728813559322,0.002380952380952381,0.004508566275924256
0926-01-qwen-9b-full,Qwen/Qwen3.5-9B,full_context_targeted,fence_itemwise,exact_with_invalid_item_fp,category,financial_capacity,94,1504,9693,0.058823529411764705,0.009604577500766322,0.016512955643390427
0926-01-qwen-9b-full,Qwen/Qwen3.5-9B,full_context_targeted,fence_itemwise,exact_with_invalid_item_fp,category,foreigner_reg_no,251,1089,593,0.1873134328358209,0.29739336492890994,0.22985347985347984
0926-01-qwen-9b-full,Qwen/Qwen3.5-9B,full_context_targeted,fence_itemwise,exact_with_invalid_item_fp,category,gender,107,1915,3286,0.05291790306627102,0.03153551429413498,0.039519852262234534
0926-01-qwen-9b-full,Qwen/Qwen3.5-9B,full_context_targeted,fence_itemwise,exact_with_invalid_item_fp,category,investment_profile,11,429,3289,0.025,0.0033333333333333335,0.0058823529411764705
0926-01-qwen-9b-full,Qwen/Qwen3.5-9B,full_context_targeted,fence_itemwise,exact_with_invalid_item_fp,category,life_event,4,224,1589,0.017543859649122806,0.0025109855618330196,0.004393190554640308
0926-01-qwen-9b-full,Qwen/Qwen3.5-9B,full_context_targeted,fence_itemwise,exact_with_invalid_item_fp,category,location_mention,17,404,2019,0.040380047505938245,0.008349705304518664,0.013838013838013839
0926-01-qwen-9b-full,Qwen/Qwen3.5-9B,full_context_targeted,fence_itemwise,exact_with_invalid_item_fp,category,nationality,317,1329,3003,0.19258809234507898,0.09548192771084338,0.12766814337494967
0926-01-qwen-9b-full,Qwen/Qwen3.5-9B,full_context_targeted,fence_itemwise,exact_with_invalid_item_fp,category,online_handle,164,1165,394,0.12340105342362678,0.2939068100358423,0.17382087970323265
0926-01-qwen-9b-full,Qwen/Qwen3.5-9B,full_context_targeted,fence_itemwise,exact_with_invalid_item_fp,category,passport_no,150,295,410,0.33707865168539325,0.26785714285714285,0.29850746268656714
0926-01-qwen-9b-full,Qwen/Qwen3.5-9B,full_context_targeted,fence_itemwise,exact_with_invalid_item_fp,category,person_name,8145,19166,30992,0.2982314818205119,0.20811508291386668,0.24515410546592825
0926-01-qwen-9b-full,Qwen/Qwen3.5-9B,full_context_targeted,fence_itemwise,exact_with_invalid_item_fp,category,phone_no,3280,9030,4986,0.26645004061738425,0.39680619404790707,0.3188180404354588
0926-01-qwen-9b-full,Qwen/Qwen3.5-9B,full_context_targeted,fence_itemwise,exact_with_invalid_item_fp,category,public_record,0,145,796,0.0,0.0,0.0
0926-01-qwen-9b-full,Qwen/Qwen3.5-9B,full_context_targeted,fence_itemwise,exact_with_invalid_item_fp,category,rrn,2067,3581,3938,0.36597025495750707,0.34421315570358035,0.35475843130524326
0926-01-qwen-9b-full,Qwen/Qwen3.5-9B,full_context_targeted,fence_itemwise,exact_with_invalid_item_fp,category,securities_account_no,330,652,2861,0.3360488798370672,0.10341585709808837,0.15815959741193386
0926-01-qwen-9b-full,Qwen/Qwen3.5-9B,full_context_targeted,fence_itemwise,exact_with_invalid_item_fp,category,sensitive_info,6,161,1984,0.03592814371257485,0.003015075376884422,0.005563282336578581
0926-01-qwen-9b-full,Qwen/Qwen3.5-9B,full_context_targeted,fence_itemwise,exact_with_invalid_item_fp,category,service_usage,14,159,3549,0.08092485549132948,0.003929273084479371,0.007494646680942184
0926-01-qwen-9b-full,Qwen/Qwen3.5-9B,full_context_targeted,fence_itemwise,exact_with_invalid_item_fp,category,transaction_record,224,3322,24634,0.0631697687535251,0.009011183522407273,0.015772426418814253
0926-01-qwen-9b-full,Qwen/Qwen3.5-9B,full_context_targeted,fence_itemwise,exact_with_invalid_item_fp,tier_kind_tlevel,I/attribute/T0,238,5465,16080,0.041732421532526744,0.014585120725579116,0.021615730439126287
0926-01-qwen-9b-full,Qwen/Qwen3.5-9B,full_context_targeted,fence_itemwise,exact_with_invalid_item_fp,tier_kind_tlevel,I/attribute/T1,195,4727,15431,0.039618041446566436,0.012479201331114808,0.018979949386801635
0926-01-qwen-9b-full,Qwen/Qwen3.5-9B,full_context_targeted,fence_itemwise,exact_with_invalid_item_fp,tier_kind_tlevel,I/attribute/T2,120,4724,15744,0.02477291494632535,0.007564296520423601,0.011589723778249952
0926-01-qwen-9b-full,Qwen/Qwen3.5-9B,full_context_targeted,fence_itemwise,exact_with_invalid_item_fp,tier_kind_tlevel,I/attribute/T3,194,5980,16145,0.03142209264658244,0.011873431666564661,0.017234486740994093
0926-01-qwen-9b-full,Qwen/Qwen3.5-9B,full_context_targeted,fence_itemwise,exact_with_invalid_item_fp,tier_kind_tlevel,L/attribute/T0,117,5391,13878,0.021241830065359478,0.008360128617363344,0.011998154130133826
0926-01-qwen-9b-full,Qwen/Qwen3.5-9B,full_context_targeted,fence_itemwise,exact_with_invalid_item_fp,tier_kind_tlevel,L/attribute/T1,156,4781,13456,0.03159813652015394,0.011460476050543638,0.016820313763545206
0926-01-qwen-9b-full,Qwen/Qwen3.5-9B,full_context_targeted,fence_itemwise,exact_with_invalid_item_fp,tier_kind_tlevel,L/attribute/T2,108,4671,13251,0.022598870056497175,0.008084437457893555,0.011908699966920278
0926-01-qwen-9b-full,Qwen/Qwen3.5-9B,full_context_targeted,fence_itemwise,exact_with_invalid_item_fp,tier_kind_tlevel,L/attribute/T3,95,4261,12445,0.021808999081726354,0.007575757575757576,0.011245265151515152
0926-01-qwen-9b-full,Qwen/Qwen3.5-9B,full_context_targeted,fence_itemwise,exact_with_invalid_item_fp,tier_kind_tlevel,L/identifier/T0,10613,21912,17394,0.32630284396617987,0.37894097904095403,0.3506575034692394
0926-01-qwen-9b-full,Qwen/Qwen3.5-9B,full_context_targeted,fence_itemwise,exact_with_invalid_item_fp,tier_kind_tlevel,L/identifier/T1,5468,18878,22308,0.2245954160847778,0.19686059907834103,0.2098154330225241
0926-01-qwen-9b-full,Qwen/Qwen3.5-9B,full_context_targeted,fence_itemwise,exact_with_invalid_item_fp,tier_kind_tlevel,L/identifier/T2,5151,15756,22990,0.2463768115942029,0.18304253580185495,0.21003914532702658
0926-01-qwen-9b-full,Qwen/Qwen3.5-9B,full_context_targeted,fence_itemwise,exact_with_invalid_item_fp,tier_kind_tlevel,L/identifier/T3,3374,11153,13713,0.232257176292421,0.19746005735354363,0.21344973745808818
0926-01-qwen-9b-full,Qwen/Qwen3.5-9B,full_context_targeted,fence_itemwise,exact_with_invalid_item_fp,tier_kind_tlevel,unassigned/invalid_item/T0,0,1567,0,0.0,0.0,0.0
0926-01-qwen-9b-full,Qwen/Qwen3.5-9B,full_context_targeted,fence_itemwise,exact_with_invalid_item_fp,tier_kind_tlevel,unassigned/invalid_item/T1,0,1407,0,0.0,0.0,0.0
0926-01-qwen-9b-full,Qwen/Qwen3.5-9B,full_context_targeted,fence_itemwise,exact_with_invalid_item_fp,tier_kind_tlevel,unassigned/invalid_item/T2,0,1265,0,0.0,0.0,0.0
0926-01-qwen-9b-full,Qwen/Qwen3.5-9B,full_context_targeted,fence_itemwise,exact_with_invalid_item_fp,tier_kind_tlevel,unassigned/invalid_item/T3,0,1233,0,0.0,0.0,0.0
0926-01-qwen-9b-full,Qwen/Qwen3.5-9B,full_context_targeted,fence_itemwise,anchored_character_coverage,doc_type,bank_statement,31869,11703,1121911,0.731410079867805,0.027621383625994558,0.0532324663089885
0926-01-qwen-9b-full,Qwen/Qwen3.5-9B,full_context_targeted,fence_itemwise,anchored_character_coverage,doc_type,card_statement,47004,12224,747773,0.7936111298710069,0.05914111757134391,0.11007898080222013
0926-01-qwen-9b-full,Qwen/Qwen3.5-9B,full_context_targeted,fence_itemwise,anchored_character_coverage,doc_type,complaint_case,36404,9568,681035,0.7918733141912468,0.05074159614963781,0.0953719556045171
0926-01-qwen-9b-full,Qwen/Qwen3.5-9B,full_context_targeted,fence_itemwise,anchored_character_coverage,doc_type,cs_transcript,30013,7420,407252,0.801779178799455,0.06863801127462751,0.1264509224812407
0926-01-qwen-9b-full,Qwen/Qwen3.5-9B,full_context_targeted,fence_itemwise,anchored_character_coverage,doc_type,insurance_claim,29505,10031,612246,0.7462818696883853,0.04597577565130401,0.08661547923268755
0926-01-qwen-9b-full,Qwen/Qwen3.5-9B,full_context_targeted,fence_itemwise,anchored_character_coverage,doc_type,internal_memo,34405,12950,617536,0.7265336289726534,0.05277318039515846,0.09839896124101954
0926-01-qwen-9b-full,Qwen/Qwen3.5-9B,full_context_targeted,fence_itemwise,anchored_character_coverage,doc_type,kyc_form,56397,12514,591816,0.8184034479255852,0.08700380893317475,0.1572866059426264
0926-01-qwen-9b-full,Qwen/Qwen3.5-9B,full_context_targeted,fence_itemwise,anchored_character_coverage,doc_type,loan_contract,44922,13571,320224,0.7679893320568273,0.12302476269766066,0.21207679179678926
0926-01-qwen-9b-full,Qwen/Qwen3.5-9B,full_context_targeted,fence_itemwise,anchored_character_coverage,doc_type,phishing_report,39657,10303,621888,0.7937750200160129,0.05994603541709181,0.11147356659475338
0926-01-qwen-9b-full,Qwen/Qwen3.5-9B,full_context_targeted,fence_itemwise,anchored_character_coverage,doc_type,securities_trade_report,33828,13902,776118,0.7087366436203646,0.04176574734611937,0.07888293481454535
0926-01-qwen-9b-full,Qwen/Qwen3.5-9B,full_context_targeted,fence_itemwise,anchored_character_coverage,variation_level,T0,133385,29805,1615332,0.8173601323610515,0.07627592114676074,0.13953084538107763
0926-01-qwen-9b-full,Qwen/Qwen3.5-9B,full_context_targeted,fence_itemwise,anchored_character_coverage,variation_level,T1,103151,27786,1700308,0.7877910750971842,0.05719619908187544,0.10664931068922806
0926-01-qwen-9b-full,Qwen/Qwen3.5-9B,full_context_targeted,fence_itemwise,anchored_character_coverage,variation_level,T2,85443,29265,1721890,0.7448739407887854,0.04727573723270698,0.08890861329180803
0926-01-qwen-9b-full,Qwen/Qwen3.5-9B,full_context_targeted,fence_itemwise,anchored_character_coverage,variation_level,T3,62025,27330,1460269,0.6941413463152594,0.040744429131297895,0.07697085407554623
0926-01-qwen-9b-full,Qwen/Qwen3.5-9B,full_context_targeted,fence_itemwise,anchored_character_coverage,context_len_bucket,16k,195367,67377,4338730,0.7435640775812198,0.0430884032697139,0.08145652524234179
0926-01-qwen-9b-full,Qwen/Qwen3.5-9B,full_context_targeted,fence_itemwise,anchored_character_coverage,context_len_bucket,1k,69762,14926,486766,0.8237530700925751,0.1253521835379352,0.21759282363509333
0926-01-qwen-9b-full,Qwen/Qwen3.5-9B,full_context_targeted,fence_itemwise,anchored_character_coverage,context_len_bucket,4k,118875,31883,1672303,0.7885153690019767,0.06636693840589825,0.12242936945398819
0926-01-qwen-9b-full,Qwen/Qwen3.5-9B,full_context_targeted,fence_itemwise,anchored_character_coverage,num_subjects,1,76603,29042,1768507,0.7250982062568034,0.04151676593807415,0.07853677166020336
0926-01-qwen-9b-full,Qwen/Qwen3.5-9B,full_context_targeted,fence_itemwise,anchored_character_coverage,num_subjects,3,132252,41575,2221528,0.7608254183757414,0.05618706930979106,0.10464601498571574
0926-01-qwen-9b-full,Qwen/Qwen3.5-9B,full_context_targeted,fence_itemwise,anchored_character_coverage,num_subjects,8,175149,43569,2507764,0.8007982882067319,0.06528314559585048,0.12072451665976824
0926-01-qwen-9b-full,Qwen/Qwen3.5-9B,full_context_targeted,fence_itemwise,anchored_character_coverage,generator_model,gpt-6-astra,126125,40395,3156607,0.7574165265433581,0.03842074223543073,0.07313179785066444
0926-01-qwen-9b-full,Qwen/Qwen3.5-9B,full_context_targeted,fence_itemwise,anchored_character_coverage,generator_model,zai-org/GLM-5.2-FP8,257879,73791,3341192,0.7775168088762927,0.07165154563497081,0.13121139245755445
0926-01-qwen-9b-full,Qwen/Qwen3.5-9B,full_context_targeted,fence_itemwise,anchored_character_coverage,category,access_credential,3811,4013,9277,0.4870910020449898,0.2911827628361858,0.3644797245600612
0926-01-qwen-9b-full,Qwen/Qwen3.5-9B,full_context_targeted,fence_itemwise,anchored_character_coverage,category,address,27887,5388,41935,0.8380766341096919,0.3994013348228352,0.5409856736859463
0926-01-qwen-9b-full,Qwen/Qwen3.5-9B,full_context_targeted,fence_itemwise,anchored_character_coverage,category,bank_account_no,55777,3633,217289,0.938848678673624,0.20426197329583323,0.3355249702234146
0926-01-qwen-9b-full,Qwen/Qwen3.5-9B,full_context_targeted,fence_itemwise,anchored_character_coverage,category,business_reg_no,2900,5803,4817,0.3332184304262898,0.375793702215887,0.35322777101096225
0926-01-qwen-9b-full,Qwen/Qwen3.5-9B,full_context_targeted,fence_itemwise,anchored_character_coverage,category,card_no,16980,1184,45532,0.9348161197974014,0.271627847453289,0.42094303138479844
0926-01-qwen-9b-full,Qwen/Qwen3.5-9B,full_context_targeted,fence_itemwise,anchored_character_coverage,category,consultation_content,14841,21952,2324571,0.40336477047264424,0.006343901800965371,0.012491346495777931
0926-01-qwen-9b-full,Qwen/Qwen3.5-9B,full_context_targeted,fence_itemwise,anchored_character_coverage,category,contract_no,9347,2086,49924,0.8175457010408467,0.15769938081017698,0.264398053858339
0926-01-qwen-9b-full,Qwen/Qwen3.5-9B,full_context_targeted,fence_itemwise,anchored_character_coverage,category,corp_reg_no,682,33,2132,0.9538461538461539,0.24235963041933192,0.38651175970529894
0926-01-qwen-9b-full,Qwen/Qwen3.5-9B,full_context_targeted,fence_itemwise,anchored_character_coverage,category,credit_score,4705,1064,66578,0.8155659559715722,0.06600451720606597,0.12212531796708716
0926-01-qwen-9b-full,Qwen/Qwen3.5-9B,full_context_targeted,fence_itemwise,anchored_character_coverage,category,credit_transaction,13716,24446,529716,0.35941512499344896,0.025239588393764077,0.047166924005405834
0926-01-qwen-9b-full,Qwen/Qwen3.5-9B,full_context_targeted,fence_itemwise,anchored_character_coverage,category,customer_id,24532,11718,40751,0.6767448275862069,0.375779299358179,0.48323205263313407
0926-01-qwen-9b-full,Qwen/Qwen3.5-9B,full_context_targeted,fence_itemwise,anchored_character_coverage,category,delinquency_info,1097,462,87737,0.7036561898652983,0.012348875430578382,0.02427179095726439
0926-01-qwen-9b-full,Qwen/Qwen3.5-9B,full_context_targeted,fence_itemwise,anchored_character_coverage,category,device_network,1137,95,57744,0.9228896103896104,0.019310133999082896,0.037828755843162046
0926-01-qwen-9b-full,Qwen/Qwen3.5-9B,full_context_targeted,fence_itemwise,anchored_character_coverage,category,dob_age,9030,5766,78429,0.6103000811030008,0.10324837924055844,0.17661728032859028
0926-01-qwen-9b-full,Qwen/Qwen3.5-9B,full_context_targeted,fence_itemwise,anchored_character_coverage,category,driver_license_no,3139,454,4888,0.8736431951015864,0.3910551887380092,0.5402753872633391
0926-01-qwen-9b-full,Qwen/Qwen3.5-9B,full_context_targeted,fence_itemwise,anchored_character_coverage,category,education,508,21,15615,0.9603024574669187,0.03150778391118278,0.06101369204900312
0926-01-qwen-9b-full,Qwen/Qwen3.5-9B,full_context_targeted,fence_itemwise,anchored_character_coverage,category,email,29176,553,35258,0.9813986343301154,0.45280442002669397,0.6196913862132685
0926-01-qwen-9b-full,Qwen/Qwen3.5-9B,full_context_targeted,fence_itemwise,anchored_character_coverage,category,employer_affiliation,3288,1034,68169,0.7607589079130033,0.046013686552752,0.08677865899523615
0926-01-qwen-9b-full,Qwen/Qwen3.5-9B,full_context_targeted,fence_itemwise,anchored_character_coverage,category,family_relation,236,106,49362,0.6900584795321637,0.004758256381305698,0.009451341609931918
0926-01-qwen-9b-full,Qwen/Qwen3.5-9B,full_context_targeted,fence_itemwise,anchored_character_coverage,category,financial_capacity,4794,1044,251386,0.8211716341212744,0.01871340463736435,0.03659290583089712
0926-01-qwen-9b-full,Qwen/Qwen3.5-9B,full_context_targeted,fence_itemwise,anchored_character_coverage,category,foreigner_reg_no,4029,2227,8171,0.6440217391304348,0.33024590163934425,0.43660598179453836
0926-01-qwen-9b-full,Qwen/Qwen3.5-9B,full_context_targeted,fence_itemwise,anchored_character_coverage,category,gender,1901,99,21852,0.9505,0.08003199595840525,0.14763328544247273
0926-01-qwen-9b-full,Qwen/Qwen3.5-9B,full_context_targeted,fence_itemwise,anchored_character_coverage,category,investment_profile,1074,298,137254,0.782798833819242,0.0077641547625932564,0.01537580529706514
0926-01-qwen-9b-full,Qwen/Qwen3.5-9B,full_context_targeted,fence_itemwise,anchored_character_coverage,category,life_event,260,318,57214,0.44982698961937717,0.0045237846678498105,0.008957486391511059
0926-01-qwen-9b-full,Qwen/Qwen3.5-9B,full_context_targeted,fence_itemwise,anchored_character_coverage,category,location_mention,849,703,39387,0.5470360824742269,0.02110050700864897,0.04063367473915957
0926-01-qwen-9b-full,Qwen/Qwen3.5-9B,full_context_targeted,fence_itemwise,anchored_character_coverage,category,nationality,3800,130,26747,0.9669211195928753,0.12439846793465807,0.22043681294776227
0926-01-qwen-9b-full,Qwen/Qwen3.5-9B,full_context_targeted,fence_itemwise,anchored_character_coverage,category,online_handle,2285,2279,3327,0.5006573181419807,0.4071632216678546,0.4490959119496855
0926-01-qwen-9b-full,Qwen/Qwen3.5-9B,full_context_targeted,fence_itemwise,anchored_character_coverage,category,passport_no,1495,71,3785,0.954661558109834,0.2831439393939394,0.4367513876716331
0926-01-qwen-9b-full,Qwen/Qwen3.5-9B,full_context_targeted,fence_itemwise,anchored_character_coverage,category,person_name,37932,4595,128429,0.8919509958379382,0.22801017065297757,0.3631802688522079
0926-01-qwen-9b-full,Qwen/Qwen3.5-9B,full_context_targeted,fence_itemwise,anchored_character_coverage,category,phone_no,47489,4467,66262,0.9140234044191239,0.4174820441138979,0.5731683030891875
0926-01-qwen-9b-full,Qwen/Qwen3.5-9B,full_context_targeted,fence_itemwise,anchored_character_coverage,category,public_record,159,242,37022,0.39650872817955113,0.004276377719803126,0.008461497525411102
0926-01-qwen-9b-full,Qwen/Qwen3.5-9B,full_context_targeted,fence_itemwise,anchored_character_coverage,category,rrn,30939,1909,55934,0.9418838285435948,0.3561405730203861,0.5168516801563635
0926-01-qwen-9b-full,Qwen/Qwen3.5-9B,full_context_targeted,fence_itemwise,anchored_character_coverage,category,securities_account_no,4034,520,32014,0.8858146684233641,0.1119063470927652,0.19870942318112408
0926-01-qwen-9b-full,Qwen/Qwen3.5-9B,full_context_targeted,fence_itemwise,anchored_character_coverage,category,sensitive_info,685,210,128933,0.7653631284916201,0.00528475983273928,0.010497038609180694
0926-01-qwen-9b-full,Qwen/Qwen3.5-9B,full_context_targeted,fence_itemwise,anchored_character_coverage,category,service_usage,935,563,169945,0.6241655540720962,0.005471676029962547,0.010848252097135365
0926-01-qwen-9b-full,Qwen/Qwen3.5-9B,full_context_targeted,fence_itemwise,anchored_character_coverage,category,transaction_record,18555,4700,1600413,0.7978929262524188,0.011461004788235469,0.02259741825562058
0926-01-qwen-9b-full,Qwen/Qwen3.5-9B,full_context_targeted,fence_itemwise,anchored_character_coverage,tier_kind_tlevel,I/attribute/T0,9881,8098,762536,0.5495856276767339,0.01279231296048637,0.025002656896036923
0926-01-qwen-9b-full,Qwen/Qwen3.5-9B,full_context_targeted,fence_itemwise,anchored_character_coverage,tier_kind_tlevel,I/attribute/T1,8954,5683,763410,0.6117373778779804,0.011592979475998364,0.022754736016853853
0926-01-qwen-9b-full,Qwen/Qwen3.5-9B,full_context_targeted,fence_itemwise,anchored_character_coverage,tier_kind_tlevel,I/attribute/T2,7699,9299,782100,0.4529356394869985,0.009748049820270726,0.019085346127960316
0926-01-qwen-9b-full,Qwen/Qwen3.5-9B,full_context_targeted,fence_itemwise,anchored_character_coverage,tier_kind_tlevel,I/attribute/T3,11325,8005,738243,0.5858768753233317,0.015108702612704918,0.029457743419803405
0926-01-qwen-9b-full,Qwen/Qwen3.5-9B,full_context_targeted,fence_itemwise,anchored_character_coverage,tier_kind_tlevel,L/attribute/T0,9657,7393,696171,0.5663929618768329,0.013681803498869412,0.026718201411579823
0926-01-qwen-9b-full,Qwen/Qwen3.5-9B,full_context_targeted,fence_itemwise,anchored_character_coverage,tier_kind_tlevel,L/attribute/T1,12906,10005,714140,0.5633102003404479,0.017751283962775394,0.0344179732971357
0926-01-qwen-9b-full,Qwen/Qwen3.5-9B,full_context_targeted,fence_itemwise,anchored_character_coverage,tier_kind_tlevel,L/attribute/T2,11005,8349,702735,0.568616306706624,0.015418779947880181,0.03002343492103332
0926-01-qwen-9b-full,Qwen/Qwen3.5-9B,full_context_targeted,fence_itemwise,anchored_character_coverage,tier_kind_tlevel,L/attribute/T3,10143,6421,588739,0.6123520888674233,0.016936558453919136,0.03296146209415611
0926-01-qwen-9b-full,Qwen/Qwen3.5-9B,full_context_targeted,fence_itemwise,anchored_character_coverage,tier_kind_tlevel,L/identifier/T0,113847,14314,156625,0.8883123571133184,0.42091972551687423,0.571187031680769
0926-01-qwen-9b-full,Qwen/Qwen3.5-9B,full_context_targeted,fence_itemwise,anchored_character_coverage,tier_kind_tlevel,L/identifier/T1,81291,12098,222758,0.8704558352696784,0.267361510809113,0.4090751261832034
0926-01-qwen-9b-full,Qwen/Qwen3.5-9B,full_context_targeted,fence_itemwise,anchored_character_coverage,tier_kind_tlevel,L/identifier/T2,66739,11617,237055,0.8517407728827403,0.21968504973765118,0.34928169566923983
0926-01-qwen-9b-full,Qwen/Qwen3.5-9B,full_context_targeted,fence_itemwise,anchored_character_coverage,tier_kind_tlevel,L/identifier/T3,40557,12904,133287,0.7586277847402779,0.2332953682611997,0.3568509271683421
0926-02-qwen-9b-local,Qwen/Qwen3.5-9B,local_window,strict,exact_with_invalid_item_fp,doc_type,bank_statement,494,284,25669,0.6349614395886889,0.01888162672476398,0.036672729297353476
0926-02-qwen-9b-local,Qwen/Qwen3.5-9B,local_window,strict,exact_with_invalid_item_fp,doc_type,card_statement,632,387,22518,0.620215897939156,0.027300215982721383,0.05229839877529066
0926-02-qwen-9b-local,Qwen/Qwen3.5-9B,local_window,strict,exact_with_invalid_item_fp,doc_type,complaint_case,364,200,19341,0.6453900709219859,0.01847246891651865,0.03591691746016084
0926-02-qwen-9b-local,Qwen/Qwen3.5-9B,local_window,strict,exact_with_invalid_item_fp,doc_type,cs_transcript,236,231,18072,0.5053533190578159,0.012890539654795717,0.025139813581890814
0926-02-qwen-9b-local,Qwen/Qwen3.5-9B,local_window,strict,exact_with_invalid_item_fp,doc_type,insurance_claim,330,236,18164,0.5830388692579506,0.017843624959446306,0.03462749213011543
0926-02-qwen-9b-local,Qwen/Qwen3.5-9B,local_window,strict,exact_with_invalid_item_fp,doc_type,internal_memo,451,257,23566,0.6370056497175142,0.018778365324561768,0.03648129423660263
0926-02-qwen-9b-local,Qwen/Qwen3.5-9B,local_window,strict,exact_with_invalid_item_fp,doc_type,kyc_form,514,264,24488,0.6606683804627249,0.020558355331573474,0.03987587276958883
0926-02-qwen-9b-local,Qwen/Qwen3.5-9B,local_window,strict,exact_with_invalid_item_fp,doc_type,loan_contract,450,175,17502,0.72,0.025066844919786096,0.04844700436023039
0926-02-qwen-9b-local,Qwen/Qwen3.5-9B,local_window,strict,exact_with_invalid_item_fp,doc_type,phishing_report,273,210,22385,0.5652173913043478,0.012048724512313532,0.02359448597726978
0926-02-qwen-9b-local,Qwen/Qwen3.5-9B,local_window,strict,exact_with_invalid_item_fp,doc_type,securities_trade_report,380,214,22835,0.6397306397306397,0.016368727116088735,0.03192070225544962
0926-02-qwen-9b-local,Qwen/Qwen3.5-9B,local_window,strict,exact_with_invalid_item_fp,variation_level,T0,1779,435,56541,0.8035230352303523,0.030504115226337447,0.05877688571711765
0926-02-qwen-9b-local,Qwen/Qwen3.5-9B,local_window,strict,exact_with_invalid_item_fp,variation_level,T1,860,859,56154,0.5002908667830134,0.015084014452590591,0.029285069722302624
0926-02-qwen-9b-local,Qwen/Qwen3.5-9B,local_window,strict,exact_with_invalid_item_fp,variation_level,T2,770,569,56594,0.5750560119492159,0.013423052785719267,0.02623375295981466
0926-02-qwen-9b-local,Qwen/Qwen3.5-9B,local_window,strict,exact_with_invalid_item_fp,variation_level,T3,715,595,45251,0.5458015267175572,0.015554975416612278,0.03024790591420594
0926-02-qwen-9b-local,Qwen/Qwen3.5-9B,local_window,strict,exact_with_invalid_item_fp,context_len_bucket,16k,2477,1463,125069,0.6286802030456853,0.01942044438869114,0.03767701504342667
0926-02-qwen-9b-local,Qwen/Qwen3.5-9B,local_window,strict,exact_with_invalid_item_fp,context_len_bucket,1k,464,290,26181,0.6153846153846154,0.0174141489960593,0.0338698492645717
0926-02-qwen-9b-local,Qwen/Qwen3.5-9B,local_window,strict,exact_with_invalid_item_fp,context_len_bucket,4k,1183,705,63290,0.6265889830508474,0.018348766150171388,0.03565347116529287
0926-02-qwen-9b-local,Qwen/Qwen3.5-9B,local_window,strict,exact_with_invalid_item_fp,num_subjects,1,1002,698,41256,0.5894117647058823,0.023711486582422264,0.04558897129077756
0926-02-qwen-9b-local,Qwen/Qwen3.5-9B,local_window,strict,exact_with_invalid_item_fp,num_subjects,3,1401,708,71908,0.6642958748221907,0.019110886794254458,0.03715293431276353
0926-02-qwen-9b-local,Qwen/Qwen3.5-9B,local_window,strict,exact_with_invalid_item_fp,num_subjects,8,1721,1052,101376,0.6206274792643347,0.016693017255594245,0.032511570794370455
0926-02-qwen-9b-local,Qwen/Qwen3.5-9B,local_window,strict,exact_with_invalid_item_fp,generator_model,gpt-6-astra,1842,947,76409,0.6604517748296881,0.023539635276226503,0.04545903257650543
0926-02-qwen-9b-local,Qwen/Qwen3.5-9B,local_window,strict,exact_with_invalid_item_fp,generator_model,zai-org/GLM-5.2-FP8,2282,1511,138131,0.6016345900342737,0.016252056433521112,0.031649168550545746
0926-02-qwen-9b-local,Qwen/Qwen3.5-9B,local_window,strict,exact_with_invalid_item_fp,category,access_credential,79,87,1854,0.4759036144578313,0.04086911536471805,0.07527393997141496
0926-02-qwen-9b-local,Qwen/Qwen3.5-9B,local_window,strict,exact_with_invalid_item_fp,category,address,126,102,3114,0.5526315789473685,0.03888888888888889,0.0726643598615917
0926-02-qwen-9b-local,Qwen/Qwen3.5-9B,local_window,strict,exact_with_invalid_item_fp,category,bank_account_no,506,118,16899,0.8108974358974359,0.02907210571674806,0.05613178767541183
0926-02-qwen-9b-local,Qwen/Qwen3.5-9B,local_window,strict,exact_with_invalid_item_fp,category,business_reg_no,24,114,588,0.17391304347826086,0.0392156862745098,0.064
0926-02-qwen-9b-local,Qwen/Qwen3.5-9B,local_window,strict,exact_with_invalid_item_fp,category,card_no,146,43,3138,0.7724867724867724,0.044457978075517664,0.08407716671465591
0926-02-qwen-9b-local,Qwen/Qwen3.5-9B,local_window,strict,exact_with_invalid_item_fp,category,consultation_content,8,55,33862,0.12698412698412698,0.00023619722468260998,0.0004715174019391153
0926-02-qwen-9b-local,Qwen/Qwen3.5-9B,local_window,strict,exact_with_invalid_item_fp,category,contract_no,82,45,5074,0.6456692913385826,0.01590380139643134,0.03104296801060004
0926-02-qwen-9b-local,Qwen/Qwen3.5-9B,local_window,strict,exact_with_invalid_item_fp,category,corp_reg_no,5,2,190,0.7142857142857143,0.02564102564102564,0.04950495049504951
0926-02-qwen-9b-local,Qwen/Qwen3.5-9B,local_window,strict,exact_with_invalid_item_fp,category,credit_score,7,79,2552,0.08139534883720931,0.0027354435326299334,0.005293005671077505
0926-02-qwen-9b-local,Qwen/Qwen3.5-9B,local_window,strict,exact_with_invalid_item_fp,category,credit_transaction,4,217,11269,0.01809954751131222,0.0003548301250776191,0.0006960153123368715
0926-02-qwen-9b-local,Qwen/Qwen3.5-9B,local_window,strict,exact_with_invalid_item_fp,category,customer_id,312,240,6631,0.5652173913043478,0.04493734696816938,0.08325550366911275
0926-02-qwen-9b-local,Qwen/Qwen3.5-9B,local_window,strict,exact_with_invalid_item_fp,category,delinquency_info,1,8,2242,0.1111111111111111,0.00044583147570218456,0.0008880994671403197
0926-02-qwen-9b-local,Qwen/Qwen3.5-9B,local_window,strict,exact_with_invalid_item_fp,category,device_network,0,11,1620,0.0,0.0,0.0
0926-02-qwen-9b-local,Qwen/Qwen3.5-9B,local_window,strict,exact_with_invalid_item_fp,category,dob_age,19,162,4364,0.10497237569060773,0.004334930412959161,0.008326029798422436
0926-02-qwen-9b-local,Qwen/Qwen3.5-9B,local_window,strict,exact_with_invalid_item_fp,category,driver_license_no,24,9,492,0.7272727272727273,0.046511627906976744,0.08743169398907104
0926-02-qwen-9b-local,Qwen/Qwen3.5-9B,local_window,strict,exact_with_invalid_item_fp,category,education,0,1,607,0.0,0.0,0.0
0926-02-qwen-9b-local,Qwen/Qwen3.5-9B,local_window,strict,exact_with_invalid_item_fp,category,email,194,150,2972,0.563953488372093,0.06127605811749842,0.11054131054131054
0926-02-qwen-9b-local,Qwen/Qwen3.5-9B,local_window,strict,exact_with_invalid_item_fp,category,employer_affiliation,13,34,4349,0.2765957446808511,0.0029802842732691427,0.005897028804717623
0926-02-qwen-9b-local,Qwen/Qwen3.5-9B,local_window,strict,exact_with_invalid_item_fp,category,family_relation,0,2,2100,0.0,0.0,0.0
0926-02-qwen-9b-local,Qwen/Qwen3.5-9B,local_window,strict,exact_with_invalid_item_fp,category,financial_capacity,19,47,9768,0.2878787878787879,0.0019413507714314908,0.0038566933928752666
0926-02-qwen-9b-local,Qwen/Qwen3.5-9B,local_window,strict,exact_with_invalid_item_fp,category,foreigner_reg_no,34,19,810,0.6415094339622641,0.04028436018957346,0.0758082497212932
0926-02-qwen-9b-local,Qwen/Qwen3.5-9B,local_window,strict,exact_with_invalid_item_fp,category,gender,14,45,3379,0.23728813559322035,0.00412614205717654,0.008111239860950173
0926-02-qwen-9b-local,Qwen/Qwen3.5-9B,local_window,strict,exact_with_invalid_item_fp,category,investment_profile,1,6,3299,0.14285714285714285,0.00030303030303030303,0.0006047777441790142
0926-02-qwen-9b-local,Qwen/Qwen3.5-9B,local_window,strict,exact_with_invalid_item_fp,category,life_event,2,6,1591,0.25,0.0012554927809165098,0.0024984384759525295
0926-02-qwen-9b-local,Qwen/Qwen3.5-9B,local_window,strict,exact_with_invalid_item_fp,category,location_mention,4,22,2032,0.15384615384615385,0.0019646365422396855,0.0038797284190106693
0926-02-qwen-9b-local,Qwen/Qwen3.5-9B,local_window,strict,exact_with_invalid_item_fp,category,nationality,25,30,3295,0.45454545454545453,0.007530120481927711,0.014814814814814815
0926-02-qwen-9b-local,Qwen/Qwen3.5-9B,local_window,strict,exact_with_invalid_item_fp,category,online_handle,36,60,522,0.375,0.06451612903225806,0.11009174311926606
0926-02-qwen-9b-local,Qwen/Qwen3.5-9B,local_window,strict,exact_with_invalid_item_fp,category,passport_no,14,4,546,0.7777777777777778,0.025,0.04844290657439446
0926-02-qwen-9b-local,Qwen/Qwen3.5-9B,local_window,strict,exact_with_invalid_item_fp,category,person_name,1630,504,37507,0.7638238050609185,0.04164856785139382,0.0789900898936299
0926-02-qwen-9b-local,Qwen/Qwen3.5-9B,local_window,strict,exact_with_invalid_item_fp,category,phone_no,459,113,7807,0.8024475524475524,0.05552867166706992,0.10386965376782077
0926-02-qwen-9b-local,Qwen/Qwen3.5-9B,local_window,strict,exact_with_invalid_item_fp,category,public_record,0,8,796,0.0,0.0,0.0
0926-02-qwen-9b-local,Qwen/Qwen3.5-9B,local_window,strict,exact_with_invalid_item_fp,category,rrn,220,45,5785,0.8301886792452831,0.03663613655287261,0.07017543859649122
0926-02-qwen-9b-local,Qwen/Qwen3.5-9B,local_window,strict,exact_with_invalid_item_fp,category,securities_account_no,70,10,3121,0.875,0.021936696960200563,0.042800366860287375
0926-02-qwen-9b-local,Qwen/Qwen3.5-9B,local_window,strict,exact_with_invalid_item_fp,category,sensitive_info,1,19,1989,0.05,0.0005025125628140704,0.0009950248756218905
0926-02-qwen-9b-local,Qwen/Qwen3.5-9B,local_window,strict,exact_with_invalid_item_fp,category,service_usage,1,3,3562,0.25,0.000280662363177098,0.000560695262125035
0926-02-qwen-9b-local,Qwen/Qwen3.5-9B,local_window,strict,exact_with_invalid_item_fp,category,transaction_record,44,38,24814,0.5365853658536586,0.001770053906187143,0.003528468323977546
0926-02-qwen-9b-local,Qwen/Qwen3.5-9B,local_window,strict,exact_with_invalid_item_fp,tier_kind_tlevel,I/attribute/T0,40,79,16278,0.33613445378151263,0.0024512807942149773,0.0048670681997931495
0926-02-qwen-9b-local,Qwen/Qwen3.5-9B,local_window,strict,exact_with_invalid_item_fp,tier_kind_tlevel,I/attribute/T1,12,80,15614,0.13043478260869565,0.0007679508511455267,0.0015269118208423463
0926-02-qwen-9b-local,Qwen/Qwen3.5-9B,local_window,strict,exact_with_invalid_item_fp,tier_kind_tlevel,I/attribute/T2,17,101,15847,0.1440677966101695,0.0010716086737266768,0.0021273933174821673
0926-02-qwen-9b-local,Qwen/Qwen3.5-9B,local_window,strict,exact_with_invalid_item_fp,tier_kind_tlevel,I/attribute/T3,18,117,16321,0.13333333333333333,0.0011016586082379582,0.0021852616243778072
0926-02-qwen-9b-local,Qwen/Qwen3.5-9B,local_window,strict,exact_with_invalid_item_fp,tier_kind_tlevel,L/attribute/T0,13,80,13982,0.13978494623655913,0.0009289031797070382,0.0018455423055082339
0926-02-qwen-9b-local,Qwen/Qwen3.5-9B,local_window,strict,exact_with_invalid_item_fp,tier_kind_tlevel,L/attribute/T1,17,94,13595,0.15315315315315314,0.0012488980311489862,0.002477592363185892
0926-02-qwen-9b-local,Qwen/Qwen3.5-9B,local_window,strict,exact_with_invalid_item_fp,tier_kind_tlevel,L/attribute/T2,11,82,13348,0.11827956989247312,0.0008234149262669362,0.0016354445435622957
0926-02-qwen-9b-local,Qwen/Qwen3.5-9B,local_window,strict,exact_with_invalid_item_fp,tier_kind_tlevel,L/attribute/T3,35,160,12505,0.1794871794871795,0.0027910685805422647,0.005496662740478995
0926-02-qwen-9b-local,Qwen/Qwen3.5-9B,local_window,strict,exact_with_invalid_item_fp,tier_kind_tlevel,L/identifier/T0,1726,276,26281,0.8621378621378621,0.06162745028028707,0.1150321570195608
0926-02-qwen-9b-local,Qwen/Qwen3.5-9B,local_window,strict,exact_with_invalid_item_fp,tier_kind_tlevel,L/identifier/T1,831,685,26945,0.5481530343007915,0.02991791474654378,0.05673904137648505
0926-02-qwen-9b-local,Qwen/Qwen3.5-9B,local_window,strict,exact_with_invalid_item_fp,tier_kind_tlevel,L/identifier/T2,742,386,27399,0.6578014184397163,0.026367222202480365,0.05070210803238922
0926-02-qwen-9b-local,Qwen/Qwen3.5-9B,local_window,strict,exact_with_invalid_item_fp,tier_kind_tlevel,L/identifier/T3,662,318,16425,0.6755102040816326,0.038742903962076435,0.07328278076050257
0926-02-qwen-9b-local,Qwen/Qwen3.5-9B,local_window,strict,anchored_character_coverage,doc_type,bank_statement,5868,4327,1147912,0.5755762628739578,0.005085891591117891,0.010082690779441138
0926-02-qwen-9b-local,Qwen/Qwen3.5-9B,local_window,strict,anchored_character_coverage,doc_type,card_statement,12071,4164,782706,0.7435170927009547,0.015187908054712202,0.02976774696305357
0926-02-qwen-9b-local,Qwen/Qwen3.5-9B,local_window,strict,anchored_character_coverage,doc_type,complaint_case,4363,1344,713076,0.7644997371648852,0.006081353257907641,0.012066719583597226
0926-02-qwen-9b-local,Qwen/Qwen3.5-9B,local_window,strict,anchored_character_coverage,doc_type,cs_transcript,3855,1418,433410,0.7310828750237057,0.008816164111008199,0.017422232667025205
0926-02-qwen-9b-local,Qwen/Qwen3.5-9B,local_window,strict,anchored_character_coverage,doc_type,insurance_claim,3998,2192,637753,0.6458804523424879,0.0062298305729169105,0.012340629779563263
0926-02-qwen-9b-local,Qwen/Qwen3.5-9B,local_window,strict,anchored_character_coverage,doc_type,internal_memo,5531,1775,646410,0.7570490008212428,0.008483896548920839,0.016779750230186866
0926-02-qwen-9b-local,Qwen/Qwen3.5-9B,local_window,strict,anchored_character_coverage,doc_type,kyc_form,8000,1917,640213,0.8066955732580418,0.012341622275394044,0.02431130627687539
0926-02-qwen-9b-local,Qwen/Qwen3.5-9B,local_window,strict,anchored_character_coverage,doc_type,loan_contract,5197,1426,359949,0.7846897176506115,0.014232663099143904,0.027958221368645585
0926-02-qwen-9b-local,Qwen/Qwen3.5-9B,local_window,strict,anchored_character_coverage,doc_type,phishing_report,3875,1255,657670,0.7553606237816765,0.005857500245637107,0.011624854689316384
0926-02-qwen-9b-local,Qwen/Qwen3.5-9B,local_window,strict,anchored_character_coverage,doc_type,securities_trade_report,5399,1827,804547,0.7471630224190423,0.006665876490531467,0.013213864400640258
0926-02-qwen-9b-local,Qwen/Qwen3.5-9B,local_window,strict,anchored_character_coverage,variation_level,T0,19508,3979,1729209,0.8305871333077873,0.011155607225182806,0.022015524172160766
0926-02-qwen-9b-local,Qwen/Qwen3.5-9B,local_window,strict,anchored_character_coverage,variation_level,T1,15457,4699,1788002,0.7668684262750546,0.008570752093615658,0.016952043057333922
0926-02-qwen-9b-local,Qwen/Qwen3.5-9B,local_window,strict,anchored_character_coverage,variation_level,T2,12296,4692,1795037,0.7238050388509536,0.006803394836480051,0.013480083822967559
0926-02-qwen-9b-local,Qwen/Qwen3.5-9B,local_window,strict,anchored_character_coverage,variation_level,T3,10896,8275,1511398,0.5683584580877367,0.007157618699147471,0.014137200650030978
0926-02-qwen-9b-local,Qwen/Qwen3.5-9B,local_window,strict,anchored_character_coverage,context_len_bucket,16k,35065,14792,4499032,0.7033114708065066,0.007733623696184709,0.015299019143734863
0926-02-qwen-9b-local,Qwen/Qwen3.5-9B,local_window,strict,anchored_character_coverage,context_len_bucket,1k,6846,2289,549682,0.7494252873563219,0.012301267860736567,0.02420522466556943
0926-02-qwen-9b-local,Qwen/Qwen3.5-9B,local_window,strict,anchored_character_coverage,context_len_bucket,4k,16246,4564,1774932,0.7806823642479577,0.009070008675854661,0.017931686081806283
0926-02-qwen-9b-local,Qwen/Qwen3.5-9B,local_window,strict,anchored_character_coverage,num_subjects,1,14562,8352,1830548,0.6355066771406127,0.007892212388421287,0.015590806113840078
0926-02-qwen-9b-local,Qwen/Qwen3.5-9B,local_window,strict,anchored_character_coverage,num_subjects,3,18412,5865,2335368,0.7584133130123162,0.007822311346005148,0.015484910580360353
0926-02-qwen-9b-local,Qwen/Qwen3.5-9B,local_window,strict,anchored_character_coverage,num_subjects,8,25183,7428,2657730,0.7722240961638711,0.009386439291918895,0.01854743320257895
0926-02-qwen-9b-local,Qwen/Qwen3.5-9B,local_window,strict,anchored_character_coverage,generator_model,gpt-6-astra,25498,7106,3257234,0.782051282051282,0.007767310886176514,0.015381849682807414
0926-02-qwen-9b-local,Qwen/Qwen3.5-9B,local_window,strict,anchored_character_coverage,generator_model,zai-org/GLM-5.2-FP8,32659,14539,3566412,0.6919572863256918,0.009074286114388963,0.017913653655284346
0926-02-qwen-9b-local,Qwen/Qwen3.5-9B,local_window,strict,anchored_character_coverage,category,access_credential,591,769,12497,0.4345588235294118,0.045155867970660145,0.08181063122923588
0926-02-qwen-9b-local,Qwen/Qwen3.5-9B,local_window,strict,anchored_character_coverage,category,address,3441,690,66381,0.8329702251270878,0.04928246111540775,0.09305910510729788
0926-02-qwen-9b-local,Qwen/Qwen3.5-9B,local_window,strict,anchored_character_coverage,category,bank_account_no,8792,958,264274,0.9017435897435897,0.03219734423179744,0.06217470015840688
0926-02-qwen-9b-local,Qwen/Qwen3.5-9B,local_window,strict,anchored_character_coverage,category,business_reg_no,379,1645,7338,0.18725296442687747,0.04911234935855902,0.07781541936146186
0926-02-qwen-9b-local,Qwen/Qwen3.5-9B,local_window,strict,anchored_character_coverage,category,card_no,3081,414,59431,0.8815450643776824,0.0492865369848989,0.09335373520990198
0926-02-qwen-9b-local,Qwen/Qwen3.5-9B,local_window,strict,anchored_character_coverage,category,consultation_content,1789,6142,2337623,0.22557054595889547,0.0007647220754616972,0.0015242765969864652
0926-02-qwen-9b-local,Qwen/Qwen3.5-9B,local_window,strict,anchored_character_coverage,category,contract_no,1075,402,58196,0.7278266756939743,0.01813703160061413,0.03539211167445842
0926-02-qwen-9b-local,Qwen/Qwen3.5-9B,local_window,strict,anchored_character_coverage,category,corp_reg_no,100,7,2714,0.9345794392523364,0.03553660270078181,0.06846970215679561
0926-02-qwen-9b-local,Qwen/Qwen3.5-9B,local_window,strict,anchored_character_coverage,category,credit_score,690,185,70593,0.7885714285714286,0.00967972728420521,0.019124698578120235
0926-02-qwen-9b-local,Qwen/Qwen3.5-9B,local_window,strict,anchored_character_coverage,category,credit_transaction,1199,2073,542233,0.36644254278728605,0.0022063478043251043,0.004386285814627294
0926-02-qwen-9b-local,Qwen/Qwen3.5-9B,local_window,strict,anchored_character_coverage,category,customer_id,3213,2053,62070,0.6101405241169768,0.049216488212857866,0.09108562842846815
0926-02-qwen-9b-local,Qwen/Qwen3.5-9B,local_window,strict,anchored_character_coverage,category,delinquency_info,54,91,88780,0.3724137931034483,0.0006078753630366752,0.001213769541127682
0926-02-qwen-9b-local,Qwen/Qwen3.5-9B,local_window,strict,anchored_character_coverage,category,device_network,167,5,58714,0.9709302325581395,0.0028362290042628353,0.005655936192911453
0926-02-qwen-9b-local,Qwen/Qwen3.5-9B,local_window,strict,anchored_character_coverage,category,dob_age,1225,435,86234,0.7379518072289156,0.014006563075269554,0.027491331814764527
0926-02-qwen-9b-local,Qwen/Qwen3.5-9B,local_window,strict,anchored_character_coverage,category,driver_license_no,419,101,7608,0.8057692307692308,0.05219882895228604,0.09804609804609804
0926-02-qwen-9b-local,Qwen/Qwen3.5-9B,local_window,strict,anchored_character_coverage,category,education,4,0,16119,1.0,0.00024809278670222663,0.0004960625038754883
0926-02-qwen-9b-local,Qwen/Qwen3.5-9B,local_window,strict,anchored_character_coverage,category,email,6372,218,58062,0.9669195751138088,0.0988918893751746,0.17943230457310205
0926-02-qwen-9b-local,Qwen/Qwen3.5-9B,local_window,strict,anchored_character_coverage,category,employer_affiliation,344,135,71113,0.7181628392484343,0.004814083994570161,0.00956405693950178
0926-02-qwen-9b-local,Qwen/Qwen3.5-9B,local_window,strict,anchored_character_coverage,category,family_relation,0,14,49598,0.0,0.0,0.0
0926-02-qwen-9b-local,Qwen/Qwen3.5-9B,local_window,strict,anchored_character_coverage,category,financial_capacity,1075,663,255105,0.6185270425776754,0.004196268248887501,0.008335982754208701
0926-02-qwen-9b-local,Qwen/Qwen3.5-9B,local_window,strict,anchored_character_coverage,category,foreigner_reg_no,533,174,11667,0.7538896746817539,0.04368852459016393,0.08259084217866274
0926-02-qwen-9b-local,Qwen/Qwen3.5-9B,local_window,strict,anchored_character_coverage,category,gender,189,8,23564,0.9593908629441624,0.007956889656043447,0.015782881002087683
0926-02-qwen-9b-local,Qwen/Qwen3.5-9B,local_window,strict,anchored_character_coverage,category,investment_profile,115,10,138213,0.92,0.0008313573535365219,0.0016612135526135224
0926-02-qwen-9b-local,Qwen/Qwen3.5-9B,local_window,strict,anchored_character_coverage,category,life_event,69,57,57405,0.5476190476190477,0.001200542854160142,0.002395833333333333
0926-02-qwen-9b-local,Qwen/Qwen3.5-9B,local_window,strict,anchored_character_coverage,category,location_mention,170,215,40066,0.44155844155844154,0.004225072074758922,0.008370054897713006
0926-02-qwen-9b-local,Qwen/Qwen3.5-9B,local_window,strict,anchored_character_coverage,category,nationality,321,5,30226,0.9846625766871165,0.01050839689658559,0.020794869303274705
0926-02-qwen-9b-local,Qwen/Qwen3.5-9B,local_window,strict,anchored_character_coverage,category,online_handle,520,621,5092,0.45574057843996496,0.09265858873841767,0.15400562712868354
0926-02-qwen-9b-local,Qwen/Qwen3.5-9B,local_window,strict,anchored_character_coverage,category,passport_no,165,35,5115,0.825,0.03125,0.060218978102189784
0926-02-qwen-9b-local,Qwen/Qwen3.5-9B,local_window,strict,anchored_character_coverage,category,person_name,7767,960,158594,0.8899965623925747,0.04668762510444155,0.08872110024673308
0926-02-qwen-9b-local,Qwen/Qwen3.5-9B,local_window,strict,anchored_character_coverage,category,phone_no,6628,929,107123,0.877067619425698,0.058267619625321974,0.10927556302964356
0926-02-qwen-9b-local,Qwen/Qwen3.5-9B,local_window,strict,anchored_character_coverage,category,public_record,98,20,37083,0.8305084745762712,0.0026357548210107313,0.005254832569237781
0926-02-qwen-9b-local,Qwen/Qwen3.5-9B,local_window,strict,anchored_character_coverage,category,rrn,3389,326,83484,0.9122476446837147,0.03901097003672027,0.07482227226564225
0926-02-qwen-9b-local,Qwen/Qwen3.5-9B,local_window,strict,anchored_character_coverage,category,securities_account_no,846,46,35202,0.9484304932735426,0.023468708388814912,0.045804006497022196
0926-02-qwen-9b-local,Qwen/Qwen3.5-9B,local_window,strict,anchored_character_coverage,category,sensitive_info,122,113,129496,0.5191489361702127,0.0009412272986776528,0.0018790478464109416
0926-02-qwen-9b-local,Qwen/Qwen3.5-9B,local_window,strict,anchored_character_coverage,category,service_usage,89,104,170791,0.46113989637305697,0.0005208333333333333,0.0010404914860907331
0926-02-qwen-9b-local,Qwen/Qwen3.5-9B,local_window,strict,anchored_character_coverage,category,transaction_record,3126,1022,1615842,0.7536162005785921,0.0019308596587455712,0.003851850391469248
0926-02-qwen-9b-local,Qwen/Qwen3.5-9B,local_window,strict,anchored_character_coverage,tier_kind_tlevel,I/attribute/T0,1056,623,771361,0.6289458010720667,0.0013671371810822393,0.0027283437713151856
0926-02-qwen-9b-local,Qwen/Qwen3.5-9B,local_window,strict,anchored_character_coverage,tier_kind_tlevel,I/attribute/T1,1002,1072,771362,0.4831243972999036,0.0012973157733918205,0.0025876829391119753
0926-02-qwen-9b-local,Qwen/Qwen3.5-9B,local_window,strict,anchored_character_coverage,tier_kind_tlevel,I/attribute/T2,1091,1057,788708,0.5079143389199255,0.0013813641192252713,0.0027552348831424325
0926-02-qwen-9b-local,Qwen/Qwen3.5-9B,local_window,strict,anchored_character_coverage,tier_kind_tlevel,I/attribute/T3,1333,4378,748235,0.23340921029592016,0.0017783576673497269,0.0035298214302264463
0926-02-qwen-9b-local,Qwen/Qwen3.5-9B,local_window,strict,anchored_character_coverage,tier_kind_tlevel,L/attribute/T0,880,532,704948,0.623229461756374,0.001246762667392056,0.002488547027883038
0926-02-qwen-9b-local,Qwen/Qwen3.5-9B,local_window,strict,anchored_character_coverage,tier_kind_tlevel,L/attribute/T1,1503,803,725543,0.6517779705117086,0.0020672694712576645,0.004121466726628569
0926-02-qwen-9b-local,Qwen/Qwen3.5-9B,local_window,strict,anchored_character_coverage,tier_kind_tlevel,L/attribute/T2,1404,1451,712336,0.49176882661996496,0.001967102866590075,0.003918531388022523
0926-02-qwen-9b-local,Qwen/Qwen3.5-9B,local_window,strict,anchored_character_coverage,tier_kind_tlevel,L/attribute/T3,2577,1381,596305,0.6510864072764022,0.004303017956792824,0.008549532214186185
0926-02-qwen-9b-local,Qwen/Qwen3.5-9B,local_window,strict,anchored_character_coverage,tier_kind_tlevel,L/identifier/T0,17572,2824,252900,0.8615414787213179,0.0649679079535035,0.12082456647001388
0926-02-qwen-9b-local,Qwen/Qwen3.5-9B,local_window,strict,anchored_character_coverage,tier_kind_tlevel,L/identifier/T1,12952,2824,291097,0.8209939148073022,0.042598396968909616,0.08099429375439694
0926-02-qwen-9b-local,Qwen/Qwen3.5-9B,local_window,strict,anchored_character_coverage,tier_kind_tlevel,L/identifier/T2,9801,2184,293993,0.8177722152690864,0.03226199332442379,0.06207505882278429
0926-02-qwen-9b-local,Qwen/Qwen3.5-9B,local_window,strict,anchored_character_coverage,tier_kind_tlevel,L/identifier/T3,6986,2516,166858,0.7352136392338455,0.04018545362508916,0.07620564397368909
0926-02-qwen-9b-local,Qwen/Qwen3.5-9B,local_window,itemwise,exact_with_invalid_item_fp,doc_type,bank_statement,2991,9961,23172,0.23092958616429896,0.11432175209264993,0.15293365716477056
0926-02-qwen-9b-local,Qwen/Qwen3.5-9B,local_window,itemwise,exact_with_invalid_item_fp,doc_type,card_statement,2824,10490,20326,0.2121075559561364,0.12198704103671706,0.15489249670908292
0926-02-qwen-9b-local,Qwen/Qwen3.5-9B,local_window,itemwise,exact_with_invalid_item_fp,doc_type,complaint_case,2360,8741,17345,0.21259346004864427,0.11976655671149454,0.1532169057975719
0926-02-qwen-9b-local,Qwen/Qwen3.5-9B,local_window,itemwise,exact_with_invalid_item_fp,doc_type,cs_transcript,2194,7536,16114,0.22548818088386433,0.11983832204500765,0.1565018902917469
0926-02-qwen-9b-local,Qwen/Qwen3.5-9B,local_window,itemwise,exact_with_invalid_item_fp,doc_type,insurance_claim,2566,8481,15928,0.23228025708337105,0.13874770195739158,0.1737246538708913
0926-02-qwen-9b-local,Qwen/Qwen3.5-9B,local_window,itemwise,exact_with_invalid_item_fp,doc_type,internal_memo,2655,13614,21362,0.163193804167435,0.11054669609026939,0.1318075758327955
0926-02-qwen-9b-local,Qwen/Qwen3.5-9B,local_window,itemwise,exact_with_invalid_item_fp,doc_type,kyc_form,3647,10908,21355,0.2505668155273102,0.14586833053355733,0.18439214298354273
0926-02-qwen-9b-local,Qwen/Qwen3.5-9B,local_window,itemwise,exact_with_invalid_item_fp,doc_type,loan_contract,2921,9129,15031,0.24240663900414938,0.16271167557932265,0.1947203519765349
0926-02-qwen-9b-local,Qwen/Qwen3.5-9B,local_window,itemwise,exact_with_invalid_item_fp,doc_type,phishing_report,3126,9173,19532,0.25416700544759735,0.1379645158442934,0.17884829933918814
0926-02-qwen-9b-local,Qwen/Qwen3.5-9B,local_window,itemwise,exact_with_invalid_item_fp,doc_type,securities_trade_report,2396,9243,20819,0.20585960993212477,0.10320913202670687,0.1374878062776152
0926-02-qwen-9b-local,Qwen/Qwen3.5-9B,local_window,itemwise,exact_with_invalid_item_fp,variation_level,T0,11095,26098,47225,0.29830882155244265,0.1902434842249657,0.2323243956320082
0926-02-qwen-9b-local,Qwen/Qwen3.5-9B,local_window,itemwise,exact_with_invalid_item_fp,variation_level,T1,6386,27502,50628,0.18844428706326724,0.11200757708632968,0.14050295923082
0926-02-qwen-9b-local,Qwen/Qwen3.5-9B,local_window,itemwise,exact_with_invalid_item_fp,variation_level,T2,5898,24974,51466,0.19104690334283495,0.1028170978313925,0.13368693050455596
0926-02-qwen-9b-local,Qwen/Qwen3.5-9B,local_window,itemwise,exact_with_invalid_item_fp,variation_level,T3,4301,18702,41665,0.18697561187671174,0.0935691598137754,0.12472270150357406
0926-02-qwen-9b-local,Qwen/Qwen3.5-9B,local_window,itemwise,exact_with_invalid_item_fp,context_len_bucket,16k,15595,63732,111951,0.1965913245175035,0.12226961253194926,0.15076882918505558
0926-02-qwen-9b-local,Qwen/Qwen3.5-9B,local_window,itemwise,exact_with_invalid_item_fp,context_len_bucket,1k,3854,8437,22791,0.3135627695061427,0.14464252204916495,0.19796589274707213
0926-02-qwen-9b-local,Qwen/Qwen3.5-9B,local_window,itemwise,exact_with_invalid_item_fp,context_len_bucket,4k,8231,25107,56242,0.2468954346391505,0.12766584461712654,0.16830417846663462
0926-02-qwen-9b-local,Qwen/Qwen3.5-9B,local_window,itemwise,exact_with_invalid_item_fp,num_subjects,1,4529,17889,37729,0.2020251583548934,0.107174972786218,0.1400519512647659
0926-02-qwen-9b-local,Qwen/Qwen3.5-9B,local_window,itemwise,exact_with_invalid_item_fp,num_subjects,3,9504,32361,63805,0.22701540666427802,0.1296430179104885,0.16503724798999775
0926-02-qwen-9b-local,Qwen/Qwen3.5-9B,local_window,itemwise,exact_with_invalid_item_fp,num_subjects,8,13647,47026,89450,0.2249270680533351,0.13237048604712068,0.16666056054222386
0926-02-qwen-9b-local,Qwen/Qwen3.5-9B,local_window,itemwise,exact_with_invalid_item_fp,generator_model,gpt-6-astra,8938,23811,69313,0.2729243641027207,0.11422218246412186,0.16104504504504505
0926-02-qwen-9b-local,Qwen/Qwen3.5-9B,local_window,itemwise,exact_with_invalid_item_fp,generator_model,zai-org/GLM-5.2-FP8,18742,73465,121671,0.20326005617794746,0.13347766944656123,0.1611383372023042
0926-02-qwen-9b-local,Qwen/Qwen3.5-9B,local_window,itemwise,exact_with_invalid_item_fp,category,__unassigned_invalid_item__,0,4600,0,0.0,0.0,0.0
0926-02-qwen-9b-local,Qwen/Qwen3.5-9B,local_window,itemwise,exact_with_invalid_item_fp,category,access_credential,502,2466,1431,0.16913746630727763,0.2596999482669426,0.20485615180575392
0926-02-qwen-9b-local,Qwen/Qwen3.5-9B,local_window,itemwise,exact_with_invalid_item_fp,category,address,925,3136,2315,0.2277764097512928,0.2854938271604938,0.2533899465826599
0926-02-qwen-9b-local,Qwen/Qwen3.5-9B,local_window,itemwise,exact_with_invalid_item_fp,category,bank_account_no,3896,6420,13509,0.37766576192322604,0.2238437230680839,0.2810865408895783
0926-02-qwen-9b-local,Qwen/Qwen3.5-9B,local_window,itemwise,exact_with_invalid_item_fp,category,business_reg_no,209,1212,403,0.1470795214637579,0.3415032679738562,0.205607476635514
0926-02-qwen-9b-local,Qwen/Qwen3.5-9B,local_window,itemwise,exact_with_invalid_item_fp,category,card_no,911,1622,2373,0.3596525858665614,0.2774056029232643,0.3132198727866598
0926-02-qwen-9b-local,Qwen/Qwen3.5-9B,local_window,itemwise,exact_with_invalid_item_fp,category,consultation_content,74,2078,33796,0.03438661710037175,0.0021848243283141425,0.004108600299816779
0926-02-qwen-9b-local,Qwen/Qwen3.5-9B,local_window,itemwise,exact_with_invalid_item_fp,category,contract_no,718,1633,4438,0.3054019566142067,0.13925523661753297,0.19128813107766085
0926-02-qwen-9b-local,Qwen/Qwen3.5-9B,local_window,itemwise,exact_with_invalid_item_fp,category,corp_reg_no,38,53,157,0.4175824175824176,0.19487179487179487,0.26573426573426573
0926-02-qwen-9b-local,Qwen/Qwen3.5-9B,local_window,itemwise,exact_with_invalid_item_fp,category,credit_score,73,2663,2486,0.0266812865497076,0.028526768268855023,0.02757318224740321
0926-02-qwen-9b-local,Qwen/Qwen3.5-9B,local_window,itemwise,exact_with_invalid_item_fp,category,credit_transaction,40,11643,11233,0.0034237781391765814,0.003548301250776191,0.003484927687750479
0926-02-qwen-9b-local,Qwen/Qwen3.5-9B,local_window,itemwise,exact_with_invalid_item_fp,category,customer_id,2371,5405,4572,0.3049125514403292,0.341495030966441,0.3221686255859773
0926-02-qwen-9b-local,Qwen/Qwen3.5-9B,local_window,itemwise,exact_with_invalid_item_fp,category,delinquency_info,12,480,2231,0.024390243902439025,0.005349977708426215,0.008775137111517367
0926-02-qwen-9b-local,Qwen/Qwen3.5-9B,local_window,itemwise,exact_with_invalid_item_fp,category,device_network,9,285,1611,0.030612244897959183,0.005555555555555556,0.009404388714733543
0926-02-qwen-9b-local,Qwen/Qwen3.5-9B,local_window,itemwise,exact_with_invalid_item_fp,category,dob_age,112,10120,4271,0.0109460516028147,0.025553274013232947,0.015326719124187479
0926-02-qwen-9b-local,Qwen/Qwen3.5-9B,local_window,itemwise,exact_with_invalid_item_fp,category,driver_license_no,171,321,345,0.3475609756097561,0.3313953488372093,0.3392857142857143
0926-02-qwen-9b-local,Qwen/Qwen3.5-9B,local_window,itemwise,exact_with_invalid_item_fp,category,education,8,153,599,0.049689440993788817,0.013179571663920923,0.020833333333333332
0926-02-qwen-9b-local,Qwen/Qwen3.5-9B,local_window,itemwise,exact_with_invalid_item_fp,category,email,931,2733,2235,0.2540938864628821,0.29406190777005686,0.2726207906295754
0926-02-qwen-9b-local,Qwen/Qwen3.5-9B,local_window,itemwise,exact_with_invalid_item_fp,category,employer_affiliation,65,1407,4297,0.044157608695652176,0.014901421366345712,0.02228316763798423
0926-02-qwen-9b-local,Qwen/Qwen3.5-9B,local_window,itemwise,exact_with_invalid_item_fp,category,family_relation,6,118,2094,0.04838709677419355,0.002857142857142857,0.00539568345323741
0926-02-qwen-9b-local,Qwen/Qwen3.5-9B,local_window,itemwise,exact_with_invalid_item_fp,category,financial_capacity,142,1956,9645,0.06768350810295519,0.014509042607540615,0.023895666806899453
0926-02-qwen-9b-local,Qwen/Qwen3.5-9B,local_window,itemwise,exact_with_invalid_item_fp,category,foreigner_reg_no,228,886,616,0.20466786355475763,0.27014218009478674,0.23289070480081717
0926-02-qwen-9b-local,Qwen/Qwen3.5-9B,local_window,itemwise,exact_with_invalid_item_fp,category,gender,123,1713,3270,0.06699346405228758,0.036251105216622455,0.04704532415375789
0926-02-qwen-9b-local,Qwen/Qwen3.5-9B,local_window,itemwise,exact_with_invalid_item_fp,category,investment_profile,17,546,3283,0.03019538188277087,0.005151515151515152,0.008801449650530676
0926-02-qwen-9b-local,Qwen/Qwen3.5-9B,local_window,itemwise,exact_with_invalid_item_fp,category,life_event,7,289,1586,0.02364864864864865,0.004394224733207784,0.007411328745367919
0926-02-qwen-9b-local,Qwen/Qwen3.5-9B,local_window,itemwise,exact_with_invalid_item_fp,category,location_mention,24,502,2012,0.045627376425855515,0.011787819253438114,0.01873536299765808
0926-02-qwen-9b-local,Qwen/Qwen3.5-9B,local_window,itemwise,exact_with_invalid_item_fp,category,nationality,353,1219,2967,0.22455470737913485,0.10632530120481928,0.14431725265739984
0926-02-qwen-9b-local,Qwen/Qwen3.5-9B,local_window,itemwise,exact_with_invalid_item_fp,category,online_handle,176,843,382,0.17271835132482827,0.3154121863799283,0.22320862396956245
0926-02-qwen-9b-local,Qwen/Qwen3.5-9B,local_window,itemwise,exact_with_invalid_item_fp,category,passport_no,176,208,384,0.4583333333333333,0.3142857142857143,0.3728813559322034
0926-02-qwen-9b-local,Qwen/Qwen3.5-9B,local_window,itemwise,exact_with_invalid_item_fp,category,person_name,9395,17126,29742,0.3542475773915011,0.24005416868947543,0.2861799019159889
0926-02-qwen-9b-local,Qwen/Qwen3.5-9B,local_window,itemwise,exact_with_invalid_item_fp,category,phone_no,3205,6012,5061,0.34772702614733647,0.38773288168400677,0.36664188068409315
0926-02-qwen-9b-local,Qwen/Qwen3.5-9B,local_window,itemwise,exact_with_invalid_item_fp,category,public_record,4,164,792,0.023809523809523808,0.005025125628140704,0.008298755186721992
0926-02-qwen-9b-local,Qwen/Qwen3.5-9B,local_window,itemwise,exact_with_invalid_item_fp,category,rrn,1948,2484,4057,0.4395306859205776,0.3243963363863447,0.3732873431062566
0926-02-qwen-9b-local,Qwen/Qwen3.5-9B,local_window,itemwise,exact_with_invalid_item_fp,category,securities_account_no,480,656,2711,0.4225352112676056,0.15042306486994672,0.22186272244048993
0926-02-qwen-9b-local,Qwen/Qwen3.5-9B,local_window,itemwise,exact_with_invalid_item_fp,category,sensitive_info,7,261,1983,0.026119402985074626,0.0035175879396984926,0.006200177147918512
0926-02-qwen-9b-local,Qwen/Qwen3.5-9B,local_window,itemwise,exact_with_invalid_item_fp,category,service_usage,15,259,3548,0.05474452554744526,0.004209935447656469,0.007818608287724784
0926-02-qwen-9b-local,Qwen/Qwen3.5-9B,local_window,itemwise,exact_with_invalid_item_fp,category,transaction_record,309,3604,24549,0.07896754408382316,0.01243060584117789,0.021479962462201522
0926-02-qwen-9b-local,Qwen/Qwen3.5-9B,local_window,itemwise,exact_with_invalid_item_fp,tier_kind_tlevel,I/attribute/T0,221,4540,16097,0.04641881957571939,0.013543326388037749,0.020968736657336687
0926-02-qwen-9b-local,Qwen/Qwen3.5-9B,local_window,itemwise,exact_with_invalid_item_fp,tier_kind_tlevel,I/attribute/T1,241,4575,15385,0.05004152823920266,0.015423012927172661,0.02357890617356423
0926-02-qwen-9b-local,Qwen/Qwen3.5-9B,local_window,itemwise,exact_with_invalid_item_fp,tier_kind_tlevel,I/attribute/T2,160,4955,15704,0.03128054740957967,0.010085728693898134,0.01525334858668192
0926-02-qwen-9b-local,Qwen/Qwen3.5-9B,local_window,itemwise,exact_with_invalid_item_fp,tier_kind_tlevel,I/attribute/T3,191,4619,16148,0.03970893970893971,0.011689821898525002,0.018062319731429383
0926-02-qwen-9b-local,Qwen/Qwen3.5-9B,local_window,itemwise,exact_with_invalid_item_fp,tier_kind_tlevel,L/attribute/T0,148,5186,13847,0.027746531683539556,0.010575205430510897,0.015313777225929949
0926-02-qwen-9b-local,Qwen/Qwen3.5-9B,local_window,itemwise,exact_with_invalid_item_fp,tier_kind_tlevel,L/attribute/T1,158,5265,13454,0.029135165037801954,0.011607405230678812,0.016600998161281848
0926-02-qwen-9b-local,Qwen/Qwen3.5-9B,local_window,itemwise,exact_with_invalid_item_fp,tier_kind_tlevel,L/attribute/T2,133,5571,13226,0.02331697054698457,0.009955835017591137,0.013953732361118397
0926-02-qwen-9b-local,Qwen/Qwen3.5-9B,local_window,itemwise,exact_with_invalid_item_fp,tier_kind_tlevel,L/attribute/T3,148,4749,12392,0.030222585256279355,0.011802232854864434,0.016975397144004128
0926-02-qwen-9b-local,Qwen/Qwen3.5-9B,local_window,itemwise,exact_with_invalid_item_fp,tier_kind_tlevel,L/identifier/T0,10726,15118,17281,0.4150286333384925,0.382975684650266,0.3983584334552747
0926-02-qwen-9b-local,Qwen/Qwen3.5-9B,local_window,itemwise,exact_with_invalid_item_fp,tier_kind_tlevel,L/identifier/T1,5987,16364,21789,0.26786273544807837,0.21554579493087558,0.23887326191473657
0926-02-qwen-9b-local,Qwen/Qwen3.5-9B,local_window,itemwise,exact_with_invalid_item_fp,tier_kind_tlevel,L/identifier/T2,5605,13381,22536,0.29521752870536183,0.1991755801144238,0.23786788889596197
0926-02-qwen-9b-local,Qwen/Qwen3.5-9B,local_window,itemwise,exact_with_invalid_item_fp,tier_kind_tlevel,L/identifier/T3,3962,8353,13125,0.3217214778725132,0.23187218353133962,0.2695054758179716
0926-02-qwen-9b-local,Qwen/Qwen3.5-9B,local_window,itemwise,exact_with_invalid_item_fp,tier_kind_tlevel,unassigned/invalid_item/T0,0,1254,0,0.0,0.0,0.0
0926-02-qwen-9b-local,Qwen/Qwen3.5-9B,local_window,itemwise,exact_with_invalid_item_fp,tier_kind_tlevel,unassigned/invalid_item/T1,0,1298,0,0.0,0.0,0.0
0926-02-qwen-9b-local,Qwen/Qwen3.5-9B,local_window,itemwise,exact_with_invalid_item_fp,tier_kind_tlevel,unassigned/invalid_item/T2,0,1067,0,0.0,0.0,0.0
0926-02-qwen-9b-local,Qwen/Qwen3.5-9B,local_window,itemwise,exact_with_invalid_item_fp,tier_kind_tlevel,unassigned/invalid_item/T3,0,981,0,0.0,0.0,0.0
0926-02-qwen-9b-local,Qwen/Qwen3.5-9B,local_window,itemwise,anchored_character_coverage,doc_type,bank_statement,40779,16070,1113001,0.717321324913367,0.035343826379379086,0.06736828541196353
0926-02-qwen-9b-local,Qwen/Qwen3.5-9B,local_window,itemwise,anchored_character_coverage,doc_type,card_statement,58979,16519,735798,0.7811995019735622,0.07420823702749324,0.13554106460601534
0926-02-qwen-9b-local,Qwen/Qwen3.5-9B,local_window,itemwise,anchored_character_coverage,doc_type,complaint_case,36347,14842,681092,0.710054894606263,0.050662146886355494,0.09457630999651327
0926-02-qwen-9b-local,Qwen/Qwen3.5-9B,local_window,itemwise,anchored_character_coverage,doc_type,cs_transcript,34479,11485,402786,0.7501305369419545,0.07885149737573326,0.14270252820091509
0926-02-qwen-9b-local,Qwen/Qwen3.5-9B,local_window,itemwise,anchored_character_coverage,doc_type,insurance_claim,33060,13668,608691,0.7074987159732923,0.05151530733882768,0.09603778764493906
0926-02-qwen-9b-local,Qwen/Qwen3.5-9B,local_window,itemwise,anchored_character_coverage,doc_type,internal_memo,35003,17019,616938,0.6728499480988812,0.053690441312940894,0.09944556745169846
0926-02-qwen-9b-local,Qwen/Qwen3.5-9B,local_window,itemwise,anchored_character_coverage,doc_type,kyc_form,59310,16458,588903,0.7827842888818498,0.0914977021442026,0.163844078781073
0926-02-qwen-9b-local,Qwen/Qwen3.5-9B,local_window,itemwise,anchored_character_coverage,doc_type,loan_contract,42247,10761,322899,0.7969929067310595,0.11569892590908842,0.2020643112346169
0926-02-qwen-9b-local,Qwen/Qwen3.5-9B,local_window,itemwise,anchored_character_coverage,doc_type,phishing_report,43711,11349,617834,0.7938794042862332,0.06607411438375319,0.12199468326344359
0926-02-qwen-9b-local,Qwen/Qwen3.5-9B,local_window,itemwise,anchored_character_coverage,doc_type,securities_trade_report,36063,14946,773883,0.7069928836087749,0.044525190568260105,0.08377441329686221
0926-02-qwen-9b-local,Qwen/Qwen3.5-9B,local_window,itemwise,anchored_character_coverage,variation_level,T0,138010,35336,1610707,0.7961533580238367,0.07892071730302845,0.14360611488801356
0926-02-qwen-9b-local,Qwen/Qwen3.5-9B,local_window,itemwise,anchored_character_coverage,variation_level,T1,115984,36818,1687475,0.7590476564442874,0.0643119693877155,0.11857722461368907
0926-02-qwen-9b-local,Qwen/Qwen3.5-9B,local_window,itemwise,anchored_character_coverage,variation_level,T2,97674,37329,1709659,0.7234950334437013,0.05404316747384129,0.10057374213318396
0926-02-qwen-9b-local,Qwen/Qwen3.5-9B,local_window,itemwise,anchored_character_coverage,variation_level,T3,68310,33634,1453984,0.6700737659891706,0.0448730665692698,0.08411328881604789
0926-02-qwen-9b-local,Qwen/Qwen3.5-9B,local_window,itemwise,anchored_character_coverage,context_len_bucket,16k,240616,97443,4293481,0.7117574151257621,0.05306811918668701,0.09877187840455026
0926-02-qwen-9b-local,Qwen/Qwen3.5-9B,local_window,itemwise,anchored_character_coverage,context_len_bucket,1k,55375,13290,501153,0.8064516129032258,0.09950083374062042,0.17714529753212208
0926-02-qwen-9b-local,Qwen/Qwen3.5-9B,local_window,itemwise,anchored_character_coverage,context_len_bucket,4k,123987,32384,1667191,0.7929027760901958,0.06922092611677902,0.1273261930765285
0926-02-qwen-9b-local,Qwen/Qwen3.5-9B,local_window,itemwise,anchored_character_coverage,num_subjects,1,73049,37785,1772061,0.659084757384918,0.0395905935147498,0.07469436752790469
0926-02-qwen-9b-local,Qwen/Qwen3.5-9B,local_window,itemwise,anchored_character_coverage,num_subjects,3,138773,47459,2215007,0.7451619485373083,0.05895750664887967,0.1092695625060039
0926-02-qwen-9b-local,Qwen/Qwen3.5-9B,local_window,itemwise,anchored_character_coverage,num_subjects,8,208156,57873,2474757,0.7824560480248394,0.07758581810144421,0.14117334284634964
0926-02-qwen-9b-local,Qwen/Qwen3.5-9B,local_window,itemwise,anchored_character_coverage,generator_model,gpt-6-astra,133950,38341,3148782,0.7774637096540156,0.040804427531702256,0.07753928121462578
0926-02-qwen-9b-local,Qwen/Qwen3.5-9B,local_window,itemwise,anchored_character_coverage,generator_model,zai-org/GLM-5.2-FP8,286028,104776,3313043,0.7318962958413936,0.0794727306018692,0.14337692283592846
0926-02-qwen-9b-local,Qwen/Qwen3.5-9B,local_window,itemwise,anchored_character_coverage,category,access_credential,3904,5066,9184,0.43522853957636565,0.2982885085574572,0.3539758817662526
0926-02-qwen-9b-local,Qwen/Qwen3.5-9B,local_window,itemwise,anchored_character_coverage,category,address,26067,6124,43755,0.8097604920629989,0.37333505198934436,0.5110525129150206
0926-02-qwen-9b-local,Qwen/Qwen3.5-9B,local_window,itemwise,anchored_character_coverage,category,bank_account_no,67358,5958,205708,0.9187353374433957,0.2466729655101697,0.38892321194519347
0926-02-qwen-9b-local,Qwen/Qwen3.5-9B,local_window,itemwise,anchored_character_coverage,category,business_reg_no,2993,6991,4724,0.2997796474358974,0.38784501749384476,0.3381729845771425
0926-02-qwen-9b-local,Qwen/Qwen3.5-9B,local_window,itemwise,anchored_character_coverage,category,card_no,19141,2192,43371,0.8972483945061641,0.30619721013565393,0.45658059514580474
0926-02-qwen-9b-local,Qwen/Qwen3.5-9B,local_window,itemwise,anchored_character_coverage,category,consultation_content,17051,24430,2322361,0.4110556640389576,0.007288583626996869,0.01432319722053868
0926-02-qwen-9b-local,Qwen/Qwen3.5-9B,local_window,itemwise,anchored_character_coverage,category,contract_no,9425,2736,49846,0.7750185017679467,0.15901537007980293,0.2638873334079964
0926-02-qwen-9b-local,Qwen/Qwen3.5-9B,local_window,itemwise,anchored_character_coverage,category,corp_reg_no,674,39,2140,0.9453015427769986,0.23951670220326937,0.3821944995747094
0926-02-qwen-9b-local,Qwen/Qwen3.5-9B,local_window,itemwise,anchored_character_coverage,category,credit_score,5466,1939,65817,0.738149898717083,0.07668027439922562,0.13892842618950793
0926-02-qwen-9b-local,Qwen/Qwen3.5-9B,local_window,itemwise,anchored_character_coverage,category,credit_transaction,16075,29004,527357,0.35659619778610885,0.02958051789368311,0.0546293952024686
0926-02-qwen-9b-local,Qwen/Qwen3.5-9B,local_window,itemwise,anchored_character_coverage,category,customer_id,23794,13158,41489,0.6439164321281663,0.36447467181348897,0.4654765980339414
0926-02-qwen-9b-local,Qwen/Qwen3.5-9B,local_window,itemwise,anchored_character_coverage,category,delinquency_info,780,1202,88054,0.39354187689202824,0.008780421910529752,0.017177589852008457
0926-02-qwen-9b-local,Qwen/Qwen3.5-9B,local_window,itemwise,anchored_character_coverage,category,device_network,1589,192,57292,0.8921953958450309,0.026986634058524823,0.05238864528040618
0926-02-qwen-9b-local,Qwen/Qwen3.5-9B,local_window,itemwise,anchored_character_coverage,category,dob_age,9490,8784,77969,0.5193170624931597,0.10850798659943517,0.17950876263796545
0926-02-qwen-9b-local,Qwen/Qwen3.5-9B,local_window,itemwise,anchored_character_coverage,category,driver_license_no,2909,643,5118,0.8189752252252253,0.3624018936090694,0.502461352448398
0926-02-qwen-9b-local,Qwen/Qwen3.5-9B,local_window,itemwise,anchored_character_coverage,category,education,554,22,15569,0.9618055555555556,0.03436085095825839,0.06635127851967183
0926-02-qwen-9b-local,Qwen/Qwen3.5-9B,local_window,itemwise,anchored_character_coverage,category,email,29171,678,35263,0.9772856712117659,0.4527268212434429,0.6187966017203526
0926-02-qwen-9b-local,Qwen/Qwen3.5-9B,local_window,itemwise,anchored_character_coverage,category,employer_affiliation,4530,1792,66927,0.7165453970262575,0.06339476888198498,0.11648388382468275
0926-02-qwen-9b-local,Qwen/Qwen3.5-9B,local_window,itemwise,anchored_character_coverage,category,family_relation,241,115,49357,0.6769662921348315,0.004859066897858784,0.009648876966809465
0926-02-qwen-9b-local,Qwen/Qwen3.5-9B,local_window,itemwise,anchored_character_coverage,category,financial_capacity,6723,2197,249457,0.7536995515695067,0.02624326645327504,0.05072048283666541
0926-02-qwen-9b-local,Qwen/Qwen3.5-9B,local_window,itemwise,anchored_character_coverage,category,foreigner_reg_no,3667,2896,8533,0.5587383818375743,0.3005737704918033,0.390875659542717
0926-02-qwen-9b-local,Qwen/Qwen3.5-9B,local_window,itemwise,anchored_character_coverage,category,gender,2371,140,21382,0.9442453205894066,0.0998189702353387,0.18055132500761498
0926-02-qwen-9b-local,Qwen/Qwen3.5-9B,local_window,itemwise,anchored_character_coverage,category,investment_profile,1789,762,136539,0.7012936103488828,0.012933028743276849,0.025397681698478836
0926-02-qwen-9b-local,Qwen/Qwen3.5-9B,local_window,itemwise,anchored_character_coverage,category,life_event,546,660,56928,0.4527363184079602,0.009499947802484601,0.018609406952965236
0926-02-qwen-9b-local,Qwen/Qwen3.5-9B,local_window,itemwise,anchored_character_coverage,category,location_mention,1466,1008,38770,0.5925626515763945,0.03643503330350929,0.06864902833060173
0926-02-qwen-9b-local,Qwen/Qwen3.5-9B,local_window,itemwise,anchored_character_coverage,category,nationality,4569,178,25978,0.9625026332420477,0.14957278947196123,0.25891086303621014
0926-02-qwen-9b-local,Qwen/Qwen3.5-9B,local_window,itemwise,anchored_character_coverage,category,online_handle,2375,2740,3237,0.46432062561094817,0.42320028510334995,0.44280786799664396
0926-02-qwen-9b-local,Qwen/Qwen3.5-9B,local_window,itemwise,anchored_character_coverage,category,passport_no,1810,121,3470,0.9373381667529778,0.3428030303030303,0.502010816807655
0926-02-qwen-9b-local,Qwen/Qwen3.5-9B,local_window,itemwise,anchored_character_coverage,category,person_name,45005,4299,121356,0.9128062631835145,0.270526144949838,0.41736025780724734
0926-02-qwen-9b-local,Qwen/Qwen3.5-9B,local_window,itemwise,anchored_character_coverage,category,phone_no,46485,6728,67266,0.873564730423017,0.40865574808133553,0.5568266213075873
0926-02-qwen-9b-local,Qwen/Qwen3.5-9B,local_window,itemwise,anchored_character_coverage,category,public_record,497,643,36684,0.4359649122807018,0.013367042306554423,0.025938780303227996
0926-02-qwen-9b-local,Qwen/Qwen3.5-9B,local_window,itemwise,anchored_character_coverage,category,rrn,29926,2205,56947,0.9313746848837571,0.3444798729179377,0.5029410776108366
0926-02-qwen-9b-local,Qwen/Qwen3.5-9B,local_window,itemwise,anchored_character_coverage,category,securities_account_no,5934,611,30114,0.906646294881589,0.1646138482023968,0.27863733477331953
0926-02-qwen-9b-local,Qwen/Qwen3.5-9B,local_window,itemwise,anchored_character_coverage,category,sensitive_info,1142,829,128476,0.5794013191273465,0.008810504713851471,0.017357073919552546
0926-02-qwen-9b-local,Qwen/Qwen3.5-9B,local_window,itemwise,anchored_character_coverage,category,service_usage,1478,931,169402,0.6135325861353259,0.008649344569288389,0.01705820911887079
0926-02-qwen-9b-local,Qwen/Qwen3.5-9B,local_window,itemwise,anchored_character_coverage,category,transaction_record,22983,5104,1595985,0.8182789190728806,0.014196080466074684,0.027907993357841724
0926-02-qwen-9b-local,Qwen/Qwen3.5-9B,local_window,itemwise,anchored_character_coverage,tier_kind_tlevel,I/attribute/T0,11472,9484,760945,0.5474327161672075,0.014852081194484326,0.028919562425240082
0926-02-qwen-9b-local,Qwen/Qwen3.5-9B,local_window,itemwise,anchored_character_coverage,tier_kind_tlevel,I/attribute/T1,11334,8957,761030,0.5585727662510472,0.014674428119384124,0.02859756136023869
0926-02-qwen-9b-local,Qwen/Qwen3.5-9B,local_window,itemwise,anchored_character_coverage,tier_kind_tlevel,I/attribute/T2,12298,8671,777501,0.5864848109113453,0.015571050355850033,0.030336668442760444
0926-02-qwen-9b-local,Qwen/Qwen3.5-9B,local_window,itemwise,anchored_character_coverage,tier_kind_tlevel,I/attribute/T3,10570,11902,738998,0.4703631185475258,0.014101455771857924,0.027382000932594165
0926-02-qwen-9b-local,Qwen/Qwen3.5-9B,local_window,itemwise,anchored_character_coverage,tier_kind_tlevel,L/attribute/T0,14169,8816,691659,0.6164455079399609,0.020074295720770498,0.038882401933006135
0926-02-qwen-9b-local,Qwen/Qwen3.5-9B,local_window,itemwise,anchored_character_coverage,tier_kind_tlevel,L/attribute/T1,14115,11421,712931,0.552749060150376,0.019414177369795033,0.03751086260367641
0926-02-qwen-9b-local,Qwen/Qwen3.5-9B,local_window,itemwise,anchored_character_coverage,tier_kind_tlevel,L/attribute/T2,13191,12394,700549,0.5155755325385968,0.018481519881189228,0.03568390085551009
0926-02-qwen-9b-local,Qwen/Qwen3.5-9B,local_window,itemwise,anchored_character_coverage,tier_kind_tlevel,L/attribute/T3,12191,8287,586691,0.5953218087703878,0.02035626383828534,0.039366442779643504
0926-02-qwen-9b-local,Qwen/Qwen3.5-9B,local_window,itemwise,anchored_character_coverage,tier_kind_tlevel,L/identifier/T0,112369,17036,158103,0.8683513001816004,0.4154552042355586,0.5620178204797975
0926-02-qwen-9b-local,Qwen/Qwen3.5-9B,local_window,itemwise,anchored_character_coverage,tier_kind_tlevel,L/identifier/T1,90535,16440,213514,0.846319233465763,0.29776450506332863,0.44053388609910854
0926-02-qwen-9b-local,Qwen/Qwen3.5-9B,local_window,itemwise,anchored_character_coverage,tier_kind_tlevel,L/identifier/T2,72185,16264,231609,0.8161200239686147,0.23761167106657802,0.36806265503782093
0926-02-qwen-9b-local,Qwen/Qwen3.5-9B,local_window,itemwise,anchored_character_coverage,tier_kind_tlevel,L/identifier/T3,45549,13445,128295,0.7720954673356613,0.2620107682750052,0.39125056906518696
0926-02-qwen-9b-local,Qwen/Qwen3.5-9B,local_window,fence_itemwise,exact_with_invalid_item_fp,doc_type,bank_statement,3407,11119,22756,0.2345449538758089,0.13022206933455643,0.16746540834132076
0926-02-qwen-9b-local,Qwen/Qwen3.5-9B,local_window,fence_itemwise,exact_with_invalid_item_fp,doc_type,card_statement,3300,11567,19850,0.22196811730678684,0.14254859611231102,0.17360654444064497
0926-02-qwen-9b-local,Qwen/Qwen3.5-9B,local_window,fence_itemwise,exact_with_invalid_item_fp,doc_type,complaint_case,3013,10786,16692,0.2183491557359229,0.15290535397107333,0.17985912129894938
0926-02-qwen-9b-local,Qwen/Qwen3.5-9B,local_window,fence_itemwise,exact_with_invalid_item_fp,doc_type,cs_transcript,2447,8108,15861,0.23183325438180957,0.13365741752239457,0.16955964383466723
0926-02-qwen-9b-local,Qwen/Qwen3.5-9B,local_window,fence_itemwise,exact_with_invalid_item_fp,doc_type,insurance_claim,3045,9900,15449,0.23522595596755505,0.16464799394398183,0.19370845128661854
0926-02-qwen-9b-local,Qwen/Qwen3.5-9B,local_window,fence_itemwise,exact_with_invalid_item_fp,doc_type,internal_memo,3259,16115,20758,0.1682151336843192,0.1356955489861348,0.15021548247332397
0926-02-qwen-9b-local,Qwen/Qwen3.5-9B,local_window,fence_itemwise,exact_with_invalid_item_fp,doc_type,kyc_form,4155,12913,20847,0.2434380126552613,0.16618670506359493,0.1975279296410744
0926-02-qwen-9b-local,Qwen/Qwen3.5-9B,local_window,fence_itemwise,exact_with_invalid_item_fp,doc_type,loan_contract,3728,10882,14224,0.2551676933607118,0.20766488413547238,0.2289785639702721
0926-02-qwen-9b-local,Qwen/Qwen3.5-9B,local_window,fence_itemwise,exact_with_invalid_item_fp,doc_type,phishing_report,3685,10376,18973,0.26207239883365335,0.16263571365522111,0.20071352705683707
0926-02-qwen-9b-local,Qwen/Qwen3.5-9B,local_window,fence_itemwise,exact_with_invalid_item_fp,doc_type,securities_trade_report,2804,10599,20411,0.20920689397895995,0.1207839758776653,0.15314872467092686
0926-02-qwen-9b-local,Qwen/Qwen3.5-9B,local_window,fence_itemwise,exact_with_invalid_item_fp,variation_level,T0,13195,30782,45125,0.3000432044023012,0.2262517146776406,0.2579743296479858
0926-02-qwen-9b-local,Qwen/Qwen3.5-9B,local_window,fence_itemwise,exact_with_invalid_item_fp,variation_level,T1,7636,32238,49378,0.1915032351908512,0.1339320166976532,0.15762529931467262
0926-02-qwen-9b-local,Qwen/Qwen3.5-9B,local_window,fence_itemwise,exact_with_invalid_item_fp,variation_level,T2,7056,28397,50308,0.19902406002312922,0.12300397461822746,0.15204111315814992
0926-02-qwen-9b-local,Qwen/Qwen3.5-9B,local_window,fence_itemwise,exact_with_invalid_item_fp,variation_level,T3,4956,20948,41010,0.19132180358245832,0.10781882260801462,0.1379156810908585
0926-02-qwen-9b-local,Qwen/Qwen3.5-9B,local_window,fence_itemwise,exact_with_invalid_item_fp,context_len_bucket,16k,18200,72950,109346,0.19967087218869994,0.14269361642074233,0.16644108717123313
0926-02-qwen-9b-local,Qwen/Qwen3.5-9B,local_window,fence_itemwise,exact_with_invalid_item_fp,context_len_bucket,1k,4876,10427,21769,0.3186303339214533,0.1829986864327266,0.23247830647468293
0926-02-qwen-9b-local,Qwen/Qwen3.5-9B,local_window,fence_itemwise,exact_with_invalid_item_fp,context_len_bucket,4k,9767,28988,54706,0.2520190943104116,0.1514897709118546,0.18923160382841864
0926-02-qwen-9b-local,Qwen/Qwen3.5-9B,local_window,fence_itemwise,exact_with_invalid_item_fp,num_subjects,1,5387,20108,36871,0.21129633261423808,0.12747882057835203,0.15901878883591872
0926-02-qwen-9b-local,Qwen/Qwen3.5-9B,local_window,fence_itemwise,exact_with_invalid_item_fp,num_subjects,3,11391,37377,61918,0.23357529527559054,0.15538337721152928,0.18661992021429097
0926-02-qwen-9b-local,Qwen/Qwen3.5-9B,local_window,fence_itemwise,exact_with_invalid_item_fp,num_subjects,8,16065,54880,87032,0.22644301924025653,0.15582412679321417,0.18461061123177164
0926-02-qwen-9b-local,Qwen/Qwen3.5-9B,local_window,fence_itemwise,exact_with_invalid_item_fp,generator_model,gpt-6-astra,10631,27497,67620,0.27882396139320187,0.13585768871963297,0.18269619089354608
0926-02-qwen-9b-local,Qwen/Qwen3.5-9B,local_window,fence_itemwise,exact_with_invalid_item_fp,generator_model,zai-org/GLM-5.2-FP8,22212,84868,118201,0.20743369443406798,0.15819048093837465,0.17949598574505138
0926-02-qwen-9b-local,Qwen/Qwen3.5-9B,local_window,fence_itemwise,exact_with_invalid_item_fp,category,__unassigned_invalid_item__,0,5276,0,0.0,0.0,0.0
0926-02-qwen-9b-local,Qwen/Qwen3.5-9B,local_window,fence_itemwise,exact_with_invalid_item_fp,category,access_credential,580,2781,1353,0.17256768818803928,0.3000517330574237,0.219115980355119
0926-02-qwen-9b-local,Qwen/Qwen3.5-9B,local_window,fence_itemwise,exact_with_invalid_item_fp,category,address,1156,3647,2084,0.24068290651676036,0.3567901234567901,0.28745492975257986
0926-02-qwen-9b-local,Qwen/Qwen3.5-9B,local_window,fence_itemwise,exact_with_invalid_item_fp,category,bank_account_no,4595,7557,12810,0.3781270572745227,0.26400459638035045,0.3109246540582603
0926-02-qwen-9b-local,Qwen/Qwen3.5-9B,local_window,fence_itemwise,exact_with_invalid_item_fp,category,business_reg_no,248,1417,364,0.14894894894894894,0.40522875816993464,0.2178304787000439
0926-02-qwen-9b-local,Qwen/Qwen3.5-9B,local_window,fence_itemwise,exact_with_invalid_item_fp,category,card_no,1074,1913,2210,0.35955808503515235,0.3270401948842874,0.34252910221655236
0926-02-qwen-9b-local,Qwen/Qwen3.5-9B,local_window,fence_itemwise,exact_with_invalid_item_fp,category,consultation_content,86,2313,33784,0.0358482701125469,0.0025391201653380572,0.004742341944911632
0926-02-qwen-9b-local,Qwen/Qwen3.5-9B,local_window,fence_itemwise,exact_with_invalid_item_fp,category,contract_no,884,1884,4272,0.319364161849711,0.17145073700543056,0.22311963654719838
0926-02-qwen-9b-local,Qwen/Qwen3.5-9B,local_window,fence_itemwise,exact_with_invalid_item_fp,category,corp_reg_no,46,58,149,0.4423076923076923,0.2358974358974359,0.3076923076923077
0926-02-qwen-9b-local,Qwen/Qwen3.5-9B,local_window,fence_itemwise,exact_with_invalid_item_fp,category,credit_score,81,3063,2478,0.025763358778625955,0.031652989449003514,0.028406102051551814
0926-02-qwen-9b-local,Qwen/Qwen3.5-9B,local_window,fence_itemwise,exact_with_invalid_item_fp,category,credit_transaction,54,12865,11219,0.004179890084371855,0.004790206688547858,0.004464285714285714
0926-02-qwen-9b-local,Qwen/Qwen3.5-9B,local_window,fence_itemwise,exact_with_invalid_item_fp,category,customer_id,2908,6374,4035,0.31329454858866623,0.4188391185366556,0.3584591679506934
0926-02-qwen-9b-local,Qwen/Qwen3.5-9B,local_window,fence_itemwise,exact_with_invalid_item_fp,category,delinquency_info,14,559,2229,0.02443280977312391,0.006241640659830584,0.009943181818181818
0926-02-qwen-9b-local,Qwen/Qwen3.5-9B,local_window,fence_itemwise,exact_with_invalid_item_fp,category,device_network,11,327,1609,0.03254437869822485,0.006790123456790123,0.011235955056179775
0926-02-qwen-9b-local,Qwen/Qwen3.5-9B,local_window,fence_itemwise,exact_with_invalid_item_fp,category,dob_age,126,11667,4257,0.010684304248282879,0.028747433264887063,0.015578635014836795
0926-02-qwen-9b-local,Qwen/Qwen3.5-9B,local_window,fence_itemwise,exact_with_invalid_item_fp,category,driver_license_no,209,376,307,0.3572649572649573,0.4050387596899225,0.3796548592188919
0926-02-qwen-9b-local,Qwen/Qwen3.5-9B,local_window,fence_itemwise,exact_with_invalid_item_fp,category,education,10,175,597,0.05405405405405406,0.016474464579901153,0.025252525252525252
0926-02-qwen-9b-local,Qwen/Qwen3.5-9B,local_window,fence_itemwise,exact_with_invalid_item_fp,category,email,1075,3154,2091,0.25419720974225585,0.3395451674036639,0.290736984448952
0926-02-qwen-9b-local,Qwen/Qwen3.5-9B,local_window,fence_itemwise,exact_with_invalid_item_fp,category,employer_affiliation,74,1612,4288,0.04389086595492289,0.016964695093993582,0.02447089947089947
0926-02-qwen-9b-local,Qwen/Qwen3.5-9B,local_window,fence_itemwise,exact_with_invalid_item_fp,category,family_relation,6,134,2094,0.04285714285714286,0.002857142857142857,0.005357142857142857
0926-02-qwen-9b-local,Qwen/Qwen3.5-9B,local_window,fence_itemwise,exact_with_invalid_item_fp,category,financial_capacity,167,2324,9620,0.06704134885588117,0.017063451517318893,0.0272031275452028
0926-02-qwen-9b-local,Qwen/Qwen3.5-9B,local_window,fence_itemwise,exact_with_invalid_item_fp,category,foreigner_reg_no,278,1068,566,0.2065378900445765,0.3293838862559242,0.25388127853881276
0926-02-qwen-9b-local,Qwen/Qwen3.5-9B,local_window,fence_itemwise,exact_with_invalid_item_fp,category,gender,141,2005,3252,0.06570363466915191,0.04155614500442087,0.0509117169164109
0926-02-qwen-9b-local,Qwen/Qwen3.5-9B,local_window,fence_itemwise,exact_with_invalid_item_fp,category,investment_profile,17,637,3283,0.02599388379204893,0.005151515151515152,0.008598887202832575
0926-02-qwen-9b-local,Qwen/Qwen3.5-9B,local_window,fence_itemwise,exact_with_invalid_item_fp,category,life_event,9,339,1584,0.02586206896551724,0.005649717514124294,0.00927357032457496
0926-02-qwen-9b-local,Qwen/Qwen3.5-9B,local_window,fence_itemwise,exact_with_invalid_item_fp,category,location_mention,27,576,2009,0.04477611940298507,0.013261296660117878,0.02046229632436529
0926-02-qwen-9b-local,Qwen/Qwen3.5-9B,local_window,fence_itemwise,exact_with_invalid_item_fp,category,nationality,417,1423,2903,0.2266304347826087,0.1256024096385542,0.16162790697674417
0926-02-qwen-9b-local,Qwen/Qwen3.5-9B,local_window,fence_itemwise,exact_with_invalid_item_fp,category,online_handle,205,1030,353,0.1659919028340081,0.3673835125448029,0.22866703848298942
0926-02-qwen-9b-local,Qwen/Qwen3.5-9B,local_window,fence_itemwise,exact_with_invalid_item_fp,category,passport_no,210,238,350,0.46875,0.375,0.4166666666666667
0926-02-qwen-9b-local,Qwen/Qwen3.5-9B,local_window,fence_itemwise,exact_with_invalid_item_fp,category,person_name,11029,20198,28108,0.35318794632849776,0.2818049416153512,0.31348416804047524
0926-02-qwen-9b-local,Qwen/Qwen3.5-9B,local_window,fence_itemwise,exact_with_invalid_item_fp,category,phone_no,3783,6933,4483,0.353023516237402,0.4576578756351319,0.39858813612896427
0926-02-qwen-9b-local,Qwen/Qwen3.5-9B,local_window,fence_itemwise,exact_with_invalid_item_fp,category,public_record,5,180,791,0.02702702702702703,0.00628140703517588,0.010193679918450561
0926-02-qwen-9b-local,Qwen/Qwen3.5-9B,local_window,fence_itemwise,exact_with_invalid_item_fp,category,rrn,2380,2994,3625,0.4428730926684034,0.39633638634471274,0.41831443887863606
0926-02-qwen-9b-local,Qwen/Qwen3.5-9B,local_window,fence_itemwise,exact_with_invalid_item_fp,category,securities_account_no,576,779,2615,0.42509225092250924,0.18050767784393607,0.2534095908490981
0926-02-qwen-9b-local,Qwen/Qwen3.5-9B,local_window,fence_itemwise,exact_with_invalid_item_fp,category,sensitive_info,11,298,1979,0.03559870550161812,0.005527638190954774,0.009569377990430622
0926-02-qwen-9b-local,Qwen/Qwen3.5-9B,local_window,fence_itemwise,exact_with_invalid_item_fp,category,service_usage,17,283,3546,0.056666666666666664,0.0047712601740106655,0.008801449650530676
0926-02-qwen-9b-local,Qwen/Qwen3.5-9B,local_window,fence_itemwise,exact_with_invalid_item_fp,category,transaction_record,334,3908,24524,0.07873644507307874,0.013436318287875131,0.0229553264604811
0926-02-qwen-9b-local,Qwen/Qwen3.5-9B,local_window,fence_itemwise,exact_with_invalid_item_fp,tier_kind_tlevel,I/attribute/T0,286,5496,16032,0.04946385333794535,0.01752665767863709,0.02588235294117647
0926-02-qwen-9b-local,Qwen/Qwen3.5-9B,local_window,fence_itemwise,exact_with_invalid_item_fp,tier_kind_tlevel,I/attribute/T1,263,5320,15363,0.047107289987461935,0.01683092282093946,0.024800792116554293
0926-02-qwen-9b-local,Qwen/Qwen3.5-9B,local_window,fence_itemwise,exact_with_invalid_item_fp,tier_kind_tlevel,I/attribute/T2,178,5590,15686,0.03085991678224688,0.011220373171961675,0.016457100591715977
0926-02-qwen-9b-local,Qwen/Qwen3.5-9B,local_window,fence_itemwise,exact_with_invalid_item_fp,tier_kind_tlevel,I/attribute/T3,214,5085,16125,0.040384978297792036,0.013097496786829059,0.01978001663739717
0926-02-qwen-9b-local,Qwen/Qwen3.5-9B,local_window,fence_itemwise,exact_with_invalid_item_fp,tier_kind_tlevel,L/attribute/T0,167,5920,13828,0.027435518317726303,0.011932833154698107,0.016631809580719054
0926-02-qwen-9b-local,Qwen/Qwen3.5-9B,local_window,fence_itemwise,exact_with_invalid_item_fp,tier_kind_tlevel,L/attribute/T1,171,5897,13441,0.028180619644034278,0.01256244490155745,0.017378048780487806
0926-02-qwen-9b-local,Qwen/Qwen3.5-9B,local_window,fence_itemwise,exact_with_invalid_item_fp,tier_kind_tlevel,L/attribute/T2,168,6229,13191,0.0262623104580272,0.012575791601167752,0.017007491395019236
0926-02-qwen-9b-local,Qwen/Qwen3.5-9B,local_window,fence_itemwise,exact_with_invalid_item_fp,tier_kind_tlevel,L/attribute/T3,160,5151,12380,0.030126153266804744,0.012759170653907496,0.017926166601310852
0926-02-qwen-9b-local,Qwen/Qwen3.5-9B,local_window,fence_itemwise,exact_with_invalid_item_fp,tier_kind_tlevel,L/identifier/T0,12742,17873,15265,0.41620120855789644,0.4549576891491413,0.43471734161236397
0926-02-qwen-9b-local,Qwen/Qwen3.5-9B,local_window,fence_itemwise,exact_with_invalid_item_fp,tier_kind_tlevel,L/identifier/T1,7202,19518,20574,0.2695359281437126,0.2592885944700461,0.2643129770992366
0926-02-qwen-9b-local,Qwen/Qwen3.5-9B,local_window,fence_itemwise,exact_with_invalid_item_fp,tier_kind_tlevel,L/identifier/T2,6710,15376,21431,0.30381236982703974,0.23844213069898013,0.26718697115097456
0926-02-qwen-9b-local,Qwen/Qwen3.5-9B,local_window,fence_itemwise,exact_with_invalid_item_fp,tier_kind_tlevel,L/identifier/T3,4582,9634,12505,0.3223128868880135,0.26815707848071635,0.29275149346707985
0926-02-qwen-9b-local,Qwen/Qwen3.5-9B,local_window,fence_itemwise,exact_with_invalid_item_fp,tier_kind_tlevel,unassigned/invalid_item/T0,0,1493,0,0.0,0.0,0.0
0926-02-qwen-9b-local,Qwen/Qwen3.5-9B,local_window,fence_itemwise,exact_with_invalid_item_fp,tier_kind_tlevel,unassigned/invalid_item/T1,0,1503,0,0.0,0.0,0.0
0926-02-qwen-9b-local,Qwen/Qwen3.5-9B,local_window,fence_itemwise,exact_with_invalid_item_fp,tier_kind_tlevel,unassigned/invalid_item/T2,0,1202,0,0.0,0.0,0.0
0926-02-qwen-9b-local,Qwen/Qwen3.5-9B,local_window,fence_itemwise,exact_with_invalid_item_fp,tier_kind_tlevel,unassigned/invalid_item/T3,0,1078,0,0.0,0.0,0.0
0926-02-qwen-9b-local,Qwen/Qwen3.5-9B,local_window,fence_itemwise,anchored_character_coverage,doc_type,bank_statement,46436,17323,1107344,0.7283050236045108,0.040246840818873614,0.07627846007396888
0926-02-qwen-9b-local,Qwen/Qwen3.5-9B,local_window,fence_itemwise,anchored_character_coverage,doc_type,card_statement,67442,18408,727335,0.7855794991263833,0.08485650691955102,0.15316814042721832
0926-02-qwen-9b-local,Qwen/Qwen3.5-9B,local_window,fence_itemwise,anchored_character_coverage,doc_type,complaint_case,45365,17392,672074,0.7228675685580891,0.0632318566456521,0.11629129090638762
0926-02-qwen-9b-local,Qwen/Qwen3.5-9B,local_window,fence_itemwise,anchored_character_coverage,doc_type,cs_transcript,37957,12028,399308,0.759367810343103,0.08680548408859616,0.15580092355053873
0926-02-qwen-9b-local,Qwen/Qwen3.5-9B,local_window,fence_itemwise,anchored_character_coverage,doc_type,insurance_claim,39725,15855,602026,0.714735516372796,0.06190095535495854,0.11393441565053038
0926-02-qwen-9b-local,Qwen/Qwen3.5-9B,local_window,fence_itemwise,anchored_character_coverage,doc_type,internal_memo,43028,20661,608913,0.6755954717455134,0.06599983740859985,0.12025208557494795
0926-02-qwen-9b-local,Qwen/Qwen3.5-9B,local_window,fence_itemwise,anchored_character_coverage,doc_type,kyc_form,66910,19063,581303,0.7782675956404917,0.10322224330582694,0.18226988801202965
0926-02-qwen-9b-local,Qwen/Qwen3.5-9B,local_window,fence_itemwise,anchored_character_coverage,doc_type,loan_contract,54925,12773,310221,0.8113238204969128,0.15041928434105808,0.25378658361904055
0926-02-qwen-9b-local,Qwen/Qwen3.5-9B,local_window,fence_itemwise,anchored_character_coverage,doc_type,phishing_report,51292,12638,610253,0.8023150320663225,0.07753365228366929,0.14140252937730452
0926-02-qwen-9b-local,Qwen/Qwen3.5-9B,local_window,fence_itemwise,anchored_character_coverage,doc_type,securities_trade_report,41637,16574,768309,0.7152771812887598,0.05140713084576009,0.0959204383538922
0926-02-qwen-9b-local,Qwen/Qwen3.5-9B,local_window,fence_itemwise,anchored_character_coverage,variation_level,T0,164298,40220,1584419,0.8033424930812936,0.09395345273134532,0.16823167719194054
0926-02-qwen-9b-local,Qwen/Qwen3.5-9B,local_window,fence_itemwise,anchored_character_coverage,variation_level,T1,137147,42037,1666312,0.765397580141084,0.07604664148173039,0.13834765008122996
0926-02-qwen-9b-local,Qwen/Qwen3.5-9B,local_window,fence_itemwise,anchored_character_coverage,variation_level,T2,115828,42562,1691505,0.7312835406275648,0.06408780230317268,0.11784773337850755
0926-02-qwen-9b-local,Qwen/Qwen3.5-9B,local_window,fence_itemwise,anchored_character_coverage,variation_level,T3,77444,37896,1444850,0.6714409571701058,0.05087322159845602,0.09458035189792102
0926-02-qwen-9b-local,Qwen/Qwen3.5-9B,local_window,fence_itemwise,anchored_character_coverage,context_len_bucket,16k,279291,108888,4254806,0.7194902351750094,0.06159793228949447,0.11348043059755283
0926-02-qwen-9b-local,Qwen/Qwen3.5-9B,local_window,fence_itemwise,anchored_character_coverage,context_len_bucket,1k,68826,16006,487702,0.8113211995473406,0.12367032745881609,0.2146251715105401
0926-02-qwen-9b-local,Qwen/Qwen3.5-9B,local_window,fence_itemwise,anchored_character_coverage,context_len_bucket,4k,146600,37821,1644578,0.7949203181850223,0.0818455787197029,0.1484106845569369
0926-02-qwen-9b-local,Qwen/Qwen3.5-9B,local_window,fence_itemwise,anchored_character_coverage,num_subjects,1,84794,41324,1760316,0.6723386035300274,0.04595606765992272,0.08603165133612144
0926-02-qwen-9b-local,Qwen/Qwen3.5-9B,local_window,fence_itemwise,anchored_character_coverage,num_subjects,3,164834,52985,2188946,0.7567475748212966,0.07002948448877976,0.1281957256944026
0926-02-qwen-9b-local,Qwen/Qwen3.5-9B,local_window,fence_itemwise,anchored_character_coverage,num_subjects,8,245089,68406,2437824,0.7817955629276384,0.09135182542259104,0.16358853667457837
0926-02-qwen-9b-local,Qwen/Qwen3.5-9B,local_window,fence_itemwise,anchored_character_coverage,generator_model,gpt-6-astra,157562,44817,3125170,0.7785491577683455,0.047997216952221505,0.09042007557291576
0926-02-qwen-9b-local,Qwen/Qwen3.5-9B,local_window,fence_itemwise,anchored_character_coverage,generator_model,zai-org/GLM-5.2-FP8,337155,117898,3261916,0.7409136957673063,0.09367834088296674,0.16632693030602913
0926-02-qwen-9b-local,Qwen/Qwen3.5-9B,local_window,fence_itemwise,anchored_character_coverage,category,access_credential,4465,5766,8623,0.4364187273971264,0.3411522004889976,0.38294952613748445
0926-02-qwen-9b-local,Qwen/Qwen3.5-9B,local_window,fence_itemwise,anchored_character_coverage,category,address,32387,6807,37435,0.826325457978262,0.4638509352353127,0.5941696631687092
0926-02-qwen-9b-local,Qwen/Qwen3.5-9B,local_window,fence_itemwise,anchored_character_coverage,category,bank_account_no,79563,6875,193503,0.9204632221939425,0.2913691195535145,0.4426265076327384
0926-02-qwen-9b-local,Qwen/Qwen3.5-9B,local_window,fence_itemwise,anchored_character_coverage,category,business_reg_no,3563,8027,4154,0.3074201898188093,0.4617079175845536,0.3690889314756306
0926-02-qwen-9b-local,Qwen/Qwen3.5-9B,local_window,fence_itemwise,anchored_character_coverage,category,card_no,22473,2649,40039,0.8945545736804394,0.3594989761965703,0.5128831275532327
0926-02-qwen-9b-local,Qwen/Qwen3.5-9B,local_window,fence_itemwise,anchored_character_coverage,category,consultation_content,18634,26280,2320778,0.41488177405708687,0.007965249387452916,0.01563041295527541
0926-02-qwen-9b-local,Qwen/Qwen3.5-9B,local_window,fence_itemwise,anchored_character_coverage,category,contract_no,11518,3200,47753,0.7825791547764642,0.19432774881476608,0.31134357809944724
0926-02-qwen-9b-local,Qwen/Qwen3.5-9B,local_window,fence_itemwise,anchored_character_coverage,category,corp_reg_no,781,39,2033,0.9524390243902439,0.2775408670931059,0.4298293891029169
0926-02-qwen-9b-local,Qwen/Qwen3.5-9B,local_window,fence_itemwise,anchored_character_coverage,category,credit_score,6612,2099,64671,0.7590402938812995,0.09275703884516645,0.16531239842988224
0926-02-qwen-9b-local,Qwen/Qwen3.5-9B,local_window,fence_itemwise,anchored_character_coverage,category,credit_transaction,18079,31866,525353,0.36197817599359294,0.03326819178848504,0.060935964825060626
0926-02-qwen-9b-local,Qwen/Qwen3.5-9B,local_window,fence_itemwise,anchored_character_coverage,category,customer_id,29125,14869,36158,0.6620220939218985,0.4461345220041971,0.5330490405117271
0926-02-qwen-9b-local,Qwen/Qwen3.5-9B,local_window,fence_itemwise,anchored_character_coverage,category,delinquency_info,982,1293,87852,0.43164835164835164,0.01105432604633361,0.021556597043102216
0926-02-qwen-9b-local,Qwen/Qwen3.5-9B,local_window,fence_itemwise,anchored_character_coverage,category,device_network,1858,202,57023,0.9019417475728155,0.03155517059832544,0.06097701055118886
0926-02-qwen-9b-local,Qwen/Qwen3.5-9B,local_window,fence_itemwise,anchored_character_coverage,category,dob_age,11830,10244,75629,0.535924617196702,0.13526338055546028,0.21600796107109274
0926-02-qwen-9b-local,Qwen/Qwen3.5-9B,local_window,fence_itemwise,anchored_character_coverage,category,driver_license_no,3512,902,4515,0.7956502038966924,0.4375233586645073,0.5645848404469094
0926-02-qwen-9b-local,Qwen/Qwen3.5-9B,local_window,fence_itemwise,anchored_character_coverage,category,education,701,22,15422,0.9695712309820194,0.043478260869565216,0.0832245043333729
0926-02-qwen-9b-local,Qwen/Qwen3.5-9B,local_window,fence_itemwise,anchored_character_coverage,category,email,33774,802,30660,0.9768047200370199,0.5241642611043859,0.6822341177658823
0926-02-qwen-9b-local,Qwen/Qwen3.5-9B,local_window,fence_itemwise,anchored_character_coverage,category,employer_affiliation,5208,1933,66249,0.7293096205013303,0.07288299256895756,0.13252245604213847
0926-02-qwen-9b-local,Qwen/Qwen3.5-9B,local_window,fence_itemwise,anchored_character_coverage,category,family_relation,267,121,49331,0.6881443298969072,0.005383281583934836,0.010682991237546513
0926-02-qwen-9b-local,Qwen/Qwen3.5-9B,local_window,fence_itemwise,anchored_character_coverage,category,financial_capacity,7722,2594,248458,0.7485459480418767,0.030142868295729566,0.05795208933717579
0926-02-qwen-9b-local,Qwen/Qwen3.5-9B,local_window,fence_itemwise,anchored_character_coverage,category,foreigner_reg_no,4455,3659,7745,0.5490510229233424,0.3651639344262295,0.43861376390666534
0926-02-qwen-9b-local,Qwen/Qwen3.5-9B,local_window,fence_itemwise,anchored_character_coverage,category,gender,2748,156,21005,0.9462809917355371,0.11569064960215551,0.2061747383426492
0926-02-qwen-9b-local,Qwen/Qwen3.5-9B,local_window,fence_itemwise,anchored_character_coverage,category,investment_profile,2007,844,136321,0.7039635215713784,0.014508993117806951,0.028431990593501866
0926-02-qwen-9b-local,Qwen/Qwen3.5-9B,local_window,fence_itemwise,anchored_character_coverage,category,life_event,631,777,56843,0.4481534090909091,0.010978877405435501,0.021432695900275127
0926-02-qwen-9b-local,Qwen/Qwen3.5-9B,local_window,fence_itemwise,anchored_character_coverage,category,location_mention,1719,1080,38517,0.6141479099678456,0.0427229346853564,0.07988846287905194
0926-02-qwen-9b-local,Qwen/Qwen3.5-9B,local_window,fence_itemwise,anchored_character_coverage,category,nationality,5382,196,25165,0.9648619576909286,0.17618751432219204,0.29796539792387544
0926-02-qwen-9b-local,Qwen/Qwen3.5-9B,local_window,fence_itemwise,anchored_character_coverage,category,online_handle,2803,3354,2809,0.4552541822316063,0.4994654312188168,0.4763361373098819
0926-02-qwen-9b-local,Qwen/Qwen3.5-9B,local_window,fence_itemwise,anchored_character_coverage,category,passport_no,2148,134,3132,0.9412795793163892,0.4068181818181818,0.5681036762761175
0926-02-qwen-9b-local,Qwen/Qwen3.5-9B,local_window,fence_itemwise,anchored_character_coverage,category,person_name,52606,6399,113755,0.8915515634268283,0.3162159400340224,0.4668494804007703
0926-02-qwen-9b-local,Qwen/Qwen3.5-9B,local_window,fence_itemwise,anchored_character_coverage,category,phone_no,54840,7659,58911,0.8774540392646283,0.48210565181844556,0.6222978723404256
0926-02-qwen-9b-local,Qwen/Qwen3.5-9B,local_window,fence_itemwise,anchored_character_coverage,category,public_record,572,688,36609,0.45396825396825397,0.01538420160834835,0.029759891782211702
0926-02-qwen-9b-local,Qwen/Qwen3.5-9B,local_window,fence_itemwise,anchored_character_coverage,category,rrn,36630,2597,50243,0.9337955999694089,0.42164999482002463,0.5809674861221253
0926-02-qwen-9b-local,Qwen/Qwen3.5-9B,local_window,fence_itemwise,anchored_character_coverage,category,securities_account_no,7073,728,28975,0.9066786309447507,0.19621060807811808,0.32260712901092387
0926-02-qwen-9b-local,Qwen/Qwen3.5-9B,local_window,fence_itemwise,anchored_character_coverage,category,sensitive_info,1340,916,128278,0.5939716312056738,0.010338070329738153,0.02032242898524349
0926-02-qwen-9b-local,Qwen/Qwen3.5-9B,local_window,fence_itemwise,anchored_character_coverage,category,service_usage,1644,959,169236,0.631578947368421,0.009620786516853932,0.01895286569865635
0926-02-qwen-9b-local,Qwen/Qwen3.5-9B,local_window,fence_itemwise,anchored_character_coverage,category,transaction_record,25065,5979,1593903,0.8074023965983765,0.015482084883703692,0.030381597224747457
0926-02-qwen-9b-local,Qwen/Qwen3.5-9B,local_window,fence_itemwise,anchored_character_coverage,tier_kind_tlevel,I/attribute/T0,14122,10568,758295,0.5719724584852167,0.018282870522010778,0.035433135074713934
0926-02-qwen-9b-local,Qwen/Qwen3.5-9B,local_window,fence_itemwise,anchored_character_coverage,tier_kind_tlevel,I/attribute/T1,13274,10261,759090,0.5640110473762482,0.017186197181639745,0.033355991149630795
0926-02-qwen-9b-local,Qwen/Qwen3.5-9B,local_window,fence_itemwise,anchored_character_coverage,tier_kind_tlevel,I/attribute/T2,13456,9467,776343,0.5870086812371854,0.01703724618542186,0.03311341393490025
0926-02-qwen-9b-local,Qwen/Qwen3.5-9B,local_window,fence_itemwise,anchored_character_coverage,tier_kind_tlevel,I/attribute/T3,11777,12518,737791,0.48474994854908415,0.01571171661543716,0.030436911959868865
0926-02-qwen-9b-local,Qwen/Qwen3.5-9B,local_window,fence_itemwise,anchored_character_coverage,tier_kind_tlevel,L/attribute/T0,16068,10181,689760,0.6121376052421045,0.02276475288597222,0.0438970217613721
0926-02-qwen-9b-local,Qwen/Qwen3.5-9B,local_window,fence_itemwise,anchored_character_coverage,tier_kind_tlevel,L/attribute/T1,15011,12453,712035,0.5465700553451791,0.020646561565568065,0.03979006242461995
0926-02-qwen-9b-local,Qwen/Qwen3.5-9B,local_window,fence_itemwise,anchored_character_coverage,tier_kind_tlevel,L/attribute/T2,16032,13379,697708,0.5451021726564891,0.022461960938156753,0.043146009357452254
0926-02-qwen-9b-local,Qwen/Qwen3.5-9B,local_window,fence_itemwise,anchored_character_coverage,tier_kind_tlevel,L/attribute/T3,13261,9422,585621,0.5846228453026495,0.022142926319375103,0.042669712741225774
0926-02-qwen-9b-local,Qwen/Qwen3.5-9B,local_window,fence_itemwise,anchored_character_coverage,tier_kind_tlevel,L/identifier/T0,134108,19471,136364,0.8732183436537547,0.49582951285160753,0.6325088255893748
0926-02-qwen-9b-local,Qwen/Qwen3.5-9B,local_window,fence_itemwise,anchored_character_coverage,tier_kind_tlevel,L/identifier/T1,108862,19323,195187,0.8492569333385341,0.358040973658851,0.503717893548402
0926-02-qwen-9b-local,Qwen/Qwen3.5-9B,local_window,fence_itemwise,anchored_character_coverage,tier_kind_tlevel,L/identifier/T2,86340,19716,217454,0.8140982122652184,0.2842057446822518,0.4213248749542516
0926-02-qwen-9b-local,Qwen/Qwen3.5-9B,local_window,fence_itemwise,anchored_character_coverage,tier_kind_tlevel,L/identifier/T3,52406,15956,121438,0.7665954770193968,0.3014541773083914,0.43273907335078404
0926-03-kanana-8b-full-1438,kakaocorp/kanana-1.5-8b-instruct-2505,full_context_targeted,strict,exact_with_invalid_item_fp,doc_type,bank_statement,18,14,26145,0.5625,0.0006879944960440316,0.0013743080740599351
0926-03-kanana-8b-full-1438,kakaocorp/kanana-1.5-8b-instruct-2505,full_context_targeted,strict,exact_with_invalid_item_fp,doc_type,card_statement,47,29,23103,0.618421052631579,0.0020302375809935205,0.0040471884956514255
0926-03-kanana-8b-full-1438,kakaocorp/kanana-1.5-8b-instruct-2505,full_context_targeted,strict,exact_with_invalid_item_fp,doc_type,complaint_case,37,28,19668,0.5692307692307692,0.001877696016239533,0.003743045017703591
0926-03-kanana-8b-full-1438,kakaocorp/kanana-1.5-8b-instruct-2505,full_context_targeted,strict,exact_with_invalid_item_fp,doc_type,cs_transcript,7,5,18301,0.5833333333333334,0.00038234651518461875,0.0007641921397379913
0926-03-kanana-8b-full-1438,kakaocorp/kanana-1.5-8b-instruct-2505,full_context_targeted,strict,exact_with_invalid_item_fp,doc_type,insurance_claim,21,8,18473,0.7241379310344828,0.0011355034065102195,0.0022674512767910165
0926-03-kanana-8b-full-1438,kakaocorp/kanana-1.5-8b-instruct-2505,full_context_targeted,strict,exact_with_invalid_item_fp,doc_type,internal_memo,50,32,23967,0.6097560975609756,0.0020818586834325686,0.004149549773849537
0926-03-kanana-8b-full-1438,kakaocorp/kanana-1.5-8b-instruct-2505,full_context_targeted,strict,exact_with_invalid_item_fp,doc_type,kyc_form,100,25,24766,0.8,0.004021555537681976,0.008002881037173382
0926-03-kanana-8b-full-1438,kakaocorp/kanana-1.5-8b-instruct-2505,full_context_targeted,strict,exact_with_invalid_item_fp,doc_type,loan_contract,38,18,17583,0.6785714285714286,0.002156517791271778,0.004299372065395712
0926-03-kanana-8b-full-1438,kakaocorp/kanana-1.5-8b-instruct-2505,full_context_targeted,strict,exact_with_invalid_item_fp,doc_type,phishing_report,14,14,22644,0.5,0.0006178833083237709,0.0012342413823503483
0926-03-kanana-8b-full-1438,kakaocorp/kanana-1.5-8b-instruct-2505,full_context_targeted,strict,exact_with_invalid_item_fp,doc_type,securities_trade_report,33,30,23182,0.5238095238095238,0.001421494723239285,0.0028352951284474613
0926-03-kanana-8b-full-1438,kakaocorp/kanana-1.5-8b-instruct-2505,full_context_targeted,strict,exact_with_invalid_item_fp,variation_level,T0,209,76,58111,0.7333333333333333,0.003583676268861454,0.007132497227199044
0926-03-kanana-8b-full-1438,kakaocorp/kanana-1.5-8b-instruct-2505,full_context_targeted,strict,exact_with_invalid_item_fp,variation_level,T1,101,75,56446,0.5738636363636364,0.0017861248165243072,0.0035611656647215415
0926-03-kanana-8b-full-1438,kakaocorp/kanana-1.5-8b-instruct-2505,full_context_targeted,strict,exact_with_invalid_item_fp,variation_level,T2,36,25,57328,0.5901639344262295,0.0006275712990725891,0.0012538093164997824
0926-03-kanana-8b-full-1438,kakaocorp/kanana-1.5-8b-instruct-2505,full_context_targeted,strict,exact_with_invalid_item_fp,variation_level,T3,19,27,45947,0.41304347826086957,0.00041334899708480184,0.0008258715117795358
0926-03-kanana-8b-full-1438,kakaocorp/kanana-1.5-8b-instruct-2505,full_context_targeted,strict,exact_with_invalid_item_fp,context_len_bucket,16k,144,61,126935,0.7024390243902439,0.0011331533927714257,0.002262656736117658
0926-03-kanana-8b-full-1438,kakaocorp/kanana-1.5-8b-instruct-2505,full_context_targeted,strict,exact_with_invalid_item_fp,context_len_bucket,1k,138,88,26507,0.6106194690265486,0.005179208106586602,0.010271296192921737
0926-03-kanana-8b-full-1438,kakaocorp/kanana-1.5-8b-instruct-2505,full_context_targeted,strict,exact_with_invalid_item_fp,context_len_bucket,4k,83,54,64390,0.6058394160583942,0.0012873606005614753,0.0025692617241913017
0926-03-kanana-8b-full-1438,kakaocorp/kanana-1.5-8b-instruct-2505,full_context_targeted,strict,exact_with_invalid_item_fp,num_subjects,1,89,47,42033,0.6544117647058824,0.002112910118228004,0.004212220171328506
0926-03-kanana-8b-full-1438,kakaocorp/kanana-1.5-8b-instruct-2505,full_context_targeted,strict,exact_with_invalid_item_fp,num_subjects,3,100,39,73209,0.7194244604316546,0.0013640889931659142,0.002723014922121773
0926-03-kanana-8b-full-1438,kakaocorp/kanana-1.5-8b-instruct-2505,full_context_targeted,strict,exact_with_invalid_item_fp,num_subjects,8,176,117,102590,0.6006825938566553,0.0017126286904229026,0.0034155192656633577
0926-03-kanana-8b-full-1438,kakaocorp/kanana-1.5-8b-instruct-2505,full_context_targeted,strict,exact_with_invalid_item_fp,generator_model,gpt-6-astra,118,98,77802,0.5462962962962963,0.0015143737166324436,0.0030203747312378417
0926-03-kanana-8b-full-1438,kakaocorp/kanana-1.5-8b-instruct-2505,full_context_targeted,strict,exact_with_invalid_item_fp,generator_model,zai-org/GLM-5.2-FP8,247,105,140030,0.7017045454545454,0.0017608018420696193,0.003512788969558199
0926-03-kanana-8b-full-1438,kakaocorp/kanana-1.5-8b-instruct-2505,full_context_targeted,strict,exact_with_invalid_item_fp,category,access_credential,3,0,1927,1.0,0.0015544041450777201,0.0031039834454216243
0926-03-kanana-8b-full-1438,kakaocorp/kanana-1.5-8b-instruct-2505,full_context_targeted,strict,exact_with_invalid_item_fp,category,address,19,9,3196,0.6785714285714286,0.005909797822706065,0.01171754548257786
0926-03-kanana-8b-full-1438,kakaocorp/kanana-1.5-8b-instruct-2505,full_context_targeted,strict,exact_with_invalid_item_fp,category,bank_account_no,23,12,17355,0.6571428571428571,0.0013235124870525953,0.002641704473669098
0926-03-kanana-8b-full-1438,kakaocorp/kanana-1.5-8b-instruct-2505,full_context_targeted,strict,exact_with_invalid_item_fp,category,business_reg_no,0,8,612,0.0,0.0,0.0
0926-03-kanana-8b-full-1438,kakaocorp/kanana-1.5-8b-instruct-2505,full_context_targeted,strict,exact_with_invalid_item_fp,category,card_no,11,1,3272,0.9166666666666666,0.003350593968930856,0.006676783004552352
0926-03-kanana-8b-full-1438,kakaocorp/kanana-1.5-8b-instruct-2505,full_context_targeted,strict,exact_with_invalid_item_fp,category,consultation_content,3,11,33803,0.21428571428571427,8.874164349523753e-05,0.00017740981667652278
0926-03-kanana-8b-full-1438,kakaocorp/kanana-1.5-8b-instruct-2505,full_context_targeted,strict,exact_with_invalid_item_fp,category,contract_no,2,2,5110,0.5,0.0003912363067292645,0.0007818608287724785
0926-03-kanana-8b-full-1438,kakaocorp/kanana-1.5-8b-instruct-2505,full_context_targeted,strict,exact_with_invalid_item_fp,category,corp_reg_no,1,0,194,1.0,0.005128205128205128,0.01020408163265306
0926-03-kanana-8b-full-1438,kakaocorp/kanana-1.5-8b-instruct-2505,full_context_targeted,strict,exact_with_invalid_item_fp,category,credit_score,3,1,2553,0.75,0.0011737089201877935,0.00234375
0926-03-kanana-8b-full-1438,kakaocorp/kanana-1.5-8b-instruct-2505,full_context_targeted,strict,exact_with_invalid_item_fp,category,credit_transaction,3,12,11211,0.2,0.00026752273943285177,0.0005343307507347048
0926-03-kanana-8b-full-1438,kakaocorp/kanana-1.5-8b-instruct-2505,full_context_targeted,strict,exact_with_invalid_item_fp,category,customer_id,45,32,6889,0.5844155844155844,0.0064897605999423135,0.012836970474967908
0926-03-kanana-8b-full-1438,kakaocorp/kanana-1.5-8b-instruct-2505,full_context_targeted,strict,exact_with_invalid_item_fp,category,delinquency_info,3,6,2237,0.3333333333333333,0.0013392857142857143,0.0026678523788350376
0926-03-kanana-8b-full-1438,kakaocorp/kanana-1.5-8b-instruct-2505,full_context_targeted,strict,exact_with_invalid_item_fp,category,device_network,0,0,1615,0.0,0.0,0.0
0926-03-kanana-8b-full-1438,kakaocorp/kanana-1.5-8b-instruct-2505,full_context_targeted,strict,exact_with_invalid_item_fp,category,dob_age,7,16,4367,0.30434782608695654,0.001600365797896662,0.0031839890834659997
0926-03-kanana-8b-full-1438,kakaocorp/kanana-1.5-8b-instruct-2505,full_context_targeted,strict,exact_with_invalid_item_fp,category,driver_license_no,1,0,514,1.0,0.001941747572815534,0.003875968992248062
0926-03-kanana-8b-full-1438,kakaocorp/kanana-1.5-8b-instruct-2505,full_context_targeted,strict,exact_with_invalid_item_fp,category,education,0,0,607,0.0,0.0,0.0
0926-03-kanana-8b-full-1438,kakaocorp/kanana-1.5-8b-instruct-2505,full_context_targeted,strict,exact_with_invalid_item_fp,category,email,24,2,3121,0.9230769230769231,0.007631160572337043,0.015137180700094607
0926-03-kanana-8b-full-1438,kakaocorp/kanana-1.5-8b-instruct-2505,full_context_targeted,strict,exact_with_invalid_item_fp,category,employer_affiliation,0,1,4358,0.0,0.0,0.0
0926-03-kanana-8b-full-1438,kakaocorp/kanana-1.5-8b-instruct-2505,full_context_targeted,strict,exact_with_invalid_item_fp,category,family_relation,3,1,2092,0.75,0.001431980906921241,0.0028585040495474035
0926-03-kanana-8b-full-1438,kakaocorp/kanana-1.5-8b-instruct-2505,full_context_targeted,strict,exact_with_invalid_item_fp,category,financial_capacity,4,8,9734,0.3333333333333333,0.00041076196344218524,0.0008205128205128205
0926-03-kanana-8b-full-1438,kakaocorp/kanana-1.5-8b-instruct-2505,full_context_targeted,strict,exact_with_invalid_item_fp,category,foreigner_reg_no,1,1,842,0.5,0.0011862396204033216,0.002366863905325444
0926-03-kanana-8b-full-1438,kakaocorp/kanana-1.5-8b-instruct-2505,full_context_targeted,strict,exact_with_invalid_item_fp,category,gender,3,9,3389,0.25,0.000884433962264151,0.0017626321974148062
0926-03-kanana-8b-full-1438,kakaocorp/kanana-1.5-8b-instruct-2505,full_context_targeted,strict,exact_with_invalid_item_fp,category,investment_profile,2,1,3293,0.6666666666666666,0.0006069802731411229,0.001212856276531231
0926-03-kanana-8b-full-1438,kakaocorp/kanana-1.5-8b-instruct-2505,full_context_targeted,strict,exact_with_invalid_item_fp,category,life_event,0,0,1591,0.0,0.0,0.0
0926-03-kanana-8b-full-1438,kakaocorp/kanana-1.5-8b-instruct-2505,full_context_targeted,strict,exact_with_invalid_item_fp,category,location_mention,0,0,2035,0.0,0.0,0.0
0926-03-kanana-8b-full-1438,kakaocorp/kanana-1.5-8b-instruct-2505,full_context_targeted,strict,exact_with_invalid_item_fp,category,nationality,8,6,3310,0.5714285714285714,0.0024110910186859553,0.004801920768307323
0926-03-kanana-8b-full-1438,kakaocorp/kanana-1.5-8b-instruct-2505,full_context_targeted,strict,exact_with_invalid_item_fp,category,online_handle,2,2,555,0.5,0.003590664272890485,0.0071301247771836
0926-03-kanana-8b-full-1438,kakaocorp/kanana-1.5-8b-instruct-2505,full_context_targeted,strict,exact_with_invalid_item_fp,category,passport_no,0,0,559,0.0,0.0,0.0
0926-03-kanana-8b-full-1438,kakaocorp/kanana-1.5-8b-instruct-2505,full_context_targeted,strict,exact_with_invalid_item_fp,category,person_name,111,47,38962,0.7025316455696202,0.0028408363831802013,0.005658790242410339
0926-03-kanana-8b-full-1438,kakaocorp/kanana-1.5-8b-instruct-2505,full_context_targeted,strict,exact_with_invalid_item_fp,category,phone_no,43,4,8210,0.9148936170212766,0.005210226584272386,0.01036144578313253
0926-03-kanana-8b-full-1438,kakaocorp/kanana-1.5-8b-instruct-2505,full_context_targeted,strict,exact_with_invalid_item_fp,category,public_record,0,0,793,0.0,0.0,0.0
0926-03-kanana-8b-full-1438,kakaocorp/kanana-1.5-8b-instruct-2505,full_context_targeted,strict,exact_with_invalid_item_fp,category,rrn,31,9,5964,0.775,0.005170975813177648,0.010273405136702569
0926-03-kanana-8b-full-1438,kakaocorp/kanana-1.5-8b-instruct-2505,full_context_targeted,strict,exact_with_invalid_item_fp,category,securities_account_no,0,0,3190,0.0,0.0,0.0
0926-03-kanana-8b-full-1438,kakaocorp/kanana-1.5-8b-instruct-2505,full_context_targeted,strict,exact_with_invalid_item_fp,category,sensitive_info,0,1,1984,0.0,0.0,0.0
0926-03-kanana-8b-full-1438,kakaocorp/kanana-1.5-8b-instruct-2505,full_context_targeted,strict,exact_with_invalid_item_fp,category,service_usage,1,0,3547,1.0,0.0002818489289740699,0.0005635390250774866
0926-03-kanana-8b-full-1438,kakaocorp/kanana-1.5-8b-instruct-2505,full_context_targeted,strict,exact_with_invalid_item_fp,category,transaction_record,8,1,24841,0.8888888888888888,0.0003219445450521148,0.0006436559658862338
0926-03-kanana-8b-full-1438,kakaocorp/kanana-1.5-8b-instruct-2505,full_context_targeted,strict,exact_with_invalid_item_fp,tier_kind_tlevel,I/attribute/T0,4,14,16314,0.2222222222222222,0.00024512807942149775,0.0004897159647404506
0926-03-kanana-8b-full-1438,kakaocorp/kanana-1.5-8b-instruct-2505,full_context_targeted,strict,exact_with_invalid_item_fp,tier_kind_tlevel,I/attribute/T1,16,16,15497,0.5,0.0010313930252046672,0.0020585397233837247
0926-03-kanana-8b-full-1438,kakaocorp/kanana-1.5-8b-instruct-2505,full_context_targeted,strict,exact_with_invalid_item_fp,tier_kind_tlevel,I/attribute/T2,5,6,15859,0.45454545454545453,0.0003151790216843167,0.0006299212598425197
0926-03-kanana-8b-full-1438,kakaocorp/kanana-1.5-8b-instruct-2505,full_context_targeted,strict,exact_with_invalid_item_fp,tier_kind_tlevel,I/attribute/T3,2,9,16337,0.18181818181818182,0.0001224065120264398,0.00024464831804281347
0926-03-kanana-8b-full-1438,kakaocorp/kanana-1.5-8b-instruct-2505,full_context_targeted,strict,exact_with_invalid_item_fp,tier_kind_tlevel,L/attribute/T0,1,9,13994,0.1,7.145409074669524e-05,0.00014280614066404857
0926-03-kanana-8b-full-1438,kakaocorp/kanana-1.5-8b-instruct-2505,full_context_targeted,strict,exact_with_invalid_item_fp,tier_kind_tlevel,L/attribute/T1,8,8,13472,0.5,0.0005934718100890207,0.0011855364552459987
0926-03-kanana-8b-full-1438,kakaocorp/kanana-1.5-8b-instruct-2505,full_context_targeted,strict,exact_with_invalid_item_fp,tier_kind_tlevel,L/attribute/T2,10,10,13349,0.5,0.0007485590238790329,0.0014948800358771208
0926-03-kanana-8b-full-1438,kakaocorp/kanana-1.5-8b-instruct-2505,full_context_targeted,strict,exact_with_invalid_item_fp,tier_kind_tlevel,L/attribute/T3,2,2,12538,0.5,0.0001594896331738437,0.00031887755102040814
0926-03-kanana-8b-full-1438,kakaocorp/kanana-1.5-8b-instruct-2505,full_context_targeted,strict,exact_with_invalid_item_fp,tier_kind_tlevel,L/identifier/T0,204,53,27803,0.7937743190661478,0.0072838933123861895,0.014435324087178035
0926-03-kanana-8b-full-1438,kakaocorp/kanana-1.5-8b-instruct-2505,full_context_targeted,strict,exact_with_invalid_item_fp,tier_kind_tlevel,L/identifier/T1,77,51,27477,0.6015625,0.002794512593452856,0.005563181851022325
0926-03-kanana-8b-full-1438,kakaocorp/kanana-1.5-8b-instruct-2505,full_context_targeted,strict,exact_with_invalid_item_fp,tier_kind_tlevel,L/identifier/T2,21,9,28120,0.7,0.0007462421378060481,0.0014908948919101204
0926-03-kanana-8b-full-1438,kakaocorp/kanana-1.5-8b-instruct-2505,full_context_targeted,strict,exact_with_invalid_item_fp,tier_kind_tlevel,L/identifier/T3,15,16,17072,0.4838709677419355,0.000877860361678469,0.0017525411847178409
0926-03-kanana-8b-full-1438,kakaocorp/kanana-1.5-8b-instruct-2505,full_context_targeted,strict,anchored_character_coverage,doc_type,bank_statement,507,1105,1153273,0.31451612903225806,0.0004394251937111061,0.0008776242175815654
0926-03-kanana-8b-full-1438,kakaocorp/kanana-1.5-8b-instruct-2505,full_context_targeted,strict,anchored_character_coverage,doc_type,card_statement,1074,360,793703,0.7489539748953975,0.0013513224464220782,0.002697777347964296
0926-03-kanana-8b-full-1438,kakaocorp/kanana-1.5-8b-instruct-2505,full_context_targeted,strict,anchored_character_coverage,doc_type,complaint_case,771,463,716668,0.6247974068071313,0.0010746558243976143,0.0021456211656761836
0926-03-kanana-8b-full-1438,kakaocorp/kanana-1.5-8b-instruct-2505,full_context_targeted,strict,anchored_character_coverage,doc_type,cs_transcript,109,12,437156,0.9008264462809917,0.00024927675437091924,0.0004984155871472796
0926-03-kanana-8b-full-1438,kakaocorp/kanana-1.5-8b-instruct-2505,full_context_targeted,strict,anchored_character_coverage,doc_type,insurance_claim,444,2,641307,0.9955156950672646,0.0006918571221548544,0.001382753267299598
0926-03-kanana-8b-full-1438,kakaocorp/kanana-1.5-8b-instruct-2505,full_context_targeted,strict,anchored_character_coverage,doc_type,internal_memo,1017,657,650924,0.6075268817204301,0.0015599571126835097,0.0031119236859619196
0926-03-kanana-8b-full-1438,kakaocorp/kanana-1.5-8b-instruct-2505,full_context_targeted,strict,anchored_character_coverage,doc_type,kyc_form,1395,872,642901,0.615350683722982,0.0021651539044166036,0.004315124744224461
0926-03-kanana-8b-full-1438,kakaocorp/kanana-1.5-8b-instruct-2505,full_context_targeted,strict,anchored_character_coverage,doc_type,loan_contract,436,338,354738,0.5633074935400517,0.0012275673331944342,0.002449796037623473
0926-03-kanana-8b-full-1438,kakaocorp/kanana-1.5-8b-instruct-2505,full_context_targeted,strict,anchored_character_coverage,doc_type,phishing_report,95,620,661450,0.13286713286713286,0.00014360323182852262,0.0002868963851055477
0926-03-kanana-8b-full-1438,kakaocorp/kanana-1.5-8b-instruct-2505,full_context_targeted,strict,anchored_character_coverage,doc_type,securities_trade_report,847,1325,809099,0.38996316758747696,0.0010457487289276075,0.002085903772604474
0926-03-kanana-8b-full-1438,kakaocorp/kanana-1.5-8b-instruct-2505,full_context_targeted,strict,anchored_character_coverage,variation_level,T0,2789,1601,1745928,0.6353075170842825,0.0015948835632066253,0.003181779549109096
0926-03-kanana-8b-full-1438,kakaocorp/kanana-1.5-8b-instruct-2505,full_context_targeted,strict,anchored_character_coverage,variation_level,T1,1854,1531,1787716,0.5477104874446086,0.0010360030621881233,0.0020680942912677676
0926-03-kanana-8b-full-1438,kakaocorp/kanana-1.5-8b-instruct-2505,full_context_targeted,strict,anchored_character_coverage,variation_level,T2,1353,1104,1805980,0.5506715506715507,0.0007486168846582229,0.0014952011006801895
0926-03-kanana-8b-full-1438,kakaocorp/kanana-1.5-8b-instruct-2505,full_context_targeted,strict,anchored_character_coverage,variation_level,T3,699,1518,1521595,0.3152909336941813,0.0004591754286622689,0.0009170153577114235
0926-03-kanana-8b-full-1438,kakaocorp/kanana-1.5-8b-instruct-2505,full_context_targeted,strict,anchored_character_coverage,context_len_bucket,16k,2094,605,4518114,0.775842904779548,0.0004632530184451689,0.0009259531535802085
0926-03-kanana-8b-full-1438,kakaocorp/kanana-1.5-8b-instruct-2505,full_context_targeted,strict,anchored_character_coverage,context_len_bucket,1k,2963,4196,553565,0.413884620757089,0.0053240807290917975,0.010512926499990242
0926-03-kanana-8b-full-1438,kakaocorp/kanana-1.5-8b-instruct-2505,full_context_targeted,strict,anchored_character_coverage,context_len_bucket,4k,1638,953,1789540,0.6321883442686221,0.0009144819777822193,0.001826322118399861
0926-03-kanana-8b-full-1438,kakaocorp/kanana-1.5-8b-instruct-2505,full_context_targeted,strict,anchored_character_coverage,num_subjects,1,2117,1935,1839076,0.5224580454096742,0.0011497979842417388,0.002294546252665635
0926-03-kanana-8b-full-1438,kakaocorp/kanana-1.5-8b-instruct-2505,full_context_targeted,strict,anchored_character_coverage,num_subjects,3,1691,1239,2352089,0.5771331058020478,0.0007184188836679724,0.0014350514064097831
0926-03-kanana-8b-full-1438,kakaocorp/kanana-1.5-8b-instruct-2505,full_context_targeted,strict,anchored_character_coverage,num_subjects,8,2887,2580,2670054,0.5280775562465704,0.0010800836980689062,0.0021557581966601055
0926-03-kanana-8b-full-1438,kakaocorp/kanana-1.5-8b-instruct-2505,full_context_targeted,strict,anchored_character_coverage,generator_model,gpt-6-astra,2718,2973,3270042,0.4775962045334739,0.0008304916950830492,0.0016581001210632703
0926-03-kanana-8b-full-1438,kakaocorp/kanana-1.5-8b-instruct-2505,full_context_targeted,strict,anchored_character_coverage,generator_model,zai-org/GLM-5.2-FP8,3977,2781,3591177,0.5884877182598401,0.0011062113055518624,0.002208271606857691
0926-03-kanana-8b-full-1438,kakaocorp/kanana-1.5-8b-instruct-2505,full_context_targeted,strict,anchored_character_coverage,category,access_credential,24,0,13042,1.0,0.0018368284096127354,0.0036669213139801375
0926-03-kanana-8b-full-1438,kakaocorp/kanana-1.5-8b-instruct-2505,full_context_targeted,strict,anchored_character_coverage,category,address,452,79,68882,0.8512241054613936,0.006519168084922261,0.012939239962785372
0926-03-kanana-8b-full-1438,kakaocorp/kanana-1.5-8b-instruct-2505,full_context_targeted,strict,anchored_character_coverage,category,bank_account_no,560,842,272132,0.39942938659058486,0.002053598932128555,0.004086189409472663
0926-03-kanana-8b-full-1438,kakaocorp/kanana-1.5-8b-instruct-2505,full_context_targeted,strict,anchored_character_coverage,category,business_reg_no,12,658,7705,0.01791044776119403,0.0015550084229622911,0.002861571479670919
0926-03-kanana-8b-full-1438,kakaocorp/kanana-1.5-8b-instruct-2505,full_context_targeted,strict,anchored_character_coverage,category,card_no,216,8,62275,0.9642857142857143,0.003456497735673937,0.006888304233436977
0926-03-kanana-8b-full-1438,kakaocorp/kanana-1.5-8b-instruct-2505,full_context_targeted,strict,anchored_character_coverage,category,consultation_content,909,1123,2334199,0.44734251968503935,0.0003892753568571561,0.0007778738115816768
0926-03-kanana-8b-full-1438,kakaocorp/kanana-1.5-8b-instruct-2505,full_context_targeted,strict,anchored_character_coverage,category,contract_no,19,29,58769,0.3958333333333333,0.0003231952099067837,0.0006458630770276702
0926-03-kanana-8b-full-1438,kakaocorp/kanana-1.5-8b-instruct-2505,full_context_targeted,strict,anchored_character_coverage,category,corp_reg_no,17,0,2797,1.0,0.006041222459132907,0.012009890498057224
0926-03-kanana-8b-full-1438,kakaocorp/kanana-1.5-8b-instruct-2505,full_context_targeted,strict,anchored_character_coverage,category,credit_score,60,0,71162,1.0,0.0008424363258543708,0.0016834544485283803
0926-03-kanana-8b-full-1438,kakaocorp/kanana-1.5-8b-instruct-2505,full_context_targeted,strict,anchored_character_coverage,category,credit_transaction,296,1313,539648,0.18396519577377252,0.0005482049990369372,0.0010931524707646343
0926-03-kanana-8b-full-1438,kakaocorp/kanana-1.5-8b-instruct-2505,full_context_targeted,strict,anchored_character_coverage,category,customer_id,414,258,64789,0.6160714285714286,0.006349401101176326,0.012569259962049335
0926-03-kanana-8b-full-1438,kakaocorp/kanana-1.5-8b-instruct-2505,full_context_targeted,strict,anchored_character_coverage,category,delinquency_info,174,123,88570,0.5858585858585859,0.001960695934373028,0.0039083119012589705
0926-03-kanana-8b-full-1438,kakaocorp/kanana-1.5-8b-instruct-2505,full_context_targeted,strict,anchored_character_coverage,category,device_network,0,0,58708,0.0,0.0,0.0
0926-03-kanana-8b-full-1438,kakaocorp/kanana-1.5-8b-instruct-2505,full_context_targeted,strict,anchored_character_coverage,category,dob_age,337,308,86950,0.5224806201550387,0.0038608269272629374,0.007665013874357458
0926-03-kanana-8b-full-1438,kakaocorp/kanana-1.5-8b-instruct-2505,full_context_targeted,strict,anchored_character_coverage,category,driver_license_no,15,0,7997,1.0,0.0018721917124313529,0.0037373863211660643
0926-03-kanana-8b-full-1438,kakaocorp/kanana-1.5-8b-instruct-2505,full_context_targeted,strict,anchored_character_coverage,category,education,0,0,16123,0.0,0.0,0.0
0926-03-kanana-8b-full-1438,kakaocorp/kanana-1.5-8b-instruct-2505,full_context_targeted,strict,anchored_character_coverage,category,email,514,0,63470,1.0,0.008033258314578644,0.015938478712518217
0926-03-kanana-8b-full-1438,kakaocorp/kanana-1.5-8b-instruct-2505,full_context_targeted,strict,anchored_character_coverage,category,employer_affiliation,0,10,71386,0.0,0.0,0.0
0926-03-kanana-8b-full-1438,kakaocorp/kanana-1.5-8b-instruct-2505,full_context_targeted,strict,anchored_character_coverage,category,family_relation,77,1,49380,0.9871794871794872,0.0015569080211092464,0.0031089128898758455
0926-03-kanana-8b-full-1438,kakaocorp/kanana-1.5-8b-instruct-2505,full_context_targeted,strict,anchored_character_coverage,category,financial_capacity,153,108,254617,0.5862068965517241,0.0006005416650312046,0.0011998541353796205
0926-03-kanana-8b-full-1438,kakaocorp/kanana-1.5-8b-instruct-2505,full_context_targeted,strict,anchored_character_coverage,category,foreigner_reg_no,43,0,12143,1.0,0.0035286394222878714,0.007032463815520484
0926-03-kanana-8b-full-1438,kakaocorp/kanana-1.5-8b-instruct-2505,full_context_targeted,strict,anchored_character_coverage,category,gender,34,0,23707,1.0,0.0014321216460974685,0.0028601472134595165
0926-03-kanana-8b-full-1438,kakaocorp/kanana-1.5-8b-instruct-2505,full_context_targeted,strict,anchored_character_coverage,category,investment_profile,132,0,138082,1.0,0.0009550407339343338,0.0019082590027901059
0926-03-kanana-8b-full-1438,kakaocorp/kanana-1.5-8b-instruct-2505,full_context_targeted,strict,anchored_character_coverage,category,life_event,0,0,57408,0.0,0.0,0.0
0926-03-kanana-8b-full-1438,kakaocorp/kanana-1.5-8b-instruct-2505,full_context_targeted,strict,anchored_character_coverage,category,location_mention,0,0,40218,0.0,0.0,0.0
0926-03-kanana-8b-full-1438,kakaocorp/kanana-1.5-8b-instruct-2505,full_context_targeted,strict,anchored_character_coverage,category,nationality,109,45,30409,0.7077922077922078,0.0035716626253358675,0.007107459572248304
0926-03-kanana-8b-full-1438,kakaocorp/kanana-1.5-8b-instruct-2505,full_context_targeted,strict,anchored_character_coverage,category,online_handle,22,43,5580,0.3384615384615385,0.003927168868261335,0.007764249161814011
0926-03-kanana-8b-full-1438,kakaocorp/kanana-1.5-8b-instruct-2505,full_context_targeted,strict,anchored_character_coverage,category,passport_no,0,0,5270,0.0,0.0,0.0
0926-03-kanana-8b-full-1438,kakaocorp/kanana-1.5-8b-instruct-2505,full_context_targeted,strict,anchored_character_coverage,category,person_name,575,436,165383,0.5687438180019783,0.0034647320406367877,0.006887506063999904
0926-03-kanana-8b-full-1438,kakaocorp/kanana-1.5-8b-instruct-2505,full_context_targeted,strict,anchored_character_coverage,category,phone_no,588,50,112988,0.9216300940438872,0.0051771501021342535,0.010296461029295883
0926-03-kanana-8b-full-1438,kakaocorp/kanana-1.5-8b-instruct-2505,full_context_targeted,strict,anchored_character_coverage,category,public_record,0,0,37086,0.0,0.0,0.0
0926-03-kanana-8b-full-1438,kakaocorp/kanana-1.5-8b-instruct-2505,full_context_targeted,strict,anchored_character_coverage,category,rrn,451,105,86280,0.8111510791366906,0.005199986164116636,0.010333726671783885
0926-03-kanana-8b-full-1438,kakaocorp/kanana-1.5-8b-instruct-2505,full_context_targeted,strict,anchored_character_coverage,category,securities_account_no,0,0,36037,0.0,0.0,0.0
0926-03-kanana-8b-full-1438,kakaocorp/kanana-1.5-8b-instruct-2505,full_context_targeted,strict,anchored_character_coverage,category,sensitive_info,0,22,129462,0.0,0.0,0.0
0926-03-kanana-8b-full-1438,kakaocorp/kanana-1.5-8b-instruct-2505,full_context_targeted,strict,anchored_character_coverage,category,service_usage,25,0,170359,1.0,0.00014672739224340313,0.00029341173294837716
0926-03-kanana-8b-full-1438,kakaocorp/kanana-1.5-8b-instruct-2505,full_context_targeted,strict,anchored_character_coverage,category,transaction_record,467,193,1618206,0.7075757575757575,0.00028850793211476316,0.0005767806868630479
0926-03-kanana-8b-full-1438,kakaocorp/kanana-1.5-8b-instruct-2505,full_context_targeted,strict,anchored_character_coverage,tier_kind_tlevel,I/attribute/T0,425,545,771992,0.4381443298969072,0.0005502209298863179,0.0010990616599451503
0926-03-kanana-8b-full-1438,kakaocorp/kanana-1.5-8b-instruct-2505,full_context_targeted,strict,anchored_character_coverage,tier_kind_tlevel,I/attribute/T1,437,111,766331,0.7974452554744526,0.0005699246708261169,0.0011390352866354932
0926-03-kanana-8b-full-1438,kakaocorp/kanana-1.5-8b-instruct-2505,full_context_targeted,strict,anchored_character_coverage,tier_kind_tlevel,I/attribute/T2,405,30,789394,0.9310344827586207,0.000512788696870976,0.0010250128442967526
0926-03-kanana-8b-full-1438,kakaocorp/kanana-1.5-8b-instruct-2505,full_context_targeted,strict,anchored_character_coverage,tier_kind_tlevel,I/attribute/T3,356,801,749212,0.3076923076923077,0.00047494023224043714,0.0009484165306870026
0926-03-kanana-8b-full-1438,kakaocorp/kanana-1.5-8b-instruct-2505,full_context_targeted,strict,anchored_character_coverage,tier_kind_tlevel,L/attribute/T0,263,412,705565,0.3896296296296296,0.0003726120244592167,0.0007445120544427978
0926-03-kanana-8b-full-1438,kakaocorp/kanana-1.5-8b-instruct-2505,full_context_targeted,strict,anchored_character_coverage,tier_kind_tlevel,L/attribute/T1,277,1140,721174,0.19548341566690192,0.00038394845942413275,0.0007663916510344904
0926-03-kanana-8b-full-1438,kakaocorp/kanana-1.5-8b-instruct-2505,full_context_targeted,strict,anchored_character_coverage,tier_kind_tlevel,L/attribute/T2,469,207,713271,0.6937869822485208,0.0006571020259478241,0.0013129605160018811
0926-03-kanana-8b-full-1438,kakaocorp/kanana-1.5-8b-instruct-2505,full_context_targeted,strict,anchored_character_coverage,tier_kind_tlevel,L/attribute/T3,141,0,598741,1.0,0.00023543870077911841,0.00047076656488982894
0926-03-kanana-8b-full-1438,kakaocorp/kanana-1.5-8b-instruct-2505,full_context_targeted,strict,anchored_character_coverage,tier_kind_tlevel,L/identifier/T0,2101,644,268371,0.765391621129326,0.007767902037918897,0.015379716489091089
0926-03-kanana-8b-full-1438,kakaocorp/kanana-1.5-8b-instruct-2505,full_context_targeted,strict,anchored_character_coverage,tier_kind_tlevel,L/identifier/T1,1140,280,300211,0.8028169014084507,0.0037829640518863383,0.007530443800760311
0926-03-kanana-8b-full-1438,kakaocorp/kanana-1.5-8b-instruct-2505,full_context_targeted,strict,anchored_character_coverage,tier_kind_tlevel,L/identifier/T2,479,867,303315,0.3558692421991085,0.0015767263342923166,0.0031395425050796356
0926-03-kanana-8b-full-1438,kakaocorp/kanana-1.5-8b-instruct-2505,full_context_targeted,strict,anchored_character_coverage,tier_kind_tlevel,L/identifier/T3,202,717,173642,0.21980413492927095,0.0011619612986355583,0.0023117021337468457
0926-03-kanana-8b-full-1438,kakaocorp/kanana-1.5-8b-instruct-2505,full_context_targeted,itemwise,exact_with_invalid_item_fp,doc_type,bank_statement,1106,24130,25057,0.043826279917578065,0.04227343959026106,0.04303585672873013
0926-03-kanana-8b-full-1438,kakaocorp/kanana-1.5-8b-instruct-2505,full_context_targeted,itemwise,exact_with_invalid_item_fp,doc_type,card_statement,1670,23633,21480,0.06600007904201083,0.07213822894168466,0.06893278022000701
0926-03-kanana-8b-full-1438,kakaocorp/kanana-1.5-8b-instruct-2505,full_context_targeted,itemwise,exact_with_invalid_item_fp,doc_type,complaint_case,1314,24474,18391,0.050953932061423915,0.06668358284699315,0.057767129008858505
0926-03-kanana-8b-full-1438,kakaocorp/kanana-1.5-8b-instruct-2505,full_context_targeted,itemwise,exact_with_invalid_item_fp,doc_type,cs_transcript,771,20766,17537,0.03579885777963505,0.04211273760104872,0.03869996235412222
0926-03-kanana-8b-full-1438,kakaocorp/kanana-1.5-8b-instruct-2505,full_context_targeted,itemwise,exact_with_invalid_item_fp,doc_type,insurance_claim,1044,22948,17450,0.043514504834944984,0.05645074078079377,0.04914560090382714
0926-03-kanana-8b-full-1438,kakaocorp/kanana-1.5-8b-instruct-2505,full_context_targeted,itemwise,exact_with_invalid_item_fp,doc_type,internal_memo,1726,26418,22291,0.06132745878339966,0.07186576175209226,0.06617971281225436
0926-03-kanana-8b-full-1438,kakaocorp/kanana-1.5-8b-instruct-2505,full_context_targeted,itemwise,exact_with_invalid_item_fp,doc_type,kyc_form,1845,29289,23021,0.059259973019849685,0.07419769967023244,0.06589285714285714
0926-03-kanana-8b-full-1438,kakaocorp/kanana-1.5-8b-instruct-2505,full_context_targeted,itemwise,exact_with_invalid_item_fp,doc_type,loan_contract,1620,25988,16001,0.05867864387134164,0.09193575847000737,0.07163545512834686
0926-03-kanana-8b-full-1438,kakaocorp/kanana-1.5-8b-instruct-2505,full_context_targeted,itemwise,exact_with_invalid_item_fp,doc_type,phishing_report,1110,23438,21548,0.04521753299657813,0.04898931944567041,0.04702792017963818
0926-03-kanana-8b-full-1438,kakaocorp/kanana-1.5-8b-instruct-2505,full_context_targeted,itemwise,exact_with_invalid_item_fp,doc_type,securities_trade_report,1062,25574,22153,0.03987085147920108,0.045746284729700624,0.042606968766925435
0926-03-kanana-8b-full-1438,kakaocorp/kanana-1.5-8b-instruct-2505,full_context_targeted,itemwise,exact_with_invalid_item_fp,variation_level,T0,5400,59181,52920,0.08361592418822873,0.09259259259259259,0.08787560719603583
0926-03-kanana-8b-full-1438,kakaocorp/kanana-1.5-8b-instruct-2505,full_context_targeted,itemwise,exact_with_invalid_item_fp,variation_level,T1,2862,62332,53685,0.04389974537534129,0.0506127646028967,0.047017849368741836
0926-03-kanana-8b-full-1438,kakaocorp/kanana-1.5-8b-instruct-2505,full_context_targeted,itemwise,exact_with_invalid_item_fp,variation_level,T2,2838,67188,54526,0.04052780395852969,0.04947353741022244,0.04455608760499254
0926-03-kanana-8b-full-1438,kakaocorp/kanana-1.5-8b-instruct-2505,full_context_targeted,itemwise,exact_with_invalid_item_fp,variation_level,T3,2168,57957,43798,0.03605821205821206,0.047165296088413175,0.04087057337568691
0926-03-kanana-8b-full-1438,kakaocorp/kanana-1.5-8b-instruct-2505,full_context_targeted,itemwise,exact_with_invalid_item_fp,context_len_bucket,16k,7041,201414,120038,0.03377707418867382,0.05540647943405283,0.041968921182354096
0926-03-kanana-8b-full-1438,kakaocorp/kanana-1.5-8b-instruct-2505,full_context_targeted,itemwise,exact_with_invalid_item_fp,context_len_bucket,1k,2099,5988,24546,0.2595523679980215,0.07877650591105273,0.12086836346884718
0926-03-kanana-8b-full-1438,kakaocorp/kanana-1.5-8b-instruct-2505,full_context_targeted,itemwise,exact_with_invalid_item_fp,context_len_bucket,4k,4128,39256,60345,0.09515028581965701,0.06402680191708157,0.07654579674939967
0926-03-kanana-8b-full-1438,kakaocorp/kanana-1.5-8b-instruct-2505,full_context_targeted,itemwise,exact_with_invalid_item_fp,num_subjects,1,2216,63882,39906,0.03352597658022936,0.052609087887564694,0.040953613010534094
0926-03-kanana-8b-full-1438,kakaocorp/kanana-1.5-8b-instruct-2505,full_context_targeted,itemwise,exact_with_invalid_item_fp,num_subjects,3,4701,90106,68608,0.04958494625924246,0.06412582356872962,0.055925670370458494
0926-03-kanana-8b-full-1438,kakaocorp/kanana-1.5-8b-instruct-2505,full_context_targeted,itemwise,exact_with_invalid_item_fp,num_subjects,8,6351,92670,96415,0.06413791014027327,0.061800595527703714,0.06294756351994925
0926-03-kanana-8b-full-1438,kakaocorp/kanana-1.5-8b-instruct-2505,full_context_targeted,itemwise,exact_with_invalid_item_fp,generator_model,gpt-6-astra,3494,79876,74426,0.04190955979369078,0.044840862422997944,0.043325686651373305
0926-03-kanana-8b-full-1438,kakaocorp/kanana-1.5-8b-instruct-2505,full_context_targeted,itemwise,exact_with_invalid_item_fp,generator_model,zai-org/GLM-5.2-FP8,9774,166782,130503,0.055359206144226195,0.06967642592869822,0.061698118567194704
0926-03-kanana-8b-full-1438,kakaocorp/kanana-1.5-8b-instruct-2505,full_context_targeted,itemwise,exact_with_invalid_item_fp,category,__unassigned_invalid_item__,0,16872,0,0.0,0.0,0.0
0926-03-kanana-8b-full-1438,kakaocorp/kanana-1.5-8b-instruct-2505,full_context_targeted,itemwise,exact_with_invalid_item_fp,category,access_credential,69,2433,1861,0.027577937649880094,0.035751295336787565,0.031137184115523464
0926-03-kanana-8b-full-1438,kakaocorp/kanana-1.5-8b-instruct-2505,full_context_targeted,itemwise,exact_with_invalid_item_fp,category,address,595,12110,2620,0.046831955922865015,0.18506998444790046,0.07474874371859297
0926-03-kanana-8b-full-1438,kakaocorp/kanana-1.5-8b-instruct-2505,full_context_targeted,itemwise,exact_with_invalid_item_fp,category,bank_account_no,1301,14836,16077,0.08062217264671252,0.07486477155023594,0.07763687900939878
0926-03-kanana-8b-full-1438,kakaocorp/kanana-1.5-8b-instruct-2505,full_context_targeted,itemwise,exact_with_invalid_item_fp,category,business_reg_no,61,1453,551,0.040290620871862616,0.09967320261437909,0.05738476011288805
0926-03-kanana-8b-full-1438,kakaocorp/kanana-1.5-8b-instruct-2505,full_context_targeted,itemwise,exact_with_invalid_item_fp,category,card_no,349,3874,2934,0.08264267108690504,0.10630520865062443,0.09299227284838796
0926-03-kanana-8b-full-1438,kakaocorp/kanana-1.5-8b-instruct-2505,full_context_targeted,itemwise,exact_with_invalid_item_fp,category,consultation_content,85,9015,33721,0.00934065934065934,0.0025143465656983967,0.003962149815876568
0926-03-kanana-8b-full-1438,kakaocorp/kanana-1.5-8b-instruct-2505,full_context_targeted,itemwise,exact_with_invalid_item_fp,category,contract_no,211,3606,4901,0.05527901493319361,0.0412754303599374,0.04726173143689103
0926-03-kanana-8b-full-1438,kakaocorp/kanana-1.5-8b-instruct-2505,full_context_targeted,itemwise,exact_with_invalid_item_fp,category,corp_reg_no,12,506,183,0.023166023166023165,0.06153846153846154,0.033660589060308554
0926-03-kanana-8b-full-1438,kakaocorp/kanana-1.5-8b-instruct-2505,full_context_targeted,itemwise,exact_with_invalid_item_fp,category,credit_score,62,4393,2494,0.013916947250280583,0.024256651017214397,0.017686492654400227
0926-03-kanana-8b-full-1438,kakaocorp/kanana-1.5-8b-instruct-2505,full_context_targeted,itemwise,exact_with_invalid_item_fp,category,credit_transaction,49,7278,11165,0.006687593831035895,0.004369538077403246,0.005285583301871528
0926-03-kanana-8b-full-1438,kakaocorp/kanana-1.5-8b-instruct-2505,full_context_targeted,itemwise,exact_with_invalid_item_fp,category,customer_id,1103,12116,5831,0.08344050230728497,0.15907124314969714,0.10946261102565374
0926-03-kanana-8b-full-1438,kakaocorp/kanana-1.5-8b-instruct-2505,full_context_targeted,itemwise,exact_with_invalid_item_fp,category,delinquency_info,39,4344,2201,0.00889801505817933,0.017410714285714286,0.01177714026876038
0926-03-kanana-8b-full-1438,kakaocorp/kanana-1.5-8b-instruct-2505,full_context_targeted,itemwise,exact_with_invalid_item_fp,category,device_network,22,3167,1593,0.006898714330511132,0.013622291021671827,0.009159034138218152
0926-03-kanana-8b-full-1438,kakaocorp/kanana-1.5-8b-instruct-2505,full_context_targeted,itemwise,exact_with_invalid_item_fp,category,dob_age,132,12129,4242,0.010765842916564718,0.03017832647462277,0.01587015329125338
0926-03-kanana-8b-full-1438,kakaocorp/kanana-1.5-8b-instruct-2505,full_context_targeted,itemwise,exact_with_invalid_item_fp,category,driver_license_no,105,1798,410,0.055176037834997374,0.20388349514563106,0.08684863523573201
0926-03-kanana-8b-full-1438,kakaocorp/kanana-1.5-8b-instruct-2505,full_context_targeted,itemwise,exact_with_invalid_item_fp,category,education,56,2718,551,0.020187454938716654,0.09225700164744646,0.033126293995859216
0926-03-kanana-8b-full-1438,kakaocorp/kanana-1.5-8b-instruct-2505,full_context_targeted,itemwise,exact_with_invalid_item_fp,category,email,529,8807,2616,0.056662382176520996,0.16820349761526232,0.08476884864994792
0926-03-kanana-8b-full-1438,kakaocorp/kanana-1.5-8b-instruct-2505,full_context_targeted,itemwise,exact_with_invalid_item_fp,category,employer_affiliation,67,2988,4291,0.021931260229132568,0.015374024782010096,0.01807635235397275
0926-03-kanana-8b-full-1438,kakaocorp/kanana-1.5-8b-instruct-2505,full_context_targeted,itemwise,exact_with_invalid_item_fp,category,family_relation,99,3356,1996,0.02865412445730825,0.04725536992840095,0.03567567567567568
0926-03-kanana-8b-full-1438,kakaocorp/kanana-1.5-8b-instruct-2505,full_context_targeted,itemwise,exact_with_invalid_item_fp,category,financial_capacity,190,6817,9548,0.027115741401455687,0.019511193263503798,0.022693341295909226
0926-03-kanana-8b-full-1438,kakaocorp/kanana-1.5-8b-instruct-2505,full_context_targeted,itemwise,exact_with_invalid_item_fp,category,foreigner_reg_no,65,1211,778,0.050940438871473356,0.0771055753262159,0.06134969325153374
0926-03-kanana-8b-full-1438,kakaocorp/kanana-1.5-8b-instruct-2505,full_context_targeted,itemwise,exact_with_invalid_item_fp,category,gender,52,5146,3340,0.010003847633705272,0.015330188679245283,0.01210710128055879
0926-03-kanana-8b-full-1438,kakaocorp/kanana-1.5-8b-instruct-2505,full_context_targeted,itemwise,exact_with_invalid_item_fp,category,investment_profile,49,4646,3246,0.010436634717784877,0.014871016691957511,0.012265331664580726
0926-03-kanana-8b-full-1438,kakaocorp/kanana-1.5-8b-instruct-2505,full_context_targeted,itemwise,exact_with_invalid_item_fp,category,life_event,30,4560,1561,0.006535947712418301,0.018856065367693273,0.00970716712506067
0926-03-kanana-8b-full-1438,kakaocorp/kanana-1.5-8b-instruct-2505,full_context_targeted,itemwise,exact_with_invalid_item_fp,category,location_mention,10,3427,2025,0.002909514111143439,0.004914004914004914,0.003654970760233918
0926-03-kanana-8b-full-1438,kakaocorp/kanana-1.5-8b-instruct-2505,full_context_targeted,itemwise,exact_with_invalid_item_fp,category,nationality,276,4194,3042,0.06174496644295302,0.08318264014466546,0.07087827426810478
0926-03-kanana-8b-full-1438,kakaocorp/kanana-1.5-8b-instruct-2505,full_context_targeted,itemwise,exact_with_invalid_item_fp,category,online_handle,69,2141,488,0.031221719457013575,0.12387791741472172,0.04987350921575714
0926-03-kanana-8b-full-1438,kakaocorp/kanana-1.5-8b-instruct-2505,full_context_targeted,itemwise,exact_with_invalid_item_fp,category,passport_no,90,1540,469,0.05521472392638037,0.16100178890876565,0.08222932846048424
0926-03-kanana-8b-full-1438,kakaocorp/kanana-1.5-8b-instruct-2505,full_context_targeted,itemwise,exact_with_invalid_item_fp,category,person_name,4633,33666,34440,0.12096921590642053,0.11857292759706191,0.11975908597425425
0926-03-kanana-8b-full-1438,kakaocorp/kanana-1.5-8b-instruct-2505,full_context_targeted,itemwise,exact_with_invalid_item_fp,category,phone_no,1210,14561,7043,0.07672309935958405,0.14661335272022294,0.10073260073260074
0926-03-kanana-8b-full-1438,kakaocorp/kanana-1.5-8b-instruct-2505,full_context_targeted,itemwise,exact_with_invalid_item_fp,category,public_record,7,1819,786,0.0038335158817086527,0.008827238335435058,0.005345551737304314
0926-03-kanana-8b-full-1438,kakaocorp/kanana-1.5-8b-instruct-2505,full_context_targeted,itemwise,exact_with_invalid_item_fp,category,rrn,1076,15915,4919,0.06332764404684833,0.17948290241868223,0.09362220482032542
0926-03-kanana-8b-full-1438,kakaocorp/kanana-1.5-8b-instruct-2505,full_context_targeted,itemwise,exact_with_invalid_item_fp,category,securities_account_no,76,1337,3114,0.0537862703467799,0.023824451410658306,0.03302194221160113
0926-03-kanana-8b-full-1438,kakaocorp/kanana-1.5-8b-instruct-2505,full_context_targeted,itemwise,exact_with_invalid_item_fp,category,sensitive_info,1,1734,1983,0.0005763688760806917,0.0005040322580645161,0.0005377789728421619
0926-03-kanana-8b-full-1438,kakaocorp/kanana-1.5-8b-instruct-2505,full_context_targeted,itemwise,exact_with_invalid_item_fp,category,service_usage,46,4223,3502,0.010775357226516749,0.012965050732807215,0.011769220928745043
0926-03-kanana-8b-full-1438,kakaocorp/kanana-1.5-8b-instruct-2505,full_context_targeted,itemwise,exact_with_invalid_item_fp,category,transaction_record,442,11922,24407,0.03574894856033646,0.01778743611412934,0.02375513933302878
0926-03-kanana-8b-full-1438,kakaocorp/kanana-1.5-8b-instruct-2505,full_context_targeted,itemwise,exact_with_invalid_item_fp,tier_kind_tlevel,I/attribute/T0,239,14102,16079,0.01666550449759431,0.01464640274543449,0.015590854235297954
0926-03-kanana-8b-full-1438,kakaocorp/kanana-1.5-8b-instruct-2505,full_context_targeted,itemwise,exact_with_invalid_item_fp,tier_kind_tlevel,I/attribute/T1,230,14367,15283,0.015756662327875592,0.01482627473731709,0.015277316506144138
0926-03-kanana-8b-full-1438,kakaocorp/kanana-1.5-8b-instruct-2505,full_context_targeted,itemwise,exact_with_invalid_item_fp,tier_kind_tlevel,I/attribute/T2,258,15695,15606,0.016172506738544475,0.01626323751891074,0.016217745230537133
0926-03-kanana-8b-full-1438,kakaocorp/kanana-1.5-8b-instruct-2505,full_context_targeted,itemwise,exact_with_invalid_item_fp,tier_kind_tlevel,I/attribute/T3,197,15405,16142,0.012626586335085245,0.01205704143460432,0.012335243104473873
0926-03-kanana-8b-full-1438,kakaocorp/kanana-1.5-8b-instruct-2505,full_context_targeted,itemwise,exact_with_invalid_item_fp,tier_kind_tlevel,L/attribute/T0,197,9549,13798,0.020213420890621794,0.014076455877098965,0.01659576260477655
0926-03-kanana-8b-full-1438,kakaocorp/kanana-1.5-8b-instruct-2505,full_context_targeted,itemwise,exact_with_invalid_item_fp,tier_kind_tlevel,L/attribute/T1,178,9303,13302,0.018774390887037234,0.013204747774480712,0.015504551195505423
0926-03-kanana-8b-full-1438,kakaocorp/kanana-1.5-8b-instruct-2505,full_context_targeted,itemwise,exact_with_invalid_item_fp,tier_kind_tlevel,L/attribute/T2,231,9681,13128,0.023305084745762712,0.01729171345160566,0.019853035967513213
0926-03-kanana-8b-full-1438,kakaocorp/kanana-1.5-8b-instruct-2505,full_context_targeted,itemwise,exact_with_invalid_item_fp,tier_kind_tlevel,L/attribute/T3,184,9774,12356,0.018477605944968868,0.01467304625199362,0.016357009511956618
0926-03-kanana-8b-full-1438,kakaocorp/kanana-1.5-8b-instruct-2505,full_context_targeted,itemwise,exact_with_invalid_item_fp,tier_kind_tlevel,L/identifier/T0,4964,30950,23043,0.13821907891073118,0.1772414039347306,0.15531671907510833
0926-03-kanana-8b-full-1438,kakaocorp/kanana-1.5-8b-instruct-2505,full_context_targeted,itemwise,exact_with_invalid_item_fp,tier_kind_tlevel,L/identifier/T1,2454,35102,25100,0.06534242198317179,0.08906147927705596,0.0753801259407157
0926-03-kanana-8b-full-1438,kakaocorp/kanana-1.5-8b-instruct-2505,full_context_targeted,itemwise,exact_with_invalid_item_fp,tier_kind_tlevel,L/identifier/T2,2349,37004,25792,0.05969049373618276,0.0834725134145908,0.06960618721664148
0926-03-kanana-8b-full-1438,kakaocorp/kanana-1.5-8b-instruct-2505,full_context_targeted,itemwise,exact_with_invalid_item_fp,tier_kind_tlevel,L/identifier/T3,1787,28854,15300,0.05832055089585849,0.10458243108796161,0.07488266845457593
0926-03-kanana-8b-full-1438,kakaocorp/kanana-1.5-8b-instruct-2505,full_context_targeted,itemwise,exact_with_invalid_item_fp,tier_kind_tlevel,unassigned/invalid_item/T0,0,4580,0,0.0,0.0,0.0
0926-03-kanana-8b-full-1438,kakaocorp/kanana-1.5-8b-instruct-2505,full_context_targeted,itemwise,exact_with_invalid_item_fp,tier_kind_tlevel,unassigned/invalid_item/T1,0,3560,0,0.0,0.0,0.0
0926-03-kanana-8b-full-1438,kakaocorp/kanana-1.5-8b-instruct-2505,full_context_targeted,itemwise,exact_with_invalid_item_fp,tier_kind_tlevel,unassigned/invalid_item/T2,0,4808,0,0.0,0.0,0.0
0926-03-kanana-8b-full-1438,kakaocorp/kanana-1.5-8b-instruct-2505,full_context_targeted,itemwise,exact_with_invalid_item_fp,tier_kind_tlevel,unassigned/invalid_item/T3,0,3924,0,0.0,0.0,0.0
0926-03-kanana-8b-full-1438,kakaocorp/kanana-1.5-8b-instruct-2505,full_context_targeted,itemwise,anchored_character_coverage,doc_type,bank_statement,24501,8605,1129279,0.7400773273726817,0.021235417497269843,0.04128618923805656
0926-03-kanana-8b-full-1438,kakaocorp/kanana-1.5-8b-instruct-2505,full_context_targeted,itemwise,anchored_character_coverage,doc_type,card_statement,38072,9990,756705,0.7921434813366068,0.047902745046723795,0.0903422836389868
0926-03-kanana-8b-full-1438,kakaocorp/kanana-1.5-8b-instruct-2505,full_context_targeted,itemwise,anchored_character_coverage,doc_type,complaint_case,21749,6558,695690,0.7683258557953863,0.03031477240573763,0.05832817071764381
0926-03-kanana-8b-full-1438,kakaocorp/kanana-1.5-8b-instruct-2505,full_context_targeted,itemwise,anchored_character_coverage,doc_type,cs_transcript,10844,4935,426421,0.687242537549908,0.02479960664585549,0.04787172989819973
0926-03-kanana-8b-full-1438,kakaocorp/kanana-1.5-8b-instruct-2505,full_context_targeted,itemwise,anchored_character_coverage,doc_type,insurance_claim,14650,5336,627101,0.7330131091764235,0.022828168557586976,0.04427740930309171
0926-03-kanana-8b-full-1438,kakaocorp/kanana-1.5-8b-instruct-2505,full_context_targeted,itemwise,anchored_character_coverage,doc_type,internal_memo,25846,11052,626095,0.7004715702748117,0.03964469177425565,0.07504220870188825
0926-03-kanana-8b-full-1438,kakaocorp/kanana-1.5-8b-instruct-2505,full_context_targeted,itemwise,anchored_character_coverage,doc_type,kyc_form,33927,8599,610369,0.7977942905516625,0.05265747420440295,0.0987941562733867
0926-03-kanana-8b-full-1438,kakaocorp/kanana-1.5-8b-instruct-2505,full_context_targeted,itemwise,anchored_character_coverage,doc_type,loan_contract,25395,5854,329779,0.81266600531217,0.07150016611576297,0.13143627579103728
0926-03-kanana-8b-full-1438,kakaocorp/kanana-1.5-8b-instruct-2505,full_context_targeted,itemwise,anchored_character_coverage,doc_type,phishing_report,17693,8574,643852,0.6735828225530133,0.026744968218337377,0.051447197780788934
0926-03-kanana-8b-full-1438,kakaocorp/kanana-1.5-8b-instruct-2505,full_context_targeted,itemwise,anchored_character_coverage,doc_type,securities_trade_report,22184,8363,787762,0.7262251612269617,0.027389480286340077,0.052788066051710124
0926-03-kanana-8b-full-1438,kakaocorp/kanana-1.5-8b-instruct-2505,full_context_targeted,itemwise,anchored_character_coverage,variation_level,T0,76383,20144,1672334,0.7913122753219306,0.04367945184955599,0.0827890512040684
0926-03-kanana-8b-full-1438,kakaocorp/kanana-1.5-8b-instruct-2505,full_context_targeted,itemwise,anchored_character_coverage,variation_level,T1,60677,19272,1728893,0.7589463282842812,0.03390591035835424,0.06491188375191694
0926-03-kanana-8b-full-1438,kakaocorp/kanana-1.5-8b-instruct-2505,full_context_targeted,itemwise,anchored_character_coverage,variation_level,T2,55628,19718,1751705,0.7383006397154461,0.030779053998350056,0.05909451372220118
0926-03-kanana-8b-full-1438,kakaocorp/kanana-1.5-8b-instruct-2505,full_context_targeted,itemwise,anchored_character_coverage,variation_level,T3,42173,18732,1480121,0.6924390444134307,0.027703584195956893,0.053275677915410505
0926-03-kanana-8b-full-1438,kakaocorp/kanana-1.5-8b-instruct-2505,full_context_targeted,itemwise,anchored_character_coverage,context_len_bucket,16k,113786,33180,4406422,0.7742334961827906,0.025172735413945553,0.04876012764897988
0926-03-kanana-8b-full-1438,kakaocorp/kanana-1.5-8b-instruct-2505,full_context_targeted,itemwise,anchored_character_coverage,context_len_bucket,1k,39060,18159,517468,0.6826403816913962,0.07018514791708594,0.1272837178837534
0926-03-kanana-8b-full-1438,kakaocorp/kanana-1.5-8b-instruct-2505,full_context_targeted,itemwise,anchored_character_coverage,context_len_bucket,4k,82015,26527,1709163,0.7556061248180428,0.045788302446769666,0.0863443033710231
0926-03-kanana-8b-full-1438,kakaocorp/kanana-1.5-8b-instruct-2505,full_context_targeted,itemwise,anchored_character_coverage,num_subjects,1,54725,24928,1786468,0.68704254704782,0.029722576612011886,0.05698010147612042
0926-03-kanana-8b-full-1438,kakaocorp/kanana-1.5-8b-instruct-2505,full_context_targeted,itemwise,anchored_character_coverage,num_subjects,3,84831,27028,2268949,0.7583743820345256,0.0360403266235587,0.06881055985892501
0926-03-kanana-8b-full-1438,kakaocorp/kanana-1.5-8b-instruct-2505,full_context_targeted,itemwise,anchored_character_coverage,num_subjects,8,95305,25910,2577636,0.7862475766200553,0.03565548210753623,0.06821737941618149
0926-03-kanana-8b-full-1438,kakaocorp/kanana-1.5-8b-instruct-2505,full_context_targeted,itemwise,anchored_character_coverage,generator_model,gpt-6-astra,59420,29525,3213340,0.6680532913598292,0.018155929551815594,0.03535110903544481
0926-03-kanana-8b-full-1438,kakaocorp/kanana-1.5-8b-instruct-2505,full_context_targeted,itemwise,anchored_character_coverage,generator_model,zai-org/GLM-5.2-FP8,175441,48341,3419713,0.783981732221537,0.048799300391582666,0.09187951827419993
0926-03-kanana-8b-full-1438,kakaocorp/kanana-1.5-8b-instruct-2505,full_context_targeted,itemwise,anchored_character_coverage,category,access_credential,593,1498,12473,0.28359636537541844,0.045384968620848,0.07824767434188824
0926-03-kanana-8b-full-1438,kakaocorp/kanana-1.5-8b-instruct-2505,full_context_targeted,itemwise,anchored_character_coverage,category,address,14557,5464,54777,0.7270865591129314,0.20995471197392332,0.3258239606065693
0926-03-kanana-8b-full-1438,kakaocorp/kanana-1.5-8b-instruct-2505,full_context_targeted,itemwise,anchored_character_coverage,category,bank_account_no,23572,3446,249120,0.8724554001036346,0.08644184647881126,0.1572987220980281
0926-03-kanana-8b-full-1438,kakaocorp/kanana-1.5-8b-instruct-2505,full_context_targeted,itemwise,anchored_character_coverage,category,business_reg_no,829,1916,6888,0.3020036429872495,0.10742516521964494,0.15847830242783406
0926-03-kanana-8b-full-1438,kakaocorp/kanana-1.5-8b-instruct-2505,full_context_targeted,itemwise,anchored_character_coverage,category,card_no,7061,2066,55430,0.7736386545414704,0.11299227088700772,0.19718506520707085
0926-03-kanana-8b-full-1438,kakaocorp/kanana-1.5-8b-instruct-2505,full_context_targeted,itemwise,anchored_character_coverage,category,consultation_content,13539,10881,2321569,0.5544226044226044,0.005798018764014341,0.011476024018362995
0926-03-kanana-8b-full-1438,kakaocorp/kanana-1.5-8b-instruct-2505,full_context_targeted,itemwise,anchored_character_coverage,category,contract_no,2745,1733,56043,0.6129968736042877,0.046693202694427435,0.08677646761293586
0926-03-kanana-8b-full-1438,kakaocorp/kanana-1.5-8b-instruct-2505,full_context_targeted,itemwise,anchored_character_coverage,category,corp_reg_no,177,208,2637,0.4597402597402597,0.0628997867803838,0.11065958111909972
0926-03-kanana-8b-full-1438,kakaocorp/kanana-1.5-8b-instruct-2505,full_context_targeted,itemwise,anchored_character_coverage,category,credit_score,4189,514,67033,0.8907080586859452,0.05881609615006599,0.11034573592360883
0926-03-kanana-8b-full-1438,kakaocorp/kanana-1.5-8b-instruct-2505,full_context_targeted,itemwise,anchored_character_coverage,category,credit_transaction,4798,8179,535146,0.3697310626493026,0.008886106707362245,0.017355101361677346
0926-03-kanana-8b-full-1438,kakaocorp/kanana-1.5-8b-instruct-2505,full_context_targeted,itemwise,anchored_character_coverage,category,customer_id,11134,4129,54069,0.7294765118259844,0.17075901415579037,0.27673800114334
0926-03-kanana-8b-full-1438,kakaocorp/kanana-1.5-8b-instruct-2505,full_context_targeted,itemwise,anchored_character_coverage,category,delinquency_info,2450,2696,86294,0.4760979401476875,0.02760750022536735,0.052188731494301845
0926-03-kanana-8b-full-1438,kakaocorp/kanana-1.5-8b-instruct-2505,full_context_targeted,itemwise,anchored_character_coverage,category,device_network,1873,453,56835,0.8052450558899398,0.03190365878585542,0.061375626699872204
0926-03-kanana-8b-full-1438,kakaocorp/kanana-1.5-8b-instruct-2505,full_context_targeted,itemwise,anchored_character_coverage,category,dob_age,11405,2627,75882,0.812785062713797,0.13066092316152464,0.22513052833131003
0926-03-kanana-8b-full-1438,kakaocorp/kanana-1.5-8b-instruct-2505,full_context_targeted,itemwise,anchored_character_coverage,category,driver_license_no,1769,509,6243,0.776558384547849,0.2207938092860709,0.34382896015549075
0926-03-kanana-8b-full-1438,kakaocorp/kanana-1.5-8b-instruct-2505,full_context_targeted,itemwise,anchored_character_coverage,category,education,1574,467,14549,0.7711905928466438,0.09762451156732618,0.17330984364677385
0926-03-kanana-8b-full-1438,kakaocorp/kanana-1.5-8b-instruct-2505,full_context_targeted,itemwise,anchored_character_coverage,category,email,14946,862,49038,0.9454706477732794,0.23358964741185295,0.3746240224583918
0926-03-kanana-8b-full-1438,kakaocorp/kanana-1.5-8b-instruct-2505,full_context_targeted,itemwise,anchored_character_coverage,category,employer_affiliation,1804,702,69582,0.7198723064644852,0.025271061552685402,0.048828019271369025
0926-03-kanana-8b-full-1438,kakaocorp/kanana-1.5-8b-instruct-2505,full_context_targeted,itemwise,anchored_character_coverage,category,family_relation,2931,963,46526,0.7526964560862865,0.059263602725600016,0.10987610354070214
0926-03-kanana-8b-full-1438,kakaocorp/kanana-1.5-8b-instruct-2505,full_context_targeted,itemwise,anchored_character_coverage,category,financial_capacity,6104,1688,248666,0.7833675564681725,0.023958864858499823,0.046495684828726166
0926-03-kanana-8b-full-1438,kakaocorp/kanana-1.5-8b-instruct-2505,full_context_targeted,itemwise,anchored_character_coverage,category,foreigner_reg_no,1131,497,11055,0.6947174447174447,0.09281142294436238,0.16374692341103228
0926-03-kanana-8b-full-1438,kakaocorp/kanana-1.5-8b-instruct-2505,full_context_targeted,itemwise,anchored_character_coverage,category,gender,1279,142,22462,0.900070372976777,0.05387304662819595,0.10166123519593037
0926-03-kanana-8b-full-1438,kakaocorp/kanana-1.5-8b-instruct-2505,full_context_targeted,itemwise,anchored_character_coverage,category,investment_profile,3008,851,135206,0.7794765483285825,0.021763352482382394,0.042344428568412015
0926-03-kanana-8b-full-1438,kakaocorp/kanana-1.5-8b-instruct-2505,full_context_targeted,itemwise,anchored_character_coverage,category,life_event,1294,1419,56114,0.4769627718392923,0.02254041248606466,0.043046522845594716
0926-03-kanana-8b-full-1438,kakaocorp/kanana-1.5-8b-instruct-2505,full_context_targeted,itemwise,anchored_character_coverage,category,location_mention,674,1229,39544,0.35417761429322125,0.01675866527425531,0.032003038864224495
0926-03-kanana-8b-full-1438,kakaocorp/kanana-1.5-8b-instruct-2505,full_context_targeted,itemwise,anchored_character_coverage,category,nationality,2838,256,27680,0.9172592113768584,0.09299429844681827,0.1688682613352374
0926-03-kanana-8b-full-1438,kakaocorp/kanana-1.5-8b-instruct-2505,full_context_targeted,itemwise,anchored_character_coverage,category,online_handle,773,1241,4829,0.38381330685203574,0.1379864334166369,0.2029936974789916
0926-03-kanana-8b-full-1438,kakaocorp/kanana-1.5-8b-instruct-2505,full_context_targeted,itemwise,anchored_character_coverage,category,passport_no,886,449,4384,0.6636704119850187,0.1681214421252372,0.26828160484481456
0926-03-kanana-8b-full-1438,kakaocorp/kanana-1.5-8b-instruct-2505,full_context_targeted,itemwise,anchored_character_coverage,category,person_name,22377,2846,143581,0.8871664750426198,0.1348353197797033,0.23409229996704695
0926-03-kanana-8b-full-1438,kakaocorp/kanana-1.5-8b-instruct-2505,full_context_targeted,itemwise,anchored_character_coverage,category,phone_no,17373,1184,96203,0.9361965834994881,0.15296365429316053,0.2629623182702277
0926-03-kanana-8b-full-1438,kakaocorp/kanana-1.5-8b-instruct-2505,full_context_targeted,itemwise,anchored_character_coverage,category,public_record,380,206,36706,0.6484641638225256,0.010246454187564041,0.02017413463580378
0926-03-kanana-8b-full-1438,kakaocorp/kanana-1.5-8b-instruct-2505,full_context_targeted,itemwise,anchored_character_coverage,category,rrn,16310,6048,70421,0.7294927989981215,0.18805271471561494,0.29902189954990877
0926-03-kanana-8b-full-1438,kakaocorp/kanana-1.5-8b-instruct-2505,full_context_targeted,itemwise,anchored_character_coverage,category,securities_account_no,881,358,35156,0.7110573042776432,0.024447096040180926,0.047269020281146046
0926-03-kanana-8b-full-1438,kakaocorp/kanana-1.5-8b-instruct-2505,full_context_targeted,itemwise,anchored_character_coverage,category,sensitive_info,278,308,129184,0.47440273037542663,0.0021473482566312894,0.004275344488188977
0926-03-kanana-8b-full-1438,kakaocorp/kanana-1.5-8b-instruct-2505,full_context_targeted,itemwise,anchored_character_coverage,category,service_usage,3442,1371,166942,0.7151464782879701,0.020201427364071742,0.03929291026672831
0926-03-kanana-8b-full-1438,kakaocorp/kanana-1.5-8b-instruct-2505,full_context_targeted,itemwise,anchored_character_coverage,category,transaction_record,33887,8460,1584786,0.8002219755826859,0.020935049883453915,0.040802639342091
0926-03-kanana-8b-full-1438,kakaocorp/kanana-1.5-8b-instruct-2505,full_context_targeted,itemwise,anchored_character_coverage,tier_kind_tlevel,I/attribute/T0,12305,5122,760112,0.7060882538589545,0.01593051421706151,0.031158051463326935
0926-03-kanana-8b-full-1438,kakaocorp/kanana-1.5-8b-instruct-2505,full_context_targeted,itemwise,anchored_character_coverage,tier_kind_tlevel,I/attribute/T1,10697,5139,756071,0.6754862338974489,0.013950764768482775,0.027336941799428575
0926-03-kanana-8b-full-1438,kakaocorp/kanana-1.5-8b-instruct-2505,full_context_targeted,itemwise,anchored_character_coverage,tier_kind_tlevel,I/attribute/T2,12139,5193,777660,0.7003807985229633,0.015369733311893279,0.03007937992717415
0926-03-kanana-8b-full-1438,kakaocorp/kanana-1.5-8b-instruct-2505,full_context_targeted,itemwise,anchored_character_coverage,tier_kind_tlevel,I/attribute/T3,10520,5907,739048,0.6404090826079016,0.014034750683060109,0.027467542216333005
0926-03-kanana-8b-full-1438,kakaocorp/kanana-1.5-8b-instruct-2505,full_context_targeted,itemwise,anchored_character_coverage,tier_kind_tlevel,L/attribute/T0,12555,4931,693273,0.7180029738076176,0.017787619646712795,0.03471521358635392
0926-03-kanana-8b-full-1438,kakaocorp/kanana-1.5-8b-instruct-2505,full_context_targeted,itemwise,anchored_character_coverage,tier_kind_tlevel,L/attribute/T1,13521,6557,707930,0.6734236477736827,0.018741397544670392,0.03646789269199182
0926-03-kanana-8b-full-1438,kakaocorp/kanana-1.5-8b-instruct-2505,full_context_targeted,itemwise,anchored_character_coverage,tier_kind_tlevel,L/attribute/T2,13456,6088,700284,0.6884977486696684,0.018852803541906018,0.03670065077105187
0926-03-kanana-8b-full-1438,kakaocorp/kanana-1.5-8b-instruct-2505,full_context_targeted,itemwise,anchored_character_coverage,tier_kind_tlevel,L/attribute/T3,12554,4475,586328,0.7372129896059663,0.02096239325944009,0.04076563009915394
0926-03-kanana-8b-full-1438,kakaocorp/kanana-1.5-8b-instruct-2505,full_context_targeted,itemwise,anchored_character_coverage,tier_kind_tlevel,L/identifier/T0,51523,10091,218949,0.8362222871425325,0.19049291608743235,0.31029913937955833
0926-03-kanana-8b-full-1438,kakaocorp/kanana-1.5-8b-instruct-2505,full_context_targeted,itemwise,anchored_character_coverage,tier_kind_tlevel,L/identifier/T1,36459,7576,264892,0.8279550357670035,0.12098516348045966,0.2111203117671243
0926-03-kanana-8b-full-1438,kakaocorp/kanana-1.5-8b-instruct-2505,full_context_targeted,itemwise,anchored_character_coverage,tier_kind_tlevel,L/identifier/T2,30033,8437,273761,0.7806862490252144,0.09885975364885416,0.17549610826730244
0926-03-kanana-8b-full-1438,kakaocorp/kanana-1.5-8b-instruct-2505,full_context_targeted,itemwise,anchored_character_coverage,tier_kind_tlevel,L/identifier/T3,19099,8350,154745,0.6957994826769646,0.10986286555762638,0.18976318103461123
0926-03-kanana-8b-full-1438,kakaocorp/kanana-1.5-8b-instruct-2505,full_context_targeted,fence_itemwise,exact_with_invalid_item_fp,doc_type,bank_statement,1106,24130,25057,0.043826279917578065,0.04227343959026106,0.04303585672873013
0926-03-kanana-8b-full-1438,kakaocorp/kanana-1.5-8b-instruct-2505,full_context_targeted,fence_itemwise,exact_with_invalid_item_fp,doc_type,card_statement,1682,23648,21468,0.06640347414133439,0.07265658747300216,0.06938943894389439
0926-03-kanana-8b-full-1438,kakaocorp/kanana-1.5-8b-instruct-2505,full_context_targeted,fence_itemwise,exact_with_invalid_item_fp,doc_type,complaint_case,1314,24474,18391,0.050953932061423915,0.06668358284699315,0.057767129008858505
0926-03-kanana-8b-full-1438,kakaocorp/kanana-1.5-8b-instruct-2505,full_context_targeted,fence_itemwise,exact_with_invalid_item_fp,doc_type,cs_transcript,771,20861,17537,0.03564164201183432,0.04211273760104872,0.0386079118678017
0926-03-kanana-8b-full-1438,kakaocorp/kanana-1.5-8b-instruct-2505,full_context_targeted,fence_itemwise,exact_with_invalid_item_fp,doc_type,insurance_claim,1044,22948,17450,0.043514504834944984,0.05645074078079377,0.04914560090382714
0926-03-kanana-8b-full-1438,kakaocorp/kanana-1.5-8b-instruct-2505,full_context_targeted,fence_itemwise,exact_with_invalid_item_fp,doc_type,internal_memo,1726,26418,22291,0.06132745878339966,0.07186576175209226,0.06617971281225436
0926-03-kanana-8b-full-1438,kakaocorp/kanana-1.5-8b-instruct-2505,full_context_targeted,fence_itemwise,exact_with_invalid_item_fp,doc_type,kyc_form,1845,29289,23021,0.059259973019849685,0.07419769967023244,0.06589285714285714
0926-03-kanana-8b-full-1438,kakaocorp/kanana-1.5-8b-instruct-2505,full_context_targeted,fence_itemwise,exact_with_invalid_item_fp,doc_type,loan_contract,1620,25988,16001,0.05867864387134164,0.09193575847000737,0.07163545512834686
0926-03-kanana-8b-full-1438,kakaocorp/kanana-1.5-8b-instruct-2505,full_context_targeted,fence_itemwise,exact_with_invalid_item_fp,doc_type,phishing_report,1110,23438,21548,0.04521753299657813,0.04898931944567041,0.04702792017963818
0926-03-kanana-8b-full-1438,kakaocorp/kanana-1.5-8b-instruct-2505,full_context_targeted,fence_itemwise,exact_with_invalid_item_fp,doc_type,securities_trade_report,1062,25574,22153,0.03987085147920108,0.045746284729700624,0.042606968766925435
0926-03-kanana-8b-full-1438,kakaocorp/kanana-1.5-8b-instruct-2505,full_context_targeted,fence_itemwise,exact_with_invalid_item_fp,variation_level,T0,5400,59211,52920,0.08357709987463435,0.09259259259259259,0.08785416209092906
0926-03-kanana-8b-full-1438,kakaocorp/kanana-1.5-8b-instruct-2505,full_context_targeted,fence_itemwise,exact_with_invalid_item_fp,variation_level,T1,2874,62347,53673,0.04406556170558562,0.05082497745238474,0.0472045200709546
0926-03-kanana-8b-full-1438,kakaocorp/kanana-1.5-8b-instruct-2505,full_context_targeted,fence_itemwise,exact_with_invalid_item_fp,variation_level,T2,2838,67188,54526,0.04052780395852969,0.04947353741022244,0.04455608760499254
0926-03-kanana-8b-full-1438,kakaocorp/kanana-1.5-8b-instruct-2505,full_context_targeted,fence_itemwise,exact_with_invalid_item_fp,variation_level,T3,2168,58022,43798,0.0360192723043695,0.047165296088413175,0.04084554806134368
0926-03-kanana-8b-full-1438,kakaocorp/kanana-1.5-8b-instruct-2505,full_context_targeted,fence_itemwise,exact_with_invalid_item_fp,context_len_bucket,16k,7041,201509,120038,0.03376168784464157,0.05540647943405283,0.041957041852760044
0926-03-kanana-8b-full-1438,kakaocorp/kanana-1.5-8b-instruct-2505,full_context_targeted,fence_itemwise,exact_with_invalid_item_fp,context_len_bucket,1k,2111,6003,24534,0.26016761153561746,0.0792268718333646,0.12146494433096464
0926-03-kanana-8b-full-1438,kakaocorp/kanana-1.5-8b-instruct-2505,full_context_targeted,fence_itemwise,exact_with_invalid_item_fp,context_len_bucket,4k,4128,39256,60345,0.09515028581965701,0.06402680191708157,0.07654579674939967
0926-03-kanana-8b-full-1438,kakaocorp/kanana-1.5-8b-instruct-2505,full_context_targeted,fence_itemwise,exact_with_invalid_item_fp,num_subjects,1,2216,63882,39906,0.03352597658022936,0.052609087887564694,0.040953613010534094
0926-03-kanana-8b-full-1438,kakaocorp/kanana-1.5-8b-instruct-2505,full_context_targeted,fence_itemwise,exact_with_invalid_item_fp,num_subjects,3,4701,90136,68608,0.04956926094245917,0.06412582356872962,0.05591569231501196
0926-03-kanana-8b-full-1438,kakaocorp/kanana-1.5-8b-instruct-2505,full_context_targeted,fence_itemwise,exact_with_invalid_item_fp,num_subjects,8,6363,92750,96403,0.06419944911363797,0.0619173656656871,0.06303776024252151
0926-03-kanana-8b-full-1438,kakaocorp/kanana-1.5-8b-instruct-2505,full_context_targeted,fence_itemwise,exact_with_invalid_item_fp,generator_model,gpt-6-astra,3494,79941,74426,0.0418769101695931,0.044840862422997944,0.04330823339840724
0926-03-kanana-8b-full-1438,kakaocorp/kanana-1.5-8b-instruct-2505,full_context_targeted,fence_itemwise,exact_with_invalid_item_fp,generator_model,zai-org/GLM-5.2-FP8,9786,166827,130491,0.055409284707241255,0.06976197095746274,0.061762756792577866
0926-03-kanana-8b-full-1438,kakaocorp/kanana-1.5-8b-instruct-2505,full_context_targeted,fence_itemwise,exact_with_invalid_item_fp,category,__unassigned_invalid_item__,0,16872,0,0.0,0.0,0.0
0926-03-kanana-8b-full-1438,kakaocorp/kanana-1.5-8b-instruct-2505,full_context_targeted,fence_itemwise,exact_with_invalid_item_fp,category,access_credential,69,2435,1861,0.02755591054313099,0.035751295336787565,0.03112313937753721
0926-03-kanana-8b-full-1438,kakaocorp/kanana-1.5-8b-instruct-2505,full_context_targeted,fence_itemwise,exact_with_invalid_item_fp,category,address,595,12114,2620,0.04681721614603824,0.18506998444790046,0.07472996734488822
0926-03-kanana-8b-full-1438,kakaocorp/kanana-1.5-8b-instruct-2505,full_context_targeted,fence_itemwise,exact_with_invalid_item_fp,category,bank_account_no,1301,14842,16077,0.0805922071486093,0.07486477155023594,0.07762298260791743
0926-03-kanana-8b-full-1438,kakaocorp/kanana-1.5-8b-instruct-2505,full_context_targeted,fence_itemwise,exact_with_invalid_item_fp,category,business_reg_no,61,1453,551,0.040290620871862616,0.09967320261437909,0.05738476011288805
0926-03-kanana-8b-full-1438,kakaocorp/kanana-1.5-8b-instruct-2505,full_context_targeted,fence_itemwise,exact_with_invalid_item_fp,category,card_no,352,3879,2931,0.08319546206570551,0.10721900700578739,0.093691775352675
0926-03-kanana-8b-full-1438,kakaocorp/kanana-1.5-8b-instruct-2505,full_context_targeted,fence_itemwise,exact_with_invalid_item_fp,category,consultation_content,85,9021,33721,0.009334504722161213,0.0025143465656983967,0.003961595824011932
0926-03-kanana-8b-full-1438,kakaocorp/kanana-1.5-8b-instruct-2505,full_context_targeted,fence_itemwise,exact_with_invalid_item_fp,category,contract_no,211,3607,4901,0.05526453640649555,0.0412754303599374,0.047256438969764836
0926-03-kanana-8b-full-1438,kakaocorp/kanana-1.5-8b-instruct-2505,full_context_targeted,fence_itemwise,exact_with_invalid_item_fp,category,corp_reg_no,12,506,183,0.023166023166023165,0.06153846153846154,0.033660589060308554
0926-03-kanana-8b-full-1438,kakaocorp/kanana-1.5-8b-instruct-2505,full_context_targeted,fence_itemwise,exact_with_invalid_item_fp,category,credit_score,62,4393,2494,0.013916947250280583,0.024256651017214397,0.017686492654400227
0926-03-kanana-8b-full-1438,kakaocorp/kanana-1.5-8b-instruct-2505,full_context_targeted,fence_itemwise,exact_with_invalid_item_fp,category,credit_transaction,49,7289,11165,0.006677568819841918,0.004369538077403246,0.005282449331608452
0926-03-kanana-8b-full-1438,kakaocorp/kanana-1.5-8b-instruct-2505,full_context_targeted,fence_itemwise,exact_with_invalid_item_fp,category,customer_id,1103,12122,5831,0.08340264650283553,0.15907124314969714,0.10943003125155018
0926-03-kanana-8b-full-1438,kakaocorp/kanana-1.5-8b-instruct-2505,full_context_targeted,fence_itemwise,exact_with_invalid_item_fp,category,delinquency_info,39,4350,2201,0.00888585099111415,0.017410714285714286,0.011766480615477448
0926-03-kanana-8b-full-1438,kakaocorp/kanana-1.5-8b-instruct-2505,full_context_targeted,fence_itemwise,exact_with_invalid_item_fp,category,device_network,22,3170,1593,0.006892230576441102,0.013622291021671827,0.009153318077803204
0926-03-kanana-8b-full-1438,kakaocorp/kanana-1.5-8b-instruct-2505,full_context_targeted,fence_itemwise,exact_with_invalid_item_fp,category,dob_age,135,12132,4239,0.011005135730007337,0.030864197530864196,0.016224986479177934
0926-03-kanana-8b-full-1438,kakaocorp/kanana-1.5-8b-instruct-2505,full_context_targeted,fence_itemwise,exact_with_invalid_item_fp,category,driver_license_no,105,1799,410,0.05514705882352941,0.20388349514563106,0.086812732534105
0926-03-kanana-8b-full-1438,kakaocorp/kanana-1.5-8b-instruct-2505,full_context_targeted,fence_itemwise,exact_with_invalid_item_fp,category,education,56,2719,551,0.02018018018018018,0.09225700164744646,0.03311649911295092
0926-03-kanana-8b-full-1438,kakaocorp/kanana-1.5-8b-instruct-2505,full_context_targeted,fence_itemwise,exact_with_invalid_item_fp,category,email,529,8809,2616,0.05665024630541872,0.16820349761526232,0.08475526716334214
0926-03-kanana-8b-full-1438,kakaocorp/kanana-1.5-8b-instruct-2505,full_context_targeted,fence_itemwise,exact_with_invalid_item_fp,category,employer_affiliation,67,2990,4291,0.02191691200523389,0.015374024782010096,0.018071476736345245
0926-03-kanana-8b-full-1438,kakaocorp/kanana-1.5-8b-instruct-2505,full_context_targeted,fence_itemwise,exact_with_invalid_item_fp,category,family_relation,99,3357,1996,0.028645833333333332,0.04725536992840095,0.035669248784002884
0926-03-kanana-8b-full-1438,kakaocorp/kanana-1.5-8b-instruct-2505,full_context_targeted,fence_itemwise,exact_with_invalid_item_fp,category,financial_capacity,190,6824,9548,0.027088679783290562,0.019511193263503798,0.02268385864374403
0926-03-kanana-8b-full-1438,kakaocorp/kanana-1.5-8b-instruct-2505,full_context_targeted,fence_itemwise,exact_with_invalid_item_fp,category,foreigner_reg_no,65,1211,778,0.050940438871473356,0.0771055753262159,0.06134969325153374
0926-03-kanana-8b-full-1438,kakaocorp/kanana-1.5-8b-instruct-2505,full_context_targeted,fence_itemwise,exact_with_invalid_item_fp,category,gender,52,5147,3340,0.010001923446816696,0.015330188679245283,0.012105692003259224
0926-03-kanana-8b-full-1438,kakaocorp/kanana-1.5-8b-instruct-2505,full_context_targeted,fence_itemwise,exact_with_invalid_item_fp,category,investment_profile,49,4648,3246,0.010432190760059613,0.014871016691957511,0.012262262262262262
0926-03-kanana-8b-full-1438,kakaocorp/kanana-1.5-8b-instruct-2505,full_context_targeted,fence_itemwise,exact_with_invalid_item_fp,category,life_event,30,4563,1561,0.006531678641410843,0.018856065367693273,0.009702457956015523
0926-03-kanana-8b-full-1438,kakaocorp/kanana-1.5-8b-instruct-2505,full_context_targeted,fence_itemwise,exact_with_invalid_item_fp,category,location_mention,10,3427,2025,0.002909514111143439,0.004914004914004914,0.003654970760233918
0926-03-kanana-8b-full-1438,kakaocorp/kanana-1.5-8b-instruct-2505,full_context_targeted,fence_itemwise,exact_with_invalid_item_fp,category,nationality,276,4195,3042,0.06173115634086334,0.08318264014466546,0.0708691744768263
0926-03-kanana-8b-full-1438,kakaocorp/kanana-1.5-8b-instruct-2505,full_context_targeted,fence_itemwise,exact_with_invalid_item_fp,category,online_handle,69,2143,488,0.031193490054249547,0.12387791741472172,0.04983748645720477
0926-03-kanana-8b-full-1438,kakaocorp/kanana-1.5-8b-instruct-2505,full_context_targeted,fence_itemwise,exact_with_invalid_item_fp,category,passport_no,90,1542,469,0.05514705882352941,0.16100178890876565,0.08215426745778183
0926-03-kanana-8b-full-1438,kakaocorp/kanana-1.5-8b-instruct-2505,full_context_targeted,fence_itemwise,exact_with_invalid_item_fp,category,person_name,4636,33682,34437,0.1209875254449606,0.11864970695876949,0.11980721272499387
0926-03-kanana-8b-full-1438,kakaocorp/kanana-1.5-8b-instruct-2505,full_context_targeted,fence_itemwise,exact_with_invalid_item_fp,category,phone_no,1210,14570,7043,0.07667934093789606,0.14661335272022294,0.10069487787625349
0926-03-kanana-8b-full-1438,kakaocorp/kanana-1.5-8b-instruct-2505,full_context_targeted,fence_itemwise,exact_with_invalid_item_fp,category,public_record,7,1819,786,0.0038335158817086527,0.008827238335435058,0.005345551737304314
0926-03-kanana-8b-full-1438,kakaocorp/kanana-1.5-8b-instruct-2505,full_context_targeted,fence_itemwise,exact_with_invalid_item_fp,category,rrn,1079,15920,4916,0.06347432201894229,0.17998331943286072,0.09385056971383839
0926-03-kanana-8b-full-1438,kakaocorp/kanana-1.5-8b-instruct-2505,full_context_targeted,fence_itemwise,exact_with_invalid_item_fp,category,securities_account_no,76,1338,3114,0.05374823196605375,0.023824451410658306,0.03301476976542137
0926-03-kanana-8b-full-1438,kakaocorp/kanana-1.5-8b-instruct-2505,full_context_targeted,fence_itemwise,exact_with_invalid_item_fp,category,sensitive_info,1,1734,1983,0.0005763688760806917,0.0005040322580645161,0.0005377789728421619
0926-03-kanana-8b-full-1438,kakaocorp/kanana-1.5-8b-instruct-2505,full_context_targeted,fence_itemwise,exact_with_invalid_item_fp,category,service_usage,46,4224,3502,0.010772833723653397,0.012965050732807215,0.0117677155282681
0926-03-kanana-8b-full-1438,kakaocorp/kanana-1.5-8b-instruct-2505,full_context_targeted,fence_itemwise,exact_with_invalid_item_fp,category,transaction_record,442,11922,24407,0.03574894856033646,0.01778743611412934,0.02375513933302878
0926-03-kanana-8b-full-1438,kakaocorp/kanana-1.5-8b-instruct-2505,full_context_targeted,fence_itemwise,exact_with_invalid_item_fp,tier_kind_tlevel,I/attribute/T0,239,14102,16079,0.01666550449759431,0.01464640274543449,0.015590854235297954
0926-03-kanana-8b-full-1438,kakaocorp/kanana-1.5-8b-instruct-2505,full_context_targeted,fence_itemwise,exact_with_invalid_item_fp,tier_kind_tlevel,I/attribute/T1,233,14370,15280,0.015955625556392523,0.015019660929542964,0.015473502457165627
0926-03-kanana-8b-full-1438,kakaocorp/kanana-1.5-8b-instruct-2505,full_context_targeted,fence_itemwise,exact_with_invalid_item_fp,tier_kind_tlevel,I/attribute/T2,258,15695,15606,0.016172506738544475,0.01626323751891074,0.016217745230537133
0926-03-kanana-8b-full-1438,kakaocorp/kanana-1.5-8b-instruct-2505,full_context_targeted,fence_itemwise,exact_with_invalid_item_fp,tier_kind_tlevel,I/attribute/T3,197,15426,16142,0.012609614030595916,0.01205704143460432,0.012327138476941368
0926-03-kanana-8b-full-1438,kakaocorp/kanana-1.5-8b-instruct-2505,full_context_targeted,fence_itemwise,exact_with_invalid_item_fp,tier_kind_tlevel,L/attribute/T0,197,9558,13798,0.020194771911840083,0.014076455877098965,0.016589473684210525
0926-03-kanana-8b-full-1438,kakaocorp/kanana-1.5-8b-instruct-2505,full_context_targeted,fence_itemwise,exact_with_invalid_item_fp,tier_kind_tlevel,L/attribute/T1,178,9303,13302,0.018774390887037234,0.013204747774480712,0.015504551195505423
0926-03-kanana-8b-full-1438,kakaocorp/kanana-1.5-8b-instruct-2505,full_context_targeted,fence_itemwise,exact_with_invalid_item_fp,tier_kind_tlevel,L/attribute/T2,231,9681,13128,0.023305084745762712,0.01729171345160566,0.019853035967513213
0926-03-kanana-8b-full-1438,kakaocorp/kanana-1.5-8b-instruct-2505,full_context_targeted,fence_itemwise,exact_with_invalid_item_fp,tier_kind_tlevel,L/attribute/T3,184,9789,12356,0.018449814499147697,0.01467304625199362,0.01634611113578821
0926-03-kanana-8b-full-1438,kakaocorp/kanana-1.5-8b-instruct-2505,full_context_targeted,fence_itemwise,exact_with_invalid_item_fp,tier_kind_tlevel,L/identifier/T0,4964,30971,23043,0.1381383052734103,0.1772414039347306,0.15526570954927904
0926-03-kanana-8b-full-1438,kakaocorp/kanana-1.5-8b-instruct-2505,full_context_targeted,fence_itemwise,exact_with_invalid_item_fp,tier_kind_tlevel,L/identifier/T1,2463,35114,25091,0.06554541341778215,0.08938811061914785,0.0756321874376257
0926-03-kanana-8b-full-1438,kakaocorp/kanana-1.5-8b-instruct-2505,full_context_targeted,fence_itemwise,exact_with_invalid_item_fp,tier_kind_tlevel,L/identifier/T2,2349,37004,25792,0.05969049373618276,0.0834725134145908,0.06960618721664148
0926-03-kanana-8b-full-1438,kakaocorp/kanana-1.5-8b-instruct-2505,full_context_targeted,fence_itemwise,exact_with_invalid_item_fp,tier_kind_tlevel,L/identifier/T3,1787,28883,15300,0.05826540593413759,0.10458243108796161,0.07483719664133007
0926-03-kanana-8b-full-1438,kakaocorp/kanana-1.5-8b-instruct-2505,full_context_targeted,fence_itemwise,exact_with_invalid_item_fp,tier_kind_tlevel,unassigned/invalid_item/T0,0,4580,0,0.0,0.0,0.0
0926-03-kanana-8b-full-1438,kakaocorp/kanana-1.5-8b-instruct-2505,full_context_targeted,fence_itemwise,exact_with_invalid_item_fp,tier_kind_tlevel,unassigned/invalid_item/T1,0,3560,0,0.0,0.0,0.0
0926-03-kanana-8b-full-1438,kakaocorp/kanana-1.5-8b-instruct-2505,full_context_targeted,fence_itemwise,exact_with_invalid_item_fp,tier_kind_tlevel,unassigned/invalid_item/T2,0,4808,0,0.0,0.0,0.0
0926-03-kanana-8b-full-1438,kakaocorp/kanana-1.5-8b-instruct-2505,full_context_targeted,fence_itemwise,exact_with_invalid_item_fp,tier_kind_tlevel,unassigned/invalid_item/T3,0,3924,0,0.0,0.0,0.0
0926-03-kanana-8b-full-1438,kakaocorp/kanana-1.5-8b-instruct-2505,full_context_targeted,fence_itemwise,anchored_character_coverage,doc_type,bank_statement,24501,8605,1129279,0.7400773273726817,0.021235417497269843,0.04128618923805656
0926-03-kanana-8b-full-1438,kakaocorp/kanana-1.5-8b-instruct-2505,full_context_targeted,fence_itemwise,anchored_character_coverage,doc_type,card_statement,38191,9990,756586,0.7926568564371848,0.04805247258035902,0.09061186915599591
0926-03-kanana-8b-full-1438,kakaocorp/kanana-1.5-8b-instruct-2505,full_context_targeted,fence_itemwise,anchored_character_coverage,doc_type,complaint_case,21749,6558,695690,0.7683258557953863,0.03031477240573763,0.05832817071764381
0926-03-kanana-8b-full-1438,kakaocorp/kanana-1.5-8b-instruct-2505,full_context_targeted,fence_itemwise,anchored_character_coverage,doc_type,cs_transcript,10844,4937,426421,0.6871554400861796,0.02479960664585549,0.04787151856544369
0926-03-kanana-8b-full-1438,kakaocorp/kanana-1.5-8b-instruct-2505,full_context_targeted,fence_itemwise,anchored_character_coverage,doc_type,insurance_claim,14650,5336,627101,0.7330131091764235,0.022828168557586976,0.04427740930309171
0926-03-kanana-8b-full-1438,kakaocorp/kanana-1.5-8b-instruct-2505,full_context_targeted,fence_itemwise,anchored_character_coverage,doc_type,internal_memo,25846,11052,626095,0.7004715702748117,0.03964469177425565,0.07504220870188825
0926-03-kanana-8b-full-1438,kakaocorp/kanana-1.5-8b-instruct-2505,full_context_targeted,fence_itemwise,anchored_character_coverage,doc_type,kyc_form,33927,8599,610369,0.7977942905516625,0.05265747420440295,0.0987941562733867
0926-03-kanana-8b-full-1438,kakaocorp/kanana-1.5-8b-instruct-2505,full_context_targeted,fence_itemwise,anchored_character_coverage,doc_type,loan_contract,25395,5854,329779,0.81266600531217,0.07150016611576297,0.13143627579103728
0926-03-kanana-8b-full-1438,kakaocorp/kanana-1.5-8b-instruct-2505,full_context_targeted,fence_itemwise,anchored_character_coverage,doc_type,phishing_report,17693,8574,643852,0.6735828225530133,0.026744968218337377,0.051447197780788934
0926-03-kanana-8b-full-1438,kakaocorp/kanana-1.5-8b-instruct-2505,full_context_targeted,fence_itemwise,anchored_character_coverage,doc_type,securities_trade_report,22184,8363,787762,0.7262251612269617,0.027389480286340077,0.052788066051710124
0926-03-kanana-8b-full-1438,kakaocorp/kanana-1.5-8b-instruct-2505,full_context_targeted,fence_itemwise,anchored_character_coverage,variation_level,T0,76383,20144,1672334,0.7913122753219306,0.04367945184955599,0.0827890512040684
0926-03-kanana-8b-full-1438,kakaocorp/kanana-1.5-8b-instruct-2505,full_context_targeted,fence_itemwise,anchored_character_coverage,variation_level,T1,60796,19272,1728774,0.7593045910975671,0.03397240677928218,0.06503504956574481
0926-03-kanana-8b-full-1438,kakaocorp/kanana-1.5-8b-instruct-2505,full_context_targeted,fence_itemwise,anchored_character_coverage,variation_level,T2,55628,19718,1751705,0.7383006397154461,0.030779053998350056,0.05909451372220118
0926-03-kanana-8b-full-1438,kakaocorp/kanana-1.5-8b-instruct-2505,full_context_targeted,fence_itemwise,anchored_character_coverage,variation_level,T3,42173,18734,1480121,0.6924163068284434,0.027703584195956893,0.053275610614192385
0926-03-kanana-8b-full-1438,kakaocorp/kanana-1.5-8b-instruct-2505,full_context_targeted,fence_itemwise,anchored_character_coverage,context_len_bucket,16k,113786,33182,4406422,0.7742229601001579,0.025172735413945553,0.048760106754062844
0926-03-kanana-8b-full-1438,kakaocorp/kanana-1.5-8b-instruct-2505,full_context_targeted,fence_itemwise,anchored_character_coverage,context_len_bucket,1k,39179,18159,517349,0.6832990337995745,0.07039897363654658,0.12764675026797379
0926-03-kanana-8b-full-1438,kakaocorp/kanana-1.5-8b-instruct-2505,full_context_targeted,fence_itemwise,anchored_character_coverage,context_len_bucket,4k,82015,26527,1709163,0.7556061248180428,0.045788302446769666,0.0863443033710231
0926-03-kanana-8b-full-1438,kakaocorp/kanana-1.5-8b-instruct-2505,full_context_targeted,fence_itemwise,anchored_character_coverage,num_subjects,1,54725,24928,1786468,0.68704254704782,0.029722576612011886,0.05698010147612042
0926-03-kanana-8b-full-1438,kakaocorp/kanana-1.5-8b-instruct-2505,full_context_targeted,fence_itemwise,anchored_character_coverage,num_subjects,3,84831,27028,2268949,0.7583743820345256,0.0360403266235587,0.06881055985892501
0926-03-kanana-8b-full-1438,kakaocorp/kanana-1.5-8b-instruct-2505,full_context_targeted,fence_itemwise,anchored_character_coverage,num_subjects,8,95424,25912,2577517,0.7864442539724402,0.035700002356954384,0.06829959950284098
0926-03-kanana-8b-full-1438,kakaocorp/kanana-1.5-8b-instruct-2505,full_context_targeted,fence_itemwise,anchored_character_coverage,generator_model,gpt-6-astra,59420,29527,3213340,0.6680382699809999,0.018155929551815594,0.03535108800380283
0926-03-kanana-8b-full-1438,kakaocorp/kanana-1.5-8b-instruct-2505,full_context_targeted,fence_itemwise,anchored_character_coverage,generator_model,zai-org/GLM-5.2-FP8,175560,48341,3419594,0.7840965426684114,0.04883240050356675,0.09193897443215665
0926-03-kanana-8b-full-1438,kakaocorp/kanana-1.5-8b-instruct-2505,full_context_targeted,fence_itemwise,anchored_character_coverage,category,access_credential,593,1498,12473,0.28359636537541844,0.045384968620848,0.07824767434188824
0926-03-kanana-8b-full-1438,kakaocorp/kanana-1.5-8b-instruct-2505,full_context_targeted,fence_itemwise,anchored_character_coverage,category,address,14557,5464,54777,0.7270865591129314,0.20995471197392332,0.3258239606065693
0926-03-kanana-8b-full-1438,kakaocorp/kanana-1.5-8b-instruct-2505,full_context_targeted,fence_itemwise,anchored_character_coverage,category,bank_account_no,23572,3446,249120,0.8724554001036346,0.08644184647881126,0.1572987220980281
0926-03-kanana-8b-full-1438,kakaocorp/kanana-1.5-8b-instruct-2505,full_context_targeted,fence_itemwise,anchored_character_coverage,category,business_reg_no,829,1916,6888,0.3020036429872495,0.10742516521964494,0.15847830242783406
0926-03-kanana-8b-full-1438,kakaocorp/kanana-1.5-8b-instruct-2505,full_context_targeted,fence_itemwise,anchored_character_coverage,category,card_no,7102,2066,55389,0.7746509598603839,0.11364836536461251,0.19821655339873567
0926-03-kanana-8b-full-1438,kakaocorp/kanana-1.5-8b-instruct-2505,full_context_targeted,fence_itemwise,anchored_character_coverage,category,consultation_content,13539,10881,2321569,0.5544226044226044,0.005798018764014341,0.011476024018362995
0926-03-kanana-8b-full-1438,kakaocorp/kanana-1.5-8b-instruct-2505,full_context_targeted,fence_itemwise,anchored_character_coverage,category,contract_no,2745,1733,56043,0.6129968736042877,0.046693202694427435,0.08677646761293586
0926-03-kanana-8b-full-1438,kakaocorp/kanana-1.5-8b-instruct-2505,full_context_targeted,fence_itemwise,anchored_character_coverage,category,corp_reg_no,177,208,2637,0.4597402597402597,0.0628997867803838,0.11065958111909972
0926-03-kanana-8b-full-1438,kakaocorp/kanana-1.5-8b-instruct-2505,full_context_targeted,fence_itemwise,anchored_character_coverage,category,credit_score,4189,514,67033,0.8907080586859452,0.05881609615006599,0.11034573592360883
0926-03-kanana-8b-full-1438,kakaocorp/kanana-1.5-8b-instruct-2505,full_context_targeted,fence_itemwise,anchored_character_coverage,category,credit_transaction,4798,8179,535146,0.3697310626493026,0.008886106707362245,0.017355101361677346
0926-03-kanana-8b-full-1438,kakaocorp/kanana-1.5-8b-instruct-2505,full_context_targeted,fence_itemwise,anchored_character_coverage,category,customer_id,11134,4129,54069,0.7294765118259844,0.17075901415579037,0.27673800114334
0926-03-kanana-8b-full-1438,kakaocorp/kanana-1.5-8b-instruct-2505,full_context_targeted,fence_itemwise,anchored_character_coverage,category,delinquency_info,2450,2698,86294,0.47591297591297593,0.02760750022536735,0.05218761981851489
0926-03-kanana-8b-full-1438,kakaocorp/kanana-1.5-8b-instruct-2505,full_context_targeted,fence_itemwise,anchored_character_coverage,category,device_network,1873,453,56835,0.8052450558899398,0.03190365878585542,0.061375626699872204
0926-03-kanana-8b-full-1438,kakaocorp/kanana-1.5-8b-instruct-2505,full_context_targeted,fence_itemwise,anchored_character_coverage,category,dob_age,11420,2627,75867,0.8129849789990745,0.13083277005739685,0.22539325399175006
0926-03-kanana-8b-full-1438,kakaocorp/kanana-1.5-8b-instruct-2505,full_context_targeted,fence_itemwise,anchored_character_coverage,category,driver_license_no,1769,509,6243,0.776558384547849,0.2207938092860709,0.34382896015549075
0926-03-kanana-8b-full-1438,kakaocorp/kanana-1.5-8b-instruct-2505,full_context_targeted,fence_itemwise,anchored_character_coverage,category,education,1574,467,14549,0.7711905928466438,0.09762451156732618,0.17330984364677385
0926-03-kanana-8b-full-1438,kakaocorp/kanana-1.5-8b-instruct-2505,full_context_targeted,fence_itemwise,anchored_character_coverage,category,email,14946,862,49038,0.9454706477732794,0.23358964741185295,0.3746240224583918
0926-03-kanana-8b-full-1438,kakaocorp/kanana-1.5-8b-instruct-2505,full_context_targeted,fence_itemwise,anchored_character_coverage,category,employer_affiliation,1804,702,69582,0.7198723064644852,0.025271061552685402,0.048828019271369025
0926-03-kanana-8b-full-1438,kakaocorp/kanana-1.5-8b-instruct-2505,full_context_targeted,fence_itemwise,anchored_character_coverage,category,family_relation,2931,963,46526,0.7526964560862865,0.059263602725600016,0.10987610354070214
0926-03-kanana-8b-full-1438,kakaocorp/kanana-1.5-8b-instruct-2505,full_context_targeted,fence_itemwise,anchored_character_coverage,category,financial_capacity,6104,1688,248666,0.7833675564681725,0.023958864858499823,0.046495684828726166
0926-03-kanana-8b-full-1438,kakaocorp/kanana-1.5-8b-instruct-2505,full_context_targeted,fence_itemwise,anchored_character_coverage,category,foreigner_reg_no,1131,497,11055,0.6947174447174447,0.09281142294436238,0.16374692341103228
0926-03-kanana-8b-full-1438,kakaocorp/kanana-1.5-8b-instruct-2505,full_context_targeted,fence_itemwise,anchored_character_coverage,category,gender,1279,142,22462,0.900070372976777,0.05387304662819595,0.10166123519593037
0926-03-kanana-8b-full-1438,kakaocorp/kanana-1.5-8b-instruct-2505,full_context_targeted,fence_itemwise,anchored_character_coverage,category,investment_profile,3008,851,135206,0.7794765483285825,0.021763352482382394,0.042344428568412015
0926-03-kanana-8b-full-1438,kakaocorp/kanana-1.5-8b-instruct-2505,full_context_targeted,fence_itemwise,anchored_character_coverage,category,life_event,1294,1419,56114,0.4769627718392923,0.02254041248606466,0.043046522845594716
0926-03-kanana-8b-full-1438,kakaocorp/kanana-1.5-8b-instruct-2505,full_context_targeted,fence_itemwise,anchored_character_coverage,category,location_mention,674,1229,39544,0.35417761429322125,0.01675866527425531,0.032003038864224495
0926-03-kanana-8b-full-1438,kakaocorp/kanana-1.5-8b-instruct-2505,full_context_targeted,fence_itemwise,anchored_character_coverage,category,nationality,2838,256,27680,0.9172592113768584,0.09299429844681827,0.1688682613352374
0926-03-kanana-8b-full-1438,kakaocorp/kanana-1.5-8b-instruct-2505,full_context_targeted,fence_itemwise,anchored_character_coverage,category,online_handle,773,1241,4829,0.38381330685203574,0.1379864334166369,0.2029936974789916
0926-03-kanana-8b-full-1438,kakaocorp/kanana-1.5-8b-instruct-2505,full_context_targeted,fence_itemwise,anchored_character_coverage,category,passport_no,886,449,4384,0.6636704119850187,0.1681214421252372,0.26828160484481456
0926-03-kanana-8b-full-1438,kakaocorp/kanana-1.5-8b-instruct-2505,full_context_targeted,fence_itemwise,anchored_character_coverage,category,person_name,22398,2846,143560,0.887260339090477,0.1349618578194483,0.23428625223585528
0926-03-kanana-8b-full-1438,kakaocorp/kanana-1.5-8b-instruct-2505,full_context_targeted,fence_itemwise,anchored_character_coverage,category,phone_no,17373,1184,96203,0.9361965834994881,0.15296365429316053,0.2629623182702277
0926-03-kanana-8b-full-1438,kakaocorp/kanana-1.5-8b-instruct-2505,full_context_targeted,fence_itemwise,anchored_character_coverage,category,public_record,380,206,36706,0.6484641638225256,0.010246454187564041,0.02017413463580378
0926-03-kanana-8b-full-1438,kakaocorp/kanana-1.5-8b-instruct-2505,full_context_targeted,fence_itemwise,anchored_character_coverage,category,rrn,16352,6048,70379,0.73,0.18853697063333755,0.2996765355398558
0926-03-kanana-8b-full-1438,kakaocorp/kanana-1.5-8b-instruct-2505,full_context_targeted,fence_itemwise,anchored_character_coverage,category,securities_account_no,881,358,35156,0.7110573042776432,0.024447096040180926,0.047269020281146046
0926-03-kanana-8b-full-1438,kakaocorp/kanana-1.5-8b-instruct-2505,full_context_targeted,fence_itemwise,anchored_character_coverage,category,sensitive_info,278,308,129184,0.47440273037542663,0.0021473482566312894,0.004275344488188977
0926-03-kanana-8b-full-1438,kakaocorp/kanana-1.5-8b-instruct-2505,full_context_targeted,fence_itemwise,anchored_character_coverage,category,service_usage,3442,1371,166942,0.7151464782879701,0.020201427364071742,0.03929291026672831
0926-03-kanana-8b-full-1438,kakaocorp/kanana-1.5-8b-instruct-2505,full_context_targeted,fence_itemwise,anchored_character_coverage,category,transaction_record,33887,8460,1584786,0.8002219755826859,0.020935049883453915,0.040802639342091
0926-03-kanana-8b-full-1438,kakaocorp/kanana-1.5-8b-instruct-2505,full_context_targeted,fence_itemwise,anchored_character_coverage,tier_kind_tlevel,I/attribute/T0,12305,5122,760112,0.7060882538589545,0.01593051421706151,0.031158051463326935
0926-03-kanana-8b-full-1438,kakaocorp/kanana-1.5-8b-instruct-2505,full_context_targeted,fence_itemwise,anchored_character_coverage,tier_kind_tlevel,I/attribute/T1,10712,5139,756056,0.6757933253422497,0.013970327400204494,0.027374750676893864
0926-03-kanana-8b-full-1438,kakaocorp/kanana-1.5-8b-instruct-2505,full_context_targeted,fence_itemwise,anchored_character_coverage,tier_kind_tlevel,I/attribute/T2,12139,5193,777660,0.7003807985229633,0.015369733311893279,0.03007937992717415
0926-03-kanana-8b-full-1438,kakaocorp/kanana-1.5-8b-instruct-2505,full_context_targeted,fence_itemwise,anchored_character_coverage,tier_kind_tlevel,I/attribute/T3,10520,5907,739048,0.6404090826079016,0.014034750683060109,0.027467542216333005
0926-03-kanana-8b-full-1438,kakaocorp/kanana-1.5-8b-instruct-2505,full_context_targeted,fence_itemwise,anchored_character_coverage,tier_kind_tlevel,L/attribute/T0,12555,4931,693273,0.7180029738076176,0.017787619646712795,0.03471521358635392
0926-03-kanana-8b-full-1438,kakaocorp/kanana-1.5-8b-instruct-2505,full_context_targeted,fence_itemwise,anchored_character_coverage,tier_kind_tlevel,L/attribute/T1,13521,6557,707930,0.6734236477736827,0.018741397544670392,0.03646789269199182
0926-03-kanana-8b-full-1438,kakaocorp/kanana-1.5-8b-instruct-2505,full_context_targeted,fence_itemwise,anchored_character_coverage,tier_kind_tlevel,L/attribute/T2,13456,6088,700284,0.6884977486696684,0.018852803541906018,0.03670065077105187
0926-03-kanana-8b-full-1438,kakaocorp/kanana-1.5-8b-instruct-2505,full_context_targeted,fence_itemwise,anchored_character_coverage,tier_kind_tlevel,L/attribute/T3,12554,4477,586328,0.7371264165345547,0.02096239325944009,0.040765497724516285
0926-03-kanana-8b-full-1438,kakaocorp/kanana-1.5-8b-instruct-2505,full_context_targeted,fence_itemwise,anchored_character_coverage,tier_kind_tlevel,L/identifier/T0,51523,10091,218949,0.8362222871425325,0.19049291608743235,0.31029913937955833
0926-03-kanana-8b-full-1438,kakaocorp/kanana-1.5-8b-instruct-2505,full_context_targeted,fence_itemwise,anchored_character_coverage,tier_kind_tlevel,L/identifier/T1,36563,7576,264788,0.8283604068963955,0.12133027599045632,0.21165880343859447
0926-03-kanana-8b-full-1438,kakaocorp/kanana-1.5-8b-instruct-2505,full_context_targeted,fence_itemwise,anchored_character_coverage,tier_kind_tlevel,L/identifier/T2,30033,8437,273761,0.7806862490252144,0.09885975364885416,0.17549610826730244
0926-03-kanana-8b-full-1438,kakaocorp/kanana-1.5-8b-instruct-2505,full_context_targeted,fence_itemwise,anchored_character_coverage,tier_kind_tlevel,L/identifier/T3,19099,8350,154745,0.6957994826769646,0.10986286555762638,0.18976318103461123
0926-04-kanana-8b-local-1438,kakaocorp/kanana-1.5-8b-instruct-2505,local_window,strict,exact_with_invalid_item_fp,doc_type,bank_statement,71,55,26092,0.5634920634920635,0.0027137560677292357,0.0054014987257027655
0926-04-kanana-8b-local-1438,kakaocorp/kanana-1.5-8b-instruct-2505,local_window,strict,exact_with_invalid_item_fp,doc_type,card_statement,81,62,23069,0.5664335664335665,0.0034989200863930884,0.006954879148241961
0926-04-kanana-8b-local-1438,kakaocorp/kanana-1.5-8b-instruct-2505,local_window,strict,exact_with_invalid_item_fp,doc_type,complaint_case,93,65,19612,0.5886075949367089,0.004719614311088556,0.009364144389065096
0926-04-kanana-8b-local-1438,kakaocorp/kanana-1.5-8b-instruct-2505,local_window,strict,exact_with_invalid_item_fp,doc_type,cs_transcript,41,52,18267,0.44086021505376344,0.0022394581603670527,0.004456279550024455
0926-04-kanana-8b-local-1438,kakaocorp/kanana-1.5-8b-instruct-2505,local_window,strict,exact_with_invalid_item_fp,doc_type,insurance_claim,120,92,18374,0.5660377358490566,0.006488590894344112,0.012830107986742221
0926-04-kanana-8b-local-1438,kakaocorp/kanana-1.5-8b-instruct-2505,local_window,strict,exact_with_invalid_item_fp,doc_type,internal_memo,104,47,23913,0.6887417218543046,0.004330266061539743,0.008606421714664018
0926-04-kanana-8b-local-1438,kakaocorp/kanana-1.5-8b-instruct-2505,local_window,strict,exact_with_invalid_item_fp,doc_type,kyc_form,140,85,24726,0.6222222222222222,0.005630177752754766,0.011159379857319358
0926-04-kanana-8b-local-1438,kakaocorp/kanana-1.5-8b-instruct-2505,local_window,strict,exact_with_invalid_item_fp,doc_type,loan_contract,115,37,17506,0.756578947368421,0.006526303842006697,0.012940977887807348
0926-04-kanana-8b-local-1438,kakaocorp/kanana-1.5-8b-instruct-2505,local_window,strict,exact_with_invalid_item_fp,doc_type,phishing_report,59,37,22599,0.6145833333333334,0.002603936799364463,0.005185901379977147
0926-04-kanana-8b-local-1438,kakaocorp/kanana-1.5-8b-instruct-2505,local_window,strict,exact_with_invalid_item_fp,doc_type,securities_trade_report,102,72,23113,0.5862068965517241,0.004393710962739608,0.008722048826371372
0926-04-kanana-8b-local-1438,kakaocorp/kanana-1.5-8b-instruct-2505,local_window,strict,exact_with_invalid_item_fp,variation_level,T0,360,177,57960,0.6703910614525139,0.006172839506172839,0.01223303940058107
0926-04-kanana-8b-local-1438,kakaocorp/kanana-1.5-8b-instruct-2505,local_window,strict,exact_with_invalid_item_fp,variation_level,T1,206,156,56341,0.569060773480663,0.0036429872495446266,0.0072396281783197736
0926-04-kanana-8b-local-1438,kakaocorp/kanana-1.5-8b-instruct-2505,local_window,strict,exact_with_invalid_item_fp,variation_level,T2,224,113,57140,0.6646884272997032,0.003904888083118332,0.007764163532694407
0926-04-kanana-8b-local-1438,kakaocorp/kanana-1.5-8b-instruct-2505,local_window,strict,exact_with_invalid_item_fp,variation_level,T3,136,158,45830,0.46258503401360546,0.0029587086107122655,0.0058798097708603544
0926-04-kanana-8b-local-1438,kakaocorp/kanana-1.5-8b-instruct-2505,local_window,strict,exact_with_invalid_item_fp,context_len_bucket,16k,536,363,126543,0.5962180200222469,0.004217848739760307,0.008376439700573536
0926-04-kanana-8b-local-1438,kakaocorp/kanana-1.5-8b-instruct-2505,local_window,strict,exact_with_invalid_item_fp,context_len_bucket,1k,136,89,26509,0.6044444444444445,0.005104147119534622,0.010122813546706364
0926-04-kanana-8b-local-1438,kakaocorp/kanana-1.5-8b-instruct-2505,local_window,strict,exact_with_invalid_item_fp,context_len_bucket,4k,254,152,64219,0.625615763546798,0.003939633645091744,0.007829960387798825
0926-04-kanana-8b-local-1438,kakaocorp/kanana-1.5-8b-instruct-2505,local_window,strict,exact_with_invalid_item_fp,num_subjects,1,245,225,41877,0.5212765957446809,0.005816437965908552,0.01150450788880541
0926-04-kanana-8b-local-1438,kakaocorp/kanana-1.5-8b-instruct-2505,local_window,strict,exact_with_invalid_item_fp,num_subjects,3,335,196,72974,0.6308851224105462,0.0045696981271058125,0.009073672806067173
0926-04-kanana-8b-local-1438,kakaocorp/kanana-1.5-8b-instruct-2505,local_window,strict,exact_with_invalid_item_fp,num_subjects,8,346,183,102420,0.6540642722117203,0.0033668723118541154,0.00669925940268164
0926-04-kanana-8b-local-1438,kakaocorp/kanana-1.5-8b-instruct-2505,local_window,strict,exact_with_invalid_item_fp,generator_model,gpt-6-astra,416,306,77504,0.5761772853185596,0.0053388090349075976,0.010579588515042853
0926-04-kanana-8b-local-1438,kakaocorp/kanana-1.5-8b-instruct-2505,local_window,strict,exact_with_invalid_item_fp,generator_model,zai-org/GLM-5.2-FP8,510,298,139767,0.6311881188118812,0.003635663722491927,0.007229684232909239
0926-04-kanana-8b-local-1438,kakaocorp/kanana-1.5-8b-instruct-2505,local_window,strict,exact_with_invalid_item_fp,category,access_credential,2,3,1928,0.4,0.0010362694300518134,0.0020671834625322996
0926-04-kanana-8b-local-1438,kakaocorp/kanana-1.5-8b-instruct-2505,local_window,strict,exact_with_invalid_item_fp,category,address,27,29,3188,0.48214285714285715,0.008398133748055987,0.01650871293182513
0926-04-kanana-8b-local-1438,kakaocorp/kanana-1.5-8b-instruct-2505,local_window,strict,exact_with_invalid_item_fp,category,bank_account_no,67,54,17311,0.5537190082644629,0.003855449418805386,0.007657580433167609
0926-04-kanana-8b-local-1438,kakaocorp/kanana-1.5-8b-instruct-2505,local_window,strict,exact_with_invalid_item_fp,category,business_reg_no,1,7,611,0.125,0.0016339869281045752,0.0032258064516129032
0926-04-kanana-8b-local-1438,kakaocorp/kanana-1.5-8b-instruct-2505,local_window,strict,exact_with_invalid_item_fp,category,card_no,11,7,3272,0.6111111111111112,0.003350593968930856,0.006664647076643442
0926-04-kanana-8b-local-1438,kakaocorp/kanana-1.5-8b-instruct-2505,local_window,strict,exact_with_invalid_item_fp,category,consultation_content,3,30,33803,0.09090909090909091,8.874164349523753e-05,0.00017731020420225184
0926-04-kanana-8b-local-1438,kakaocorp/kanana-1.5-8b-instruct-2505,local_window,strict,exact_with_invalid_item_fp,category,contract_no,15,5,5097,0.75,0.0029342723004694834,0.005845674201091193
0926-04-kanana-8b-local-1438,kakaocorp/kanana-1.5-8b-instruct-2505,local_window,strict,exact_with_invalid_item_fp,category,corp_reg_no,1,1,194,0.5,0.005128205128205128,0.01015228426395939
0926-04-kanana-8b-local-1438,kakaocorp/kanana-1.5-8b-instruct-2505,local_window,strict,exact_with_invalid_item_fp,category,credit_score,3,5,2553,0.375,0.0011737089201877935,0.00234009360374415
0926-04-kanana-8b-local-1438,kakaocorp/kanana-1.5-8b-instruct-2505,local_window,strict,exact_with_invalid_item_fp,category,credit_transaction,0,18,11214,0.0,0.0,0.0
0926-04-kanana-8b-local-1438,kakaocorp/kanana-1.5-8b-instruct-2505,local_window,strict,exact_with_invalid_item_fp,category,customer_id,97,105,6837,0.4801980198019802,0.013989039515431208,0.02718609865470852
0926-04-kanana-8b-local-1438,kakaocorp/kanana-1.5-8b-instruct-2505,local_window,strict,exact_with_invalid_item_fp,category,delinquency_info,1,10,2239,0.09090909090909091,0.0004464285714285714,0.000888494002665482
0926-04-kanana-8b-local-1438,kakaocorp/kanana-1.5-8b-instruct-2505,local_window,strict,exact_with_invalid_item_fp,category,device_network,0,1,1615,0.0,0.0,0.0
0926-04-kanana-8b-local-1438,kakaocorp/kanana-1.5-8b-instruct-2505,local_window,strict,exact_with_invalid_item_fp,category,dob_age,15,55,4359,0.21428571428571427,0.003429355281207133,0.0067506750675067504
0926-04-kanana-8b-local-1438,kakaocorp/kanana-1.5-8b-instruct-2505,local_window,strict,exact_with_invalid_item_fp,category,driver_license_no,4,0,511,1.0,0.007766990291262136,0.015414258188824663
0926-04-kanana-8b-local-1438,kakaocorp/kanana-1.5-8b-instruct-2505,local_window,strict,exact_with_invalid_item_fp,category,education,0,1,607,0.0,0.0,0.0
0926-04-kanana-8b-local-1438,kakaocorp/kanana-1.5-8b-instruct-2505,local_window,strict,exact_with_invalid_item_fp,category,email,51,9,3094,0.85,0.016216216216216217,0.03182527301092044
0926-04-kanana-8b-local-1438,kakaocorp/kanana-1.5-8b-instruct-2505,local_window,strict,exact_with_invalid_item_fp,category,employer_affiliation,4,5,4354,0.4444444444444444,0.0009178522257916476,0.0018319212273872224
0926-04-kanana-8b-local-1438,kakaocorp/kanana-1.5-8b-instruct-2505,local_window,strict,exact_with_invalid_item_fp,category,family_relation,7,6,2088,0.5384615384615384,0.003341288782816229,0.006641366223908918
0926-04-kanana-8b-local-1438,kakaocorp/kanana-1.5-8b-instruct-2505,local_window,strict,exact_with_invalid_item_fp,category,financial_capacity,8,5,9730,0.6153846153846154,0.0008215239268843705,0.0016408573479643114
0926-04-kanana-8b-local-1438,kakaocorp/kanana-1.5-8b-instruct-2505,local_window,strict,exact_with_invalid_item_fp,category,foreigner_reg_no,3,8,840,0.2727272727272727,0.0035587188612099642,0.00702576112412178
0926-04-kanana-8b-local-1438,kakaocorp/kanana-1.5-8b-instruct-2505,local_window,strict,exact_with_invalid_item_fp,category,gender,7,20,3385,0.25925925925925924,0.002063679245283019,0.0040947645510383155
0926-04-kanana-8b-local-1438,kakaocorp/kanana-1.5-8b-instruct-2505,local_window,strict,exact_with_invalid_item_fp,category,investment_profile,2,2,3293,0.5,0.0006069802731411229,0.0012124886329190664
0926-04-kanana-8b-local-1438,kakaocorp/kanana-1.5-8b-instruct-2505,local_window,strict,exact_with_invalid_item_fp,category,life_event,0,2,1591,0.0,0.0,0.0
0926-04-kanana-8b-local-1438,kakaocorp/kanana-1.5-8b-instruct-2505,local_window,strict,exact_with_invalid_item_fp,category,location_mention,1,3,2034,0.25,0.0004914004914004914,0.000980872976949485
0926-04-kanana-8b-local-1438,kakaocorp/kanana-1.5-8b-instruct-2505,local_window,strict,exact_with_invalid_item_fp,category,nationality,22,8,3296,0.7333333333333333,0.006630500301386378,0.013142174432497013
0926-04-kanana-8b-local-1438,kakaocorp/kanana-1.5-8b-instruct-2505,local_window,strict,exact_with_invalid_item_fp,category,online_handle,3,2,554,0.6,0.005385996409335727,0.010676156583629894
0926-04-kanana-8b-local-1438,kakaocorp/kanana-1.5-8b-instruct-2505,local_window,strict,exact_with_invalid_item_fp,category,passport_no,1,1,558,0.5,0.0017889087656529517,0.0035650623885918
0926-04-kanana-8b-local-1438,kakaocorp/kanana-1.5-8b-instruct-2505,local_window,strict,exact_with_invalid_item_fp,category,person_name,398,115,38675,0.7758284600389863,0.01018606198653802,0.020108119031981002
0926-04-kanana-8b-local-1438,kakaocorp/kanana-1.5-8b-instruct-2505,local_window,strict,exact_with_invalid_item_fp,category,phone_no,97,33,8156,0.7461538461538462,0.011753301829637708,0.023142073243468925
0926-04-kanana-8b-local-1438,kakaocorp/kanana-1.5-8b-instruct-2505,local_window,strict,exact_with_invalid_item_fp,category,public_record,0,0,793,0.0,0.0,0.0
0926-04-kanana-8b-local-1438,kakaocorp/kanana-1.5-8b-instruct-2505,local_window,strict,exact_with_invalid_item_fp,category,rrn,59,47,5936,0.5566037735849056,0.009841534612176813,0.019341091624323882
0926-04-kanana-8b-local-1438,kakaocorp/kanana-1.5-8b-instruct-2505,local_window,strict,exact_with_invalid_item_fp,category,securities_account_no,9,0,3181,1.0,0.0028213166144200625,0.005626758361988122
0926-04-kanana-8b-local-1438,kakaocorp/kanana-1.5-8b-instruct-2505,local_window,strict,exact_with_invalid_item_fp,category,sensitive_info,0,0,1984,0.0,0.0,0.0
0926-04-kanana-8b-local-1438,kakaocorp/kanana-1.5-8b-instruct-2505,local_window,strict,exact_with_invalid_item_fp,category,service_usage,3,1,3545,0.75,0.0008455467869222097,0.0016891891891891893
0926-04-kanana-8b-local-1438,kakaocorp/kanana-1.5-8b-instruct-2505,local_window,strict,exact_with_invalid_item_fp,category,transaction_record,4,6,24845,0.4,0.0001609722725260574,0.0003218150368075948
0926-04-kanana-8b-local-1438,kakaocorp/kanana-1.5-8b-instruct-2505,local_window,strict,exact_with_invalid_item_fp,tier_kind_tlevel,I/attribute/T0,25,42,16293,0.373134328358209,0.0015320504963843608,0.003051571559353067
0926-04-kanana-8b-local-1438,kakaocorp/kanana-1.5-8b-instruct-2505,local_window,strict,exact_with_invalid_item_fp,tier_kind_tlevel,I/attribute/T1,20,45,15493,0.3076923076923077,0.0012892412815058338,0.002567723712928489
0926-04-kanana-8b-local-1438,kakaocorp/kanana-1.5-8b-instruct-2505,local_window,strict,exact_with_invalid_item_fp,tier_kind_tlevel,I/attribute/T2,16,23,15848,0.41025641025641024,0.0010085728693898135,0.0020121989561717917
0926-04-kanana-8b-local-1438,kakaocorp/kanana-1.5-8b-instruct-2505,local_window,strict,exact_with_invalid_item_fp,tier_kind_tlevel,I/attribute/T3,3,24,16336,0.1111111111111111,0.0001836097680396597,0.0003666137113528046
0926-04-kanana-8b-local-1438,kakaocorp/kanana-1.5-8b-instruct-2505,local_window,strict,exact_with_invalid_item_fp,tier_kind_tlevel,L/attribute/T0,6,10,13989,0.375,0.00042872454448017146,0.0008564699164941832
0926-04-kanana-8b-local-1438,kakaocorp/kanana-1.5-8b-instruct-2505,local_window,strict,exact_with_invalid_item_fp,tier_kind_tlevel,L/attribute/T1,4,20,13476,0.16666666666666666,0.0002967359050445104,0.0005924170616113745
0926-04-kanana-8b-local-1438,kakaocorp/kanana-1.5-8b-instruct-2505,local_window,strict,exact_with_invalid_item_fp,tier_kind_tlevel,L/attribute/T2,2,9,13357,0.18181818181818182,0.00014971180477580656,0.0002991772625280479
0926-04-kanana-8b-local-1438,kakaocorp/kanana-1.5-8b-instruct-2505,local_window,strict,exact_with_invalid_item_fp,tier_kind_tlevel,L/attribute/T3,4,5,12536,0.4444444444444444,0.0003189792663476874,0.0006375009960953064
0926-04-kanana-8b-local-1438,kakaocorp/kanana-1.5-8b-instruct-2505,local_window,strict,exact_with_invalid_item_fp,tier_kind_tlevel,L/identifier/T0,329,125,27678,0.724669603524229,0.011747063234191453,0.023119356312146445
0926-04-kanana-8b-local-1438,kakaocorp/kanana-1.5-8b-instruct-2505,local_window,strict,exact_with_invalid_item_fp,tier_kind_tlevel,L/identifier/T1,182,91,27372,0.6666666666666666,0.0066052115845249325,0.013080820785567973
0926-04-kanana-8b-local-1438,kakaocorp/kanana-1.5-8b-instruct-2505,local_window,strict,exact_with_invalid_item_fp,tier_kind_tlevel,L/identifier/T2,206,81,27935,0.7177700348432056,0.007320280018478377,0.014492753623188406
0926-04-kanana-8b-local-1438,kakaocorp/kanana-1.5-8b-instruct-2505,local_window,strict,exact_with_invalid_item_fp,tier_kind_tlevel,L/identifier/T3,129,129,16958,0.5,0.007549599110434834,0.014874603632170654
0926-04-kanana-8b-local-1438,kakaocorp/kanana-1.5-8b-instruct-2505,local_window,strict,anchored_character_coverage,doc_type,bank_statement,1000,555,1152780,0.6430868167202572,0.0008667163584045486,0.0017310996377674008
0926-04-kanana-8b-local-1438,kakaocorp/kanana-1.5-8b-instruct-2505,local_window,strict,anchored_character_coverage,doc_type,card_statement,1352,610,793425,0.6890927624872579,0.0017011060964270482,0.0033938341163166357
0926-04-kanana-8b-local-1438,kakaocorp/kanana-1.5-8b-instruct-2505,local_window,strict,anchored_character_coverage,doc_type,complaint_case,1315,1004,716124,0.5670547649849073,0.0018329084423902241,0.00365400592977084
0926-04-kanana-8b-local-1438,kakaocorp/kanana-1.5-8b-instruct-2505,local_window,strict,anchored_character_coverage,doc_type,cs_transcript,538,709,436727,0.4314354450681636,0.0012303751729500418,0.0024537526909183785
0926-04-kanana-8b-local-1438,kakaocorp/kanana-1.5-8b-instruct-2505,local_window,strict,anchored_character_coverage,doc_type,insurance_claim,1776,2256,639975,0.44047619047619047,0.0027674284886194177,0.005500299636255522
0926-04-kanana-8b-local-1438,kakaocorp/kanana-1.5-8b-instruct-2505,local_window,strict,anchored_character_coverage,doc_type,internal_memo,1062,492,650879,0.6833976833976834,0.0016289817636872049,0.0032502161454946096
0926-04-kanana-8b-local-1438,kakaocorp/kanana-1.5-8b-instruct-2505,local_window,strict,anchored_character_coverage,doc_type,kyc_form,1811,4005,642485,0.31138239339752405,0.0028108198716118057,0.0055713477062413865
0926-04-kanana-8b-local-1438,kakaocorp/kanana-1.5-8b-instruct-2505,local_window,strict,anchored_character_coverage,doc_type,loan_contract,1390,483,353784,0.7421249332621462,0.0039135747549088615,0.007786089786498696
0926-04-kanana-8b-local-1438,kakaocorp/kanana-1.5-8b-instruct-2505,local_window,strict,anchored_character_coverage,doc_type,phishing_report,804,806,660741,0.4993788819875776,0.0012153368251592862,0.002424772489086262
0926-04-kanana-8b-local-1438,kakaocorp/kanana-1.5-8b-instruct-2505,local_window,strict,anchored_character_coverage,doc_type,securities_trade_report,1467,1187,808479,0.552750565184627,0.0018112318599017713,0.003610632537533842
0926-04-kanana-8b-local-1438,kakaocorp/kanana-1.5-8b-instruct-2505,local_window,strict,anchored_character_coverage,variation_level,T0,4124,5483,1744593,0.42927032372228585,0.00235830039966444,0.0046908305863993215
0926-04-kanana-8b-local-1438,kakaocorp/kanana-1.5-8b-instruct-2505,local_window,strict,anchored_character_coverage,variation_level,T1,3800,2262,1785770,0.626855823160673,0.00212341512206843,0.004232493072077129
0926-04-kanana-8b-local-1438,kakaocorp/kanana-1.5-8b-instruct-2505,local_window,strict,anchored_character_coverage,variation_level,T2,3109,1359,1804224,0.6958370635631155,0.0017202142604600258,0.003431944236701492
0926-04-kanana-8b-local-1438,kakaocorp/kanana-1.5-8b-instruct-2505,local_window,strict,anchored_character_coverage,variation_level,T3,1482,3003,1520812,0.33043478260869563,0.0009735307371637804,0.001941341870696414
0926-04-kanana-8b-local-1438,kakaocorp/kanana-1.5-8b-instruct-2505,local_window,strict,anchored_character_coverage,context_len_bucket,16k,7085,8108,4513123,0.466333179753834,0.0015674057477001058,0.0031243102870065955
0926-04-kanana-8b-local-1438,kakaocorp/kanana-1.5-8b-instruct-2505,local_window,strict,anchored_character_coverage,context_len_bucket,1k,2022,1274,554506,0.6134708737864077,0.0036332403760457694,0.007223698876789848
0926-04-kanana-8b-local-1438,kakaocorp/kanana-1.5-8b-instruct-2505,local_window,strict,anchored_character_coverage,context_len_bucket,4k,3408,2725,1787770,0.5556823740420676,0.0019026584739205148,0.0037923319892884427
0926-04-kanana-8b-local-1438,kakaocorp/kanana-1.5-8b-instruct-2505,local_window,strict,anchored_character_coverage,num_subjects,1,4230,6379,1836963,0.3987180695635781,0.0022974234640257703,0.004568522984638747
0926-04-kanana-8b-local-1438,kakaocorp/kanana-1.5-8b-instruct-2505,local_window,strict,anchored_character_coverage,num_subjects,3,4363,2977,2349417,0.5944141689373297,0.0018536141865424976,0.0036957037338212376
0926-04-kanana-8b-local-1438,kakaocorp/kanana-1.5-8b-instruct-2505,local_window,strict,anchored_character_coverage,num_subjects,8,3922,2751,2669019,0.587741645436835,0.0014672976320839106,0.0029272872883930297
0926-04-kanana-8b-local-1438,kakaocorp/kanana-1.5-8b-instruct-2505,local_window,strict,anchored_character_coverage,generator_model,gpt-6-astra,5544,4717,3267216,0.5402982165480947,0.0016939830601693984,0.003377377116990723
0926-04-kanana-8b-local-1438,kakaocorp/kanana-1.5-8b-instruct-2505,local_window,strict,anchored_character_coverage,generator_model,zai-org/GLM-5.2-FP8,6971,7390,3588183,0.4854118793955853,0.0019389989969831613,0.0038625687938684283
0926-04-kanana-8b-local-1438,kakaocorp/kanana-1.5-8b-instruct-2505,local_window,strict,anchored_character_coverage,category,access_credential,24,84,13042,0.2222222222222222,0.0018368284096127354,0.0036435403066646423
0926-04-kanana-8b-local-1438,kakaocorp/kanana-1.5-8b-instruct-2505,local_window,strict,anchored_character_coverage,category,address,687,380,68647,0.6438612933458294,0.009908558571552196,0.019516768227724038
0926-04-kanana-8b-local-1438,kakaocorp/kanana-1.5-8b-instruct-2505,local_window,strict,anchored_character_coverage,category,bank_account_no,1249,477,271443,0.723638470451912,0.004580259046836724,0.009102901413172606
0926-04-kanana-8b-local-1438,kakaocorp/kanana-1.5-8b-instruct-2505,local_window,strict,anchored_character_coverage,category,business_reg_no,25,89,7692,0.21929824561403508,0.0032396008811714397,0.006384880602732729
0926-04-kanana-8b-local-1438,kakaocorp/kanana-1.5-8b-instruct-2505,local_window,strict,anchored_character_coverage,category,card_no,250,229,62241,0.5219206680584552,0.0040005760829559455,0.007940289026520565
0926-04-kanana-8b-local-1438,kakaocorp/kanana-1.5-8b-instruct-2505,local_window,strict,anchored_character_coverage,category,consultation_content,1171,2052,2333937,0.3633260937015203,0.0005014757347411769,0.0010015690678522415
0926-04-kanana-8b-local-1438,kakaocorp/kanana-1.5-8b-instruct-2505,local_window,strict,anchored_character_coverage,category,contract_no,196,67,58592,0.7452471482889734,0.003334013744301558,0.006638329579516012
0926-04-kanana-8b-local-1438,kakaocorp/kanana-1.5-8b-instruct-2505,local_window,strict,anchored_character_coverage,category,corp_reg_no,13,9,2801,0.5909090909090909,0.004619758351101635,0.009167842031029619
0926-04-kanana-8b-local-1438,kakaocorp/kanana-1.5-8b-instruct-2505,local_window,strict,anchored_character_coverage,category,credit_score,88,27,71134,0.7652173913043478,0.0012355732779197439,0.002467162902841443
0926-04-kanana-8b-local-1438,kakaocorp/kanana-1.5-8b-instruct-2505,local_window,strict,anchored_character_coverage,category,credit_transaction,34,230,539910,0.12878787878787878,6.296949313262116e-05,0.00012587743980096554
0926-04-kanana-8b-local-1438,kakaocorp/kanana-1.5-8b-instruct-2505,local_window,strict,anchored_character_coverage,category,customer_id,1047,1920,64156,0.3528816986855409,0.016057543364569115,0.030717324336218276
0926-04-kanana-8b-local-1438,kakaocorp/kanana-1.5-8b-instruct-2505,local_window,strict,anchored_character_coverage,category,delinquency_info,69,275,88675,0.2005813953488372,0.0007775173532858559,0.0015490301724137932
0926-04-kanana-8b-local-1438,kakaocorp/kanana-1.5-8b-instruct-2505,local_window,strict,anchored_character_coverage,category,device_network,6,0,58702,1.0,0.00010220072221843701,0.00020438055659638247
0926-04-kanana-8b-local-1438,kakaocorp/kanana-1.5-8b-instruct-2505,local_window,strict,anchored_character_coverage,category,dob_age,591,2978,86696,0.16559260297001963,0.00677076769736616,0.013009597605001321
0926-04-kanana-8b-local-1438,kakaocorp/kanana-1.5-8b-instruct-2505,local_window,strict,anchored_character_coverage,category,driver_license_no,60,0,7952,1.0,0.0074887668497254116,0.014866204162537165
0926-04-kanana-8b-local-1438,kakaocorp/kanana-1.5-8b-instruct-2505,local_window,strict,anchored_character_coverage,category,education,0,11,16123,0.0,0.0,0.0
0926-04-kanana-8b-local-1438,kakaocorp/kanana-1.5-8b-instruct-2505,local_window,strict,anchored_character_coverage,category,email,1149,27,62835,0.9770408163265306,0.0179576144036009,0.035267034990791896
0926-04-kanana-8b-local-1438,kakaocorp/kanana-1.5-8b-instruct-2505,local_window,strict,anchored_character_coverage,category,employer_affiliation,51,16,71335,0.7611940298507462,0.0007144257977754741,0.0014275117909674892
0926-04-kanana-8b-local-1438,kakaocorp/kanana-1.5-8b-instruct-2505,local_window,strict,anchored_character_coverage,category,family_relation,200,79,49257,0.7168458781362007,0.004043916937946095,0.00804246421103426
0926-04-kanana-8b-local-1438,kakaocorp/kanana-1.5-8b-instruct-2505,local_window,strict,anchored_character_coverage,category,financial_capacity,230,34,254540,0.8712121212121212,0.0009027750520076933,0.0018036810778170754
0926-04-kanana-8b-local-1438,kakaocorp/kanana-1.5-8b-instruct-2505,local_window,strict,anchored_character_coverage,category,foreigner_reg_no,130,235,12056,0.3561643835616438,0.010667979648777285,0.020715480838180225
0926-04-kanana-8b-local-1438,kakaocorp/kanana-1.5-8b-instruct-2505,local_window,strict,anchored_character_coverage,category,gender,108,104,23633,0.5094339622641509,0.004549092287603723,0.009017659583350728
0926-04-kanana-8b-local-1438,kakaocorp/kanana-1.5-8b-instruct-2505,local_window,strict,anchored_character_coverage,category,investment_profile,50,0,138164,1.0,0.0003617578537630052,0.0007232540646878435
0926-04-kanana-8b-local-1438,kakaocorp/kanana-1.5-8b-instruct-2505,local_window,strict,anchored_character_coverage,category,life_event,0,39,57408,0.0,0.0,0.0
0926-04-kanana-8b-local-1438,kakaocorp/kanana-1.5-8b-instruct-2505,local_window,strict,anchored_character_coverage,category,location_mention,26,28,40192,0.48148148148148145,0.0006464767019742403,0.0012912197059992054
0926-04-kanana-8b-local-1438,kakaocorp/kanana-1.5-8b-instruct-2505,local_window,strict,anchored_character_coverage,category,nationality,239,20,30279,0.9227799227799228,0.007831443738121764,0.015531078402703317
0926-04-kanana-8b-local-1438,kakaocorp/kanana-1.5-8b-instruct-2505,local_window,strict,anchored_character_coverage,category,online_handle,47,2,5555,0.9591836734693877,0.008389860764012852,0.01663422403114493
0926-04-kanana-8b-local-1438,kakaocorp/kanana-1.5-8b-instruct-2505,local_window,strict,anchored_character_coverage,category,passport_no,18,6,5252,0.75,0.003415559772296015,0.00680015111446921
0926-04-kanana-8b-local-1438,kakaocorp/kanana-1.5-8b-instruct-2505,local_window,strict,anchored_character_coverage,category,person_name,1811,1055,164147,0.6318911374738311,0.010912399522770821,0.021454295597782305
0926-04-kanana-8b-local-1438,kakaocorp/kanana-1.5-8b-instruct-2505,local_window,strict,anchored_character_coverage,category,phone_no,1500,665,112076,0.6928406466512702,0.013207015566669015,0.025919941939330057
0926-04-kanana-8b-local-1438,kakaocorp/kanana-1.5-8b-instruct-2505,local_window,strict,anchored_character_coverage,category,public_record,0,0,37086,0.0,0.0,0.0
0926-04-kanana-8b-local-1438,kakaocorp/kanana-1.5-8b-instruct-2505,local_window,strict,anchored_character_coverage,category,rrn,1002,572,85729,0.636594663278272,0.01155296260852521,0.022694071683370138
0926-04-kanana-8b-local-1438,kakaocorp/kanana-1.5-8b-instruct-2505,local_window,strict,anchored_character_coverage,category,securities_account_no,100,0,35937,1.0,0.002774925770735633,0.005534493732185848
0926-04-kanana-8b-local-1438,kakaocorp/kanana-1.5-8b-instruct-2505,local_window,strict,anchored_character_coverage,category,sensitive_info,0,0,129462,0.0,0.0,0.0
0926-04-kanana-8b-local-1438,kakaocorp/kanana-1.5-8b-instruct-2505,local_window,strict,anchored_character_coverage,category,service_usage,92,38,170292,0.7076923076923077,0.0005399568034557236,0.0010790902799770108
0926-04-kanana-8b-local-1438,kakaocorp/kanana-1.5-8b-instruct-2505,local_window,strict,anchored_character_coverage,category,transaction_record,252,359,1618421,0.41243862520458263,0.000155683081141157,0.0003112486753404591
0926-04-kanana-8b-local-1438,kakaocorp/kanana-1.5-8b-instruct-2505,local_window,strict,anchored_character_coverage,tier_kind_tlevel,I/attribute/T0,531,3016,771886,0.14970397519030165,0.000687452502987376,0.0013686201937203272
0926-04-kanana-8b-local-1438,kakaocorp/kanana-1.5-8b-instruct-2505,local_window,strict,anchored_character_coverage,tier_kind_tlevel,I/attribute/T1,1188,1388,765580,0.4611801242236025,0.0015493604323602445,0.0030883453955577738
0926-04-kanana-8b-local-1438,kakaocorp/kanana-1.5-8b-instruct-2505,local_window,strict,anchored_character_coverage,tier_kind_tlevel,I/attribute/T2,658,209,789141,0.7589388696655133,0.0008331233642990179,0.0016644196158681415
0926-04-kanana-8b-local-1438,kakaocorp/kanana-1.5-8b-instruct-2505,local_window,strict,anchored_character_coverage,tier_kind_tlevel,I/attribute/T3,157,752,749411,0.17271727172717272,0.0002094539788251366,0.00041840056390802117
0926-04-kanana-8b-local-1438,kakaocorp/kanana-1.5-8b-instruct-2505,local_window,strict,anchored_character_coverage,tier_kind_tlevel,L/attribute/T0,170,500,705658,0.2537313432835821,0.0002408518789280108,0.0004812469391279239
0926-04-kanana-8b-local-1438,kakaocorp/kanana-1.5-8b-instruct-2505,local_window,strict,anchored_character_coverage,tier_kind_tlevel,L/attribute/T1,241,157,721210,0.6055276381909548,0.00033404902065420935,0.0006677296775364377
0926-04-kanana-8b-local-1438,kakaocorp/kanana-1.5-8b-instruct-2505,local_window,strict,anchored_character_coverage,tier_kind_tlevel,L/attribute/T2,55,145,713685,0.275,7.705887297895592e-05,0.00015407457209289297
0926-04-kanana-8b-local-1438,kakaocorp/kanana-1.5-8b-instruct-2505,local_window,strict,anchored_character_coverage,tier_kind_tlevel,L/attribute/T3,207,123,598675,0.6272727272727273,0.00034564405007998236,0.0006909073917077762
0926-04-kanana-8b-local-1438,kakaocorp/kanana-1.5-8b-instruct-2505,local_window,strict,anchored_character_coverage,tier_kind_tlevel,L/identifier/T0,3423,1967,267049,0.6350649350649351,0.01265565381998876,0.02481675620418905
0926-04-kanana-8b-local-1438,kakaocorp/kanana-1.5-8b-instruct-2505,local_window,strict,anchored_character_coverage,tier_kind_tlevel,L/identifier/T1,2371,717,298980,0.7678108808290155,0.007867901550019745,0.01557619096107923
0926-04-kanana-8b-local-1438,kakaocorp/kanana-1.5-8b-instruct-2505,local_window,strict,anchored_character_coverage,tier_kind_tlevel,L/identifier/T2,2396,1005,301398,0.7044986768597471,0.00788692337570854,0.015599212226761503
0926-04-kanana-8b-local-1438,kakaocorp/kanana-1.5-8b-instruct-2505,local_window,strict,anchored_character_coverage,tier_kind_tlevel,L/identifier/T3,1118,2128,172726,0.34442390634627235,0.006431053128091852,0.012626348184538935
0926-04-kanana-8b-local-1438,kakaocorp/kanana-1.5-8b-instruct-2505,local_window,itemwise,exact_with_invalid_item_fp,doc_type,bank_statement,1389,10914,24774,0.11289929285540112,0.05309024194473111,0.07221962252378725
0926-04-kanana-8b-local-1438,kakaocorp/kanana-1.5-8b-instruct-2505,local_window,itemwise,exact_with_invalid_item_fp,doc_type,card_statement,1436,10632,21714,0.11899237653297978,0.06203023758099352,0.08154920779147028
0926-04-kanana-8b-local-1438,kakaocorp/kanana-1.5-8b-instruct-2505,local_window,itemwise,exact_with_invalid_item_fp,doc_type,complaint_case,1309,9571,18396,0.1203125,0.06642984014209591,0.08559751512179173
0926-04-kanana-8b-local-1438,kakaocorp/kanana-1.5-8b-instruct-2505,local_window,itemwise,exact_with_invalid_item_fp,doc_type,cs_transcript,752,5759,17556,0.1154968514821072,0.04107493991697619,0.06059873484024336
0926-04-kanana-8b-local-1438,kakaocorp/kanana-1.5-8b-instruct-2505,local_window,itemwise,exact_with_invalid_item_fp,doc_type,insurance_claim,1452,9537,17042,0.13213213213213212,0.07851194982156375,0.09849743920225215
0926-04-kanana-8b-local-1438,kakaocorp/kanana-1.5-8b-instruct-2505,local_window,itemwise,exact_with_invalid_item_fp,doc_type,internal_memo,1540,13538,22477,0.1021355617455896,0.06412124744972311,0.07878245299910475
0926-04-kanana-8b-local-1438,kakaocorp/kanana-1.5-8b-instruct-2505,local_window,itemwise,exact_with_invalid_item_fp,doc_type,kyc_form,2025,12075,22841,0.14361702127659576,0.08143649963806,0.10393676538520762
0926-04-kanana-8b-local-1438,kakaocorp/kanana-1.5-8b-instruct-2505,local_window,itemwise,exact_with_invalid_item_fp,doc_type,loan_contract,1407,9655,16214,0.1271921894774905,0.07984790874524715,0.09810689258445769
0926-04-kanana-8b-local-1438,kakaocorp/kanana-1.5-8b-instruct-2505,local_window,itemwise,exact_with_invalid_item_fp,doc_type,phishing_report,1281,8296,21377,0.1337579617834395,0.05653632271162503,0.07947882736156352
0926-04-kanana-8b-local-1438,kakaocorp/kanana-1.5-8b-instruct-2505,local_window,itemwise,exact_with_invalid_item_fp,doc_type,securities_trade_report,1376,12259,21839,0.10091675834250091,0.05927202239931079,0.07468113975576662
0926-04-kanana-8b-local-1438,kakaocorp/kanana-1.5-8b-instruct-2505,local_window,itemwise,exact_with_invalid_item_fp,variation_level,T0,4304,25293,54016,0.14542014393350677,0.0737997256515775,0.0979105292491782
0926-04-kanana-8b-local-1438,kakaocorp/kanana-1.5-8b-instruct-2505,local_window,itemwise,exact_with_invalid_item_fp,variation_level,T1,3436,24919,53111,0.12117792276494445,0.060763612570074454,0.08094037831853196
0926-04-kanana-8b-local-1438,kakaocorp/kanana-1.5-8b-instruct-2505,local_window,itemwise,exact_with_invalid_item_fp,variation_level,T2,3652,27031,53712,0.11902356353681191,0.0636636217836971,0.0829556941179143
0926-04-kanana-8b-local-1438,kakaocorp/kanana-1.5-8b-instruct-2505,local_window,itemwise,exact_with_invalid_item_fp,variation_level,T3,2575,24993,43391,0.09340539756239118,0.056019666710177086,0.07003562977670193
0926-04-kanana-8b-local-1438,kakaocorp/kanana-1.5-8b-instruct-2505,local_window,itemwise,exact_with_invalid_item_fp,context_len_bucket,16k,8228,75274,118851,0.098536561998515,0.06474712580363395,0.07814570165399537
0926-04-kanana-8b-local-1438,kakaocorp/kanana-1.5-8b-instruct-2505,local_window,itemwise,exact_with_invalid_item_fp,context_len_bucket,1k,1894,5513,24751,0.2557040637235048,0.07108275473822481,0.11124163044755081
0926-04-kanana-8b-local-1438,kakaocorp/kanana-1.5-8b-instruct-2505,local_window,itemwise,exact_with_invalid_item_fp,context_len_bucket,4k,3845,21449,60628,0.15201233494109276,0.059637367580227384,0.08566622478193546
0926-04-kanana-8b-local-1438,kakaocorp/kanana-1.5-8b-instruct-2505,local_window,itemwise,exact_with_invalid_item_fp,num_subjects,1,2064,27440,40058,0.06995661605206074,0.04900052229238878,0.05763270320833217
0926-04-kanana-8b-local-1438,kakaocorp/kanana-1.5-8b-instruct-2505,local_window,itemwise,exact_with_invalid_item_fp,num_subjects,3,4637,32289,68672,0.12557547527487406,0.06325280661310344,0.08412936000362861
0926-04-kanana-8b-local-1438,kakaocorp/kanana-1.5-8b-instruct-2505,local_window,itemwise,exact_with_invalid_item_fp,num_subjects,8,7266,42507,95500,0.14598276173829183,0.07070431854893641,0.09526743980228007
0926-04-kanana-8b-local-1438,kakaocorp/kanana-1.5-8b-instruct-2505,local_window,itemwise,exact_with_invalid_item_fp,generator_model,gpt-6-astra,3812,28747,74108,0.11707976289198072,0.04892197125256673,0.06900858986775768
0926-04-kanana-8b-local-1438,kakaocorp/kanana-1.5-8b-instruct-2505,local_window,itemwise,exact_with_invalid_item_fp,generator_model,zai-org/GLM-5.2-FP8,10155,73489,130122,0.1214073932380087,0.0723924805919716,0.09070163137892381
0926-04-kanana-8b-local-1438,kakaocorp/kanana-1.5-8b-instruct-2505,local_window,itemwise,exact_with_invalid_item_fp,category,__unassigned_invalid_item__,0,7244,0,0.0,0.0,0.0
0926-04-kanana-8b-local-1438,kakaocorp/kanana-1.5-8b-instruct-2505,local_window,itemwise,exact_with_invalid_item_fp,category,access_credential,89,795,1841,0.10067873303167421,0.0461139896373057,0.06325515280739161
0926-04-kanana-8b-local-1438,kakaocorp/kanana-1.5-8b-instruct-2505,local_window,itemwise,exact_with_invalid_item_fp,category,address,618,3390,2597,0.15419161676646706,0.19222395023328148,0.1711200332271909
0926-04-kanana-8b-local-1438,kakaocorp/kanana-1.5-8b-instruct-2505,local_window,itemwise,exact_with_invalid_item_fp,category,bank_account_no,1471,6481,15907,0.18498490945674045,0.08464725515018989,0.11614686142913541
0926-04-kanana-8b-local-1438,kakaocorp/kanana-1.5-8b-instruct-2505,local_window,itemwise,exact_with_invalid_item_fp,category,business_reg_no,84,682,528,0.10966057441253264,0.13725490196078433,0.12191582002902758
0926-04-kanana-8b-local-1438,kakaocorp/kanana-1.5-8b-instruct-2505,local_window,itemwise,exact_with_invalid_item_fp,category,card_no,331,1914,2952,0.14743875278396437,0.10082241851964667,0.11975397973950797
0926-04-kanana-8b-local-1438,kakaocorp/kanana-1.5-8b-instruct-2505,local_window,itemwise,exact_with_invalid_item_fp,category,consultation_content,132,5885,33674,0.021937842778793418,0.0039046323137904514,0.006629334806518846
0926-04-kanana-8b-local-1438,kakaocorp/kanana-1.5-8b-instruct-2505,local_window,itemwise,exact_with_invalid_item_fp,category,contract_no,276,1530,4836,0.15282392026578073,0.0539906103286385,0.0797918473547268
0926-04-kanana-8b-local-1438,kakaocorp/kanana-1.5-8b-instruct-2505,local_window,itemwise,exact_with_invalid_item_fp,category,corp_reg_no,34,129,161,0.2085889570552147,0.17435897435897435,0.18994413407821228
0926-04-kanana-8b-local-1438,kakaocorp/kanana-1.5-8b-instruct-2505,local_window,itemwise,exact_with_invalid_item_fp,category,credit_score,98,2495,2458,0.037794060933281914,0.03834115805946792,0.03806564381433288
0926-04-kanana-8b-local-1438,kakaocorp/kanana-1.5-8b-instruct-2505,local_window,itemwise,exact_with_invalid_item_fp,category,credit_transaction,49,5500,11165,0.008830419895476662,0.004369538077403246,0.005846208912485832
0926-04-kanana-8b-local-1438,kakaocorp/kanana-1.5-8b-instruct-2505,local_window,itemwise,exact_with_invalid_item_fp,category,customer_id,985,5146,5949,0.16065894633828087,0.14205364868762618,0.15078453884424034
0926-04-kanana-8b-local-1438,kakaocorp/kanana-1.5-8b-instruct-2505,local_window,itemwise,exact_with_invalid_item_fp,category,delinquency_info,37,2991,2203,0.012219286657859974,0.016517857142857143,0.01404707668944571
0926-04-kanana-8b-local-1438,kakaocorp/kanana-1.5-8b-instruct-2505,local_window,itemwise,exact_with_invalid_item_fp,category,device_network,13,620,1602,0.020537124802527645,0.00804953560371517,0.011565836298932384
0926-04-kanana-8b-local-1438,kakaocorp/kanana-1.5-8b-instruct-2505,local_window,itemwise,exact_with_invalid_item_fp,category,dob_age,182,8584,4192,0.02076203513575177,0.041609510745313216,0.027701674277016742
0926-04-kanana-8b-local-1438,kakaocorp/kanana-1.5-8b-instruct-2505,local_window,itemwise,exact_with_invalid_item_fp,category,driver_license_no,89,353,426,0.20135746606334842,0.17281553398058253,0.18599791013584116
0926-04-kanana-8b-local-1438,kakaocorp/kanana-1.5-8b-instruct-2505,local_window,itemwise,exact_with_invalid_item_fp,category,education,54,718,553,0.06994818652849741,0.08896210873146623,0.07831762146482958
0926-04-kanana-8b-local-1438,kakaocorp/kanana-1.5-8b-instruct-2505,local_window,itemwise,exact_with_invalid_item_fp,category,email,536,1822,2609,0.22731128074639526,0.17042925278219395,0.19480283481737234
0926-04-kanana-8b-local-1438,kakaocorp/kanana-1.5-8b-instruct-2505,local_window,itemwise,exact_with_invalid_item_fp,category,employer_affiliation,86,1179,4272,0.06798418972332015,0.01973382285452042,0.030588653743553264
0926-04-kanana-8b-local-1438,kakaocorp/kanana-1.5-8b-instruct-2505,local_window,itemwise,exact_with_invalid_item_fp,category,family_relation,102,1159,1993,0.08088818398096749,0.0486873508353222,0.060786650774731825
0926-04-kanana-8b-local-1438,kakaocorp/kanana-1.5-8b-instruct-2505,local_window,itemwise,exact_with_invalid_item_fp,category,financial_capacity,242,3028,9496,0.07400611620795107,0.02485109878825221,0.03720787207872079
0926-04-kanana-8b-local-1438,kakaocorp/kanana-1.5-8b-instruct-2505,local_window,itemwise,exact_with_invalid_item_fp,category,foreigner_reg_no,74,337,769,0.18004866180048662,0.08778173190984578,0.11802232854864433
0926-04-kanana-8b-local-1438,kakaocorp/kanana-1.5-8b-instruct-2505,local_window,itemwise,exact_with_invalid_item_fp,category,gender,88,2054,3304,0.04108309990662932,0.025943396226415096,0.03180339718106252
0926-04-kanana-8b-local-1438,kakaocorp/kanana-1.5-8b-instruct-2505,local_window,itemwise,exact_with_invalid_item_fp,category,investment_profile,51,1330,3244,0.036929761042722664,0.015477996965098634,0.021813515825491875
0926-04-kanana-8b-local-1438,kakaocorp/kanana-1.5-8b-instruct-2505,local_window,itemwise,exact_with_invalid_item_fp,category,life_event,21,1816,1570,0.011431682090364725,0.013199245757385292,0.012252042007001166
0926-04-kanana-8b-local-1438,kakaocorp/kanana-1.5-8b-instruct-2505,local_window,itemwise,exact_with_invalid_item_fp,category,location_mention,12,910,2023,0.013015184381778741,0.005896805896805897,0.008116334122421373
0926-04-kanana-8b-local-1438,kakaocorp/kanana-1.5-8b-instruct-2505,local_window,itemwise,exact_with_invalid_item_fp,category,nationality,375,1615,2943,0.1884422110552764,0.11301989150090416,0.14129615674453655
0926-04-kanana-8b-local-1438,kakaocorp/kanana-1.5-8b-instruct-2505,local_window,itemwise,exact_with_invalid_item_fp,category,online_handle,76,580,481,0.11585365853658537,0.13644524236983843,0.12530915086562242
0926-04-kanana-8b-local-1438,kakaocorp/kanana-1.5-8b-instruct-2505,local_window,itemwise,exact_with_invalid_item_fp,category,passport_no,109,355,450,0.2349137931034483,0.19499105545617174,0.2130987292277615
0926-04-kanana-8b-local-1438,kakaocorp/kanana-1.5-8b-instruct-2505,local_window,itemwise,exact_with_invalid_item_fp,category,person_name,4329,12329,34744,0.2598751350702365,0.11079261894402785,0.15535339398180545
0926-04-kanana-8b-local-1438,kakaocorp/kanana-1.5-8b-instruct-2505,local_window,itemwise,exact_with_invalid_item_fp,category,phone_no,1346,5427,6907,0.19873025247305479,0.1630922088937356,0.1791561293757487
0926-04-kanana-8b-local-1438,kakaocorp/kanana-1.5-8b-instruct-2505,local_window,itemwise,exact_with_invalid_item_fp,category,public_record,4,455,789,0.008714596949891068,0.005044136191677175,0.006389776357827476
0926-04-kanana-8b-local-1438,kakaocorp/kanana-1.5-8b-instruct-2505,local_window,itemwise,exact_with_invalid_item_fp,category,rrn,982,3767,5013,0.20678037481575068,0.16380316930775646,0.18279970215934474
0926-04-kanana-8b-local-1438,kakaocorp/kanana-1.5-8b-instruct-2505,local_window,itemwise,exact_with_invalid_item_fp,category,securities_account_no,122,543,3068,0.18345864661654135,0.03824451410658307,0.06329442282749675
0926-04-kanana-8b-local-1438,kakaocorp/kanana-1.5-8b-instruct-2505,local_window,itemwise,exact_with_invalid_item_fp,category,sensitive_info,3,429,1981,0.006944444444444444,0.0015120967741935483,0.0024834437086092716
0926-04-kanana-8b-local-1438,kakaocorp/kanana-1.5-8b-instruct-2505,local_window,itemwise,exact_with_invalid_item_fp,category,service_usage,56,1556,3492,0.034739454094292806,0.015783540022547914,0.021705426356589147
0926-04-kanana-8b-local-1438,kakaocorp/kanana-1.5-8b-instruct-2505,local_window,itemwise,exact_with_invalid_item_fp,category,transaction_record,811,7088,24038,0.10267122420559564,0.032637128254658136,0.04952974227433737
0926-04-kanana-8b-local-1438,kakaocorp/kanana-1.5-8b-instruct-2505,local_window,itemwise,exact_with_invalid_item_fp,tier_kind_tlevel,I/attribute/T0,275,6854,16043,0.038574835180249685,0.01685255546022797,0.02345715869834094
0926-04-kanana-8b-local-1438,kakaocorp/kanana-1.5-8b-instruct-2505,local_window,itemwise,exact_with_invalid_item_fp,tier_kind_tlevel,I/attribute/T1,323,6499,15190,0.04734681911462914,0.020821246696319216,0.028923214685471235
0926-04-kanana-8b-local-1438,kakaocorp/kanana-1.5-8b-instruct-2505,local_window,itemwise,exact_with_invalid_item_fp,tier_kind_tlevel,I/attribute/T2,287,7199,15577,0.03833823136521507,0.018091275844679778,0.024582441113490363
0926-04-kanana-8b-local-1438,kakaocorp/kanana-1.5-8b-instruct-2505,local_window,itemwise,exact_with_invalid_item_fp,tier_kind_tlevel,I/attribute/T3,287,6874,16052,0.04007820136852395,0.01756533447579411,0.024425531914893616
0926-04-kanana-8b-local-1438,kakaocorp/kanana-1.5-8b-instruct-2505,local_window,itemwise,exact_with_invalid_item_fp,tier_kind_tlevel,L/attribute/T0,292,5875,13703,0.0473487919571915,0.020864594498035013,0.028965380418609264
0926-04-kanana-8b-local-1438,kakaocorp/kanana-1.5-8b-instruct-2505,local_window,itemwise,exact_with_invalid_item_fp,tier_kind_tlevel,L/attribute/T1,307,5161,13173,0.05614484272128749,0.022774480712166173,0.032404475406375345
0926-04-kanana-8b-local-1438,kakaocorp/kanana-1.5-8b-instruct-2505,local_window,itemwise,exact_with_invalid_item_fp,tier_kind_tlevel,L/attribute/T2,298,5626,13061,0.050303848750844024,0.02230705891159518,0.03090805372607997
0926-04-kanana-8b-local-1438,kakaocorp/kanana-1.5-8b-instruct-2505,local_window,itemwise,exact_with_invalid_item_fp,tier_kind_tlevel,L/attribute/T3,347,5324,12193,0.06118850290953976,0.02767145135566188,0.0381088353193125
0926-04-kanana-8b-local-1438,kakaocorp/kanana-1.5-8b-instruct-2505,local_window,itemwise,exact_with_invalid_item_fp,tier_kind_tlevel,L/identifier/T0,3737,10786,24270,0.2573159815465124,0.13343092798229014,0.17573477545262167
0926-04-kanana-8b-local-1438,kakaocorp/kanana-1.5-8b-instruct-2505,local_window,itemwise,exact_with_invalid_item_fp,tier_kind_tlevel,L/identifier/T1,2806,11540,24748,0.19559459082671127,0.1018363939899833,0.1339379474940334
0926-04-kanana-8b-local-1438,kakaocorp/kanana-1.5-8b-instruct-2505,local_window,itemwise,exact_with_invalid_item_fp,tier_kind_tlevel,L/identifier/T2,3067,12401,25074,0.1982803206620119,0.10898688745957855,0.14065903827191634
0926-04-kanana-8b-local-1438,kakaocorp/kanana-1.5-8b-instruct-2505,local_window,itemwise,exact_with_invalid_item_fp,tier_kind_tlevel,L/identifier/T3,1941,10853,15146,0.15171173987806785,0.11359513080119389,0.1299153308122218
0926-04-kanana-8b-local-1438,kakaocorp/kanana-1.5-8b-instruct-2505,local_window,itemwise,exact_with_invalid_item_fp,tier_kind_tlevel,unassigned/invalid_item/T0,0,1778,0,0.0,0.0,0.0
0926-04-kanana-8b-local-1438,kakaocorp/kanana-1.5-8b-instruct-2505,local_window,itemwise,exact_with_invalid_item_fp,tier_kind_tlevel,unassigned/invalid_item/T1,0,1719,0,0.0,0.0,0.0
0926-04-kanana-8b-local-1438,kakaocorp/kanana-1.5-8b-instruct-2505,local_window,itemwise,exact_with_invalid_item_fp,tier_kind_tlevel,unassigned/invalid_item/T2,0,1805,0,0.0,0.0,0.0
0926-04-kanana-8b-local-1438,kakaocorp/kanana-1.5-8b-instruct-2505,local_window,itemwise,exact_with_invalid_item_fp,tier_kind_tlevel,unassigned/invalid_item/T3,0,1942,0,0.0,0.0,0.0
0926-04-kanana-8b-local-1438,kakaocorp/kanana-1.5-8b-instruct-2505,local_window,itemwise,anchored_character_coverage,doc_type,bank_statement,42497,23511,1111283,0.6438159011028967,0.0368328450831181,0.06967932132468921
0926-04-kanana-8b-local-1438,kakaocorp/kanana-1.5-8b-instruct-2505,local_window,itemwise,anchored_character_coverage,doc_type,card_statement,37936,21155,756841,0.6419928584725254,0.0477316278654264,0.08885682564518169
0926-04-kanana-8b-local-1438,kakaocorp/kanana-1.5-8b-instruct-2505,local_window,itemwise,anchored_character_coverage,doc_type,complaint_case,25539,16595,691900,0.6061375611145393,0.03559745149064938,0.06724567618912204
0926-04-kanana-8b-local-1438,kakaocorp/kanana-1.5-8b-instruct-2505,local_window,itemwise,anchored_character_coverage,doc_type,cs_transcript,11663,10141,425602,0.5349018528710329,0.02667261271768836,0.05081153377814664
0926-04-kanana-8b-local-1438,kakaocorp/kanana-1.5-8b-instruct-2505,local_window,itemwise,anchored_character_coverage,doc_type,insurance_claim,23375,19816,618376,0.5412007131115278,0.03642378430263451,0.06825395434941936
0926-04-kanana-8b-local-1438,kakaocorp/kanana-1.5-8b-instruct-2505,local_window,itemwise,anchored_character_coverage,doc_type,internal_memo,32441,22763,619500,0.5876566915440911,0.04976063784913052,0.09175204519582264
0926-04-kanana-8b-local-1438,kakaocorp/kanana-1.5-8b-instruct-2505,local_window,itemwise,anchored_character_coverage,doc_type,kyc_form,40116,21597,604180,0.6500413203052842,0.06226330754808349,0.11364161080099545
0926-04-kanana-8b-local-1438,kakaocorp/kanana-1.5-8b-instruct-2505,local_window,itemwise,anchored_character_coverage,doc_type,loan_contract,22374,15117,332800,0.596783227974714,0.06299447594700062,0.11395973667120828
0926-04-kanana-8b-local-1438,kakaocorp/kanana-1.5-8b-instruct-2505,local_window,itemwise,anchored_character_coverage,doc_type,phishing_report,24018,13855,637527,0.6341721014971088,0.03630592023218375,0.06867995962357275
0926-04-kanana-8b-local-1438,kakaocorp/kanana-1.5-8b-instruct-2505,local_window,itemwise,anchored_character_coverage,doc_type,securities_trade_report,38481,21918,771465,0.6371131972383649,0.047510574779059345,0.08842700308498354
0926-04-kanana-8b-local-1438,kakaocorp/kanana-1.5-8b-instruct-2505,local_window,itemwise,anchored_character_coverage,variation_level,T0,78229,49376,1670488,0.6130559147368834,0.044735082920792785,0.08338547434821955
0926-04-kanana-8b-local-1438,kakaocorp/kanana-1.5-8b-instruct-2505,local_window,itemwise,anchored_character_coverage,variation_level,T1,81253,42467,1708317,0.6567491108955706,0.045403644450901615,0.08493537310078451
0926-04-kanana-8b-local-1438,kakaocorp/kanana-1.5-8b-instruct-2505,local_window,itemwise,anchored_character_coverage,variation_level,T2,78862,49822,1728471,0.6128345404246061,0.043634460279317645,0.08146829289205622
0926-04-kanana-8b-local-1438,kakaocorp/kanana-1.5-8b-instruct-2505,local_window,itemwise,anchored_character_coverage,variation_level,T3,60096,44803,1462198,0.5728939265388612,0.03947726260498958,0.07386462454054313
0926-04-kanana-8b-local-1438,kakaocorp/kanana-1.5-8b-instruct-2505,local_window,itemwise,anchored_character_coverage,context_len_bucket,16k,185578,131099,4334630,0.5860166668245562,0.04105519038061965,0.07673450991702305
0926-04-kanana-8b-local-1438,kakaocorp/kanana-1.5-8b-instruct-2505,local_window,itemwise,anchored_character_coverage,context_len_bucket,1k,34123,14815,522405,0.6972700151211737,0.06131407584164678,0.11271648614455643
0926-04-kanana-8b-local-1438,kakaocorp/kanana-1.5-8b-instruct-2505,local_window,itemwise,anchored_character_coverage,context_len_bucket,4k,78739,40554,1712439,0.6600471108950232,0.04395933849120523,0.08242888795485512
0926-04-kanana-8b-local-1438,kakaocorp/kanana-1.5-8b-instruct-2505,local_window,itemwise,anchored_character_coverage,num_subjects,1,55902,66134,1785291,0.458077944213183,0.03036183604869234,0.05694903651076874
0926-04-kanana-8b-local-1438,kakaocorp/kanana-1.5-8b-instruct-2505,local_window,itemwise,anchored_character_coverage,num_subjects,3,92769,61210,2261011,0.6024782600224706,0.03941277434594567,0.07398557835900499
0926-04-kanana-8b-local-1438,kakaocorp/kanana-1.5-8b-instruct-2505,local_window,itemwise,anchored_character_coverage,num_subjects,8,149769,59124,2523172,0.7169651448349155,0.05603153979081469,0.10394006039209754
0926-04-kanana-8b-local-1438,kakaocorp/kanana-1.5-8b-instruct-2505,local_window,itemwise,anchored_character_coverage,generator_model,gpt-6-astra,78474,54900,3194286,0.5883755454586351,0.023977926887397794,0.04607804625419904
0926-04-kanana-8b-local-1438,kakaocorp/kanana-1.5-8b-instruct-2505,local_window,itemwise,anchored_character_coverage,generator_model,zai-org/GLM-5.2-FP8,219966,131568,3375188,0.6257317926573247,0.06118402716545661,0.11146865422349068
0926-04-kanana-8b-local-1438,kakaocorp/kanana-1.5-8b-instruct-2505,local_window,itemwise,anchored_character_coverage,category,access_credential,828,1914,12238,0.30196936542669583,0.06337058013163938,0.10475708502024292
0926-04-kanana-8b-local-1438,kakaocorp/kanana-1.5-8b-instruct-2505,local_window,itemwise,anchored_character_coverage,category,address,14738,7805,54596,0.6537727897795325,0.21256526379554042,0.3208202270426766
0926-04-kanana-8b-local-1438,kakaocorp/kanana-1.5-8b-instruct-2505,local_window,itemwise,anchored_character_coverage,category,bank_account_no,27226,10340,245466,0.7247511047223553,0.09984157951095009,0.17550554699637078
0926-04-kanana-8b-local-1438,kakaocorp/kanana-1.5-8b-instruct-2505,local_window,itemwise,anchored_character_coverage,category,business_reg_no,1195,2128,6522,0.3596148058982847,0.15485292211999482,0.2164855072463768
0926-04-kanana-8b-local-1438,kakaocorp/kanana-1.5-8b-instruct-2505,local_window,itemwise,anchored_character_coverage,category,card_no,6777,4354,55714,0.6088401760848082,0.10844761645676977,0.18410257803373992
0926-04-kanana-8b-local-1438,kakaocorp/kanana-1.5-8b-instruct-2505,local_window,itemwise,anchored_character_coverage,category,consultation_content,26108,30366,2309000,0.4623012359669937,0.011180639182427536,0.02183324677974663
0926-04-kanana-8b-local-1438,kakaocorp/kanana-1.5-8b-instruct-2505,local_window,itemwise,anchored_character_coverage,category,contract_no,3554,3531,55234,0.5016231474947072,0.060454514526774174,0.10790460431436248
0926-04-kanana-8b-local-1438,kakaocorp/kanana-1.5-8b-instruct-2505,local_window,itemwise,anchored_character_coverage,category,corp_reg_no,528,185,2286,0.7405329593267882,0.18763326226012794,0.29940459313864476
0926-04-kanana-8b-local-1438,kakaocorp/kanana-1.5-8b-instruct-2505,local_window,itemwise,anchored_character_coverage,category,credit_score,5997,2738,65225,0.6865483686319405,0.08420151076914437,0.15000562802506348
0926-04-kanana-8b-local-1438,kakaocorp/kanana-1.5-8b-instruct-2505,local_window,itemwise,anchored_character_coverage,category,credit_transaction,7332,15879,532612,0.3158847098358537,0.013579185989658188,0.026039012350063482
0926-04-kanana-8b-local-1438,kakaocorp/kanana-1.5-8b-instruct-2505,local_window,itemwise,anchored_character_coverage,category,customer_id,9879,12931,55324,0.4330995177553705,0.1515114335229974,0.22448956404167567
0926-04-kanana-8b-local-1438,kakaocorp/kanana-1.5-8b-instruct-2505,local_window,itemwise,anchored_character_coverage,category,delinquency_info,3820,6974,84924,0.3539003149898092,0.04304516361669521,0.07675460628101831
0926-04-kanana-8b-local-1438,kakaocorp/kanana-1.5-8b-instruct-2505,local_window,itemwise,anchored_character_coverage,category,device_network,1836,211,56872,0.8969223253541768,0.03127342099884173,0.06043947000246893
0926-04-kanana-8b-local-1438,kakaocorp/kanana-1.5-8b-instruct-2505,local_window,itemwise,anchored_character_coverage,category,dob_age,13681,20244,73606,0.4032719233603537,0.15673582549520548,0.22573672573672574
0926-04-kanana-8b-local-1438,kakaocorp/kanana-1.5-8b-instruct-2505,local_window,itemwise,anchored_character_coverage,category,driver_license_no,1483,441,6529,0.7707900207900208,0.18509735396904642,0.29851046698872785
0926-04-kanana-8b-local-1438,kakaocorp/kanana-1.5-8b-instruct-2505,local_window,itemwise,anchored_character_coverage,category,education,1935,651,14188,0.7482598607888631,0.12001488556720213,0.2068523170666524
0926-04-kanana-8b-local-1438,kakaocorp/kanana-1.5-8b-instruct-2505,local_window,itemwise,anchored_character_coverage,category,email,13794,981,50190,0.9336040609137056,0.21558514628657163,0.35028377709214187
0926-04-kanana-8b-local-1438,kakaocorp/kanana-1.5-8b-instruct-2505,local_window,itemwise,anchored_character_coverage,category,employer_affiliation,2508,1582,68878,0.6132029339853301,0.035132939231782144,0.06645821188192273
0926-04-kanana-8b-local-1438,kakaocorp/kanana-1.5-8b-instruct-2505,local_window,itemwise,anchored_character_coverage,category,family_relation,3139,1859,46318,0.6280512204881953,0.06346927634106396,0.11528785235515564
0926-04-kanana-8b-local-1438,kakaocorp/kanana-1.5-8b-instruct-2505,local_window,itemwise,anchored_character_coverage,category,financial_capacity,9108,3365,245662,0.7302172693016916,0.03574989205950465,0.06816268340050066
0926-04-kanana-8b-local-1438,kakaocorp/kanana-1.5-8b-instruct-2505,local_window,itemwise,anchored_character_coverage,category,foreigner_reg_no,1316,751,10870,0.6366715045960329,0.1079927785983916,0.18466287799059847
0926-04-kanana-8b-local-1438,kakaocorp/kanana-1.5-8b-instruct-2505,local_window,itemwise,anchored_character_coverage,category,gender,2047,283,21694,0.8785407725321889,0.08622214734004464,0.157032718346055
0926-04-kanana-8b-local-1438,kakaocorp/kanana-1.5-8b-instruct-2505,local_window,itemwise,anchored_character_coverage,category,investment_profile,3308,623,134906,0.8415161536504706,0.023933899604960424,0.04654402194941785
0926-04-kanana-8b-local-1438,kakaocorp/kanana-1.5-8b-instruct-2505,local_window,itemwise,anchored_character_coverage,category,life_event,1702,3193,55706,0.3477017364657814,0.029647435897435896,0.05463621334446175
0926-04-kanana-8b-local-1438,kakaocorp/kanana-1.5-8b-instruct-2505,local_window,itemwise,anchored_character_coverage,category,location_mention,817,1292,39401,0.38738738738738737,0.020314287135113632,0.03860420062844048
0926-04-kanana-8b-local-1438,kakaocorp/kanana-1.5-8b-instruct-2505,local_window,itemwise,anchored_character_coverage,category,nationality,4144,375,26374,0.9170170391679575,0.13578871485680583,0.2365499329280475
0926-04-kanana-8b-local-1438,kakaocorp/kanana-1.5-8b-instruct-2505,local_window,itemwise,anchored_character_coverage,category,online_handle,788,1634,4814,0.32535094962840627,0.14066404855408782,0.19641076769690927
0926-04-kanana-8b-local-1438,kakaocorp/kanana-1.5-8b-instruct-2505,local_window,itemwise,anchored_character_coverage,category,passport_no,1066,490,4204,0.6850899742930592,0.20227703984819734,0.31233518898329915
0926-04-kanana-8b-local-1438,kakaocorp/kanana-1.5-8b-instruct-2505,local_window,itemwise,anchored_character_coverage,category,person_name,21047,9725,144911,0.6839659430651241,0.1268212439291869,0.21396838306308139
0926-04-kanana-8b-local-1438,kakaocorp/kanana-1.5-8b-instruct-2505,local_window,itemwise,anchored_character_coverage,category,phone_no,19626,5925,93950,0.7681108371492309,0.1728005916742974,0.2821307151020291
0926-04-kanana-8b-local-1438,kakaocorp/kanana-1.5-8b-instruct-2505,local_window,itemwise,anchored_character_coverage,category,public_record,507,407,36579,0.5547045951859956,0.013670927034460443,0.02668421052631579
0926-04-kanana-8b-local-1438,kakaocorp/kanana-1.5-8b-instruct-2505,local_window,itemwise,anchored_character_coverage,category,rrn,15031,7654,71700,0.662596429358607,0.17330596903068107,0.2747495795861666
0926-04-kanana-8b-local-1438,kakaocorp/kanana-1.5-8b-instruct-2505,local_window,itemwise,anchored_character_coverage,category,securities_account_no,1497,912,34540,0.6214196762141968,0.04154063878791242,0.07787546168652136
0926-04-kanana-8b-local-1438,kakaocorp/kanana-1.5-8b-instruct-2505,local_window,itemwise,anchored_character_coverage,category,sensitive_info,290,496,129172,0.36895674300254455,0.0022400395482844388,0.004453043424851053
0926-04-kanana-8b-local-1438,kakaocorp/kanana-1.5-8b-instruct-2505,local_window,itemwise,anchored_character_coverage,category,service_usage,5075,3175,165309,0.6151515151515151,0.029785660625410836,0.05682009024037977
0926-04-kanana-8b-local-1438,kakaocorp/kanana-1.5-8b-instruct-2505,local_window,itemwise,anchored_character_coverage,category,transaction_record,64713,21054,1553960,0.7545209696036937,0.0399790445630464,0.07593461782168924
0926-04-kanana-8b-local-1438,kakaocorp/kanana-1.5-8b-instruct-2505,local_window,itemwise,anchored_character_coverage,tier_kind_tlevel,I/attribute/T0,14042,17366,758375,0.44708354559347935,0.018179299523443944,0.034937952912636454
0926-04-kanana-8b-local-1438,kakaocorp/kanana-1.5-8b-instruct-2505,local_window,itemwise,anchored_character_coverage,tier_kind_tlevel,I/attribute/T1,18509,15881,748259,0.5382087816225647,0.024138983369154685,0.04620561736885858
0926-04-kanana-8b-local-1438,kakaocorp/kanana-1.5-8b-instruct-2505,local_window,itemwise,anchored_character_coverage,tier_kind_tlevel,I/attribute/T2,17615,16137,772184,0.521894998814885,0.022303142951561092,0.042778164315264024
0926-04-kanana-8b-local-1438,kakaocorp/kanana-1.5-8b-instruct-2505,local_window,itemwise,anchored_character_coverage,tier_kind_tlevel,I/attribute/T3,16134,14470,733434,0.5271859887596393,0.021524398053278687,0.04136011033464416
0926-04-kanana-8b-local-1438,kakaocorp/kanana-1.5-8b-instruct-2505,local_window,itemwise,anchored_character_coverage,tier_kind_tlevel,L/attribute/T0,23311,13110,682517,0.6400428324318388,0.03302645970406388,0.06281180574173896
0926-04-kanana-8b-local-1438,kakaocorp/kanana-1.5-8b-instruct-2505,local_window,itemwise,anchored_character_coverage,tier_kind_tlevel,L/attribute/T1,23673,11897,697778,0.6655327523193703,0.03281303927778879,0.06254251863554644
0926-04-kanana-8b-local-1438,kakaocorp/kanana-1.5-8b-instruct-2505,local_window,itemwise,anchored_character_coverage,tier_kind_tlevel,L/attribute/T2,22153,14747,691587,0.6003523035230353,0.031037912965505645,0.05902429926462752
0926-04-kanana-8b-local-1438,kakaocorp/kanana-1.5-8b-instruct-2505,local_window,itemwise,anchored_character_coverage,tier_kind_tlevel,L/attribute/T3,22630,11159,576252,0.6697445914350825,0.03778707658603865,0.07153797155235501
0926-04-kanana-8b-local-1438,kakaocorp/kanana-1.5-8b-instruct-2505,local_window,itemwise,anchored_character_coverage,tier_kind_tlevel,L/identifier/T0,40876,18900,229596,0.6838195931477516,0.15112839776390902,0.24754729778832876
0926-04-kanana-8b-local-1438,kakaocorp/kanana-1.5-8b-instruct-2505,local_window,itemwise,anchored_character_coverage,tier_kind_tlevel,L/identifier/T1,39071,14689,262280,0.7267671130952381,0.12965279690460627,0.22004950564752992
0926-04-kanana-8b-local-1438,kakaocorp/kanana-1.5-8b-instruct-2505,local_window,itemwise,anchored_character_coverage,tier_kind_tlevel,L/identifier/T2,39094,18938,264700,0.6736628067273228,0.1286858858305299,0.2160928180948854
0926-04-kanana-8b-local-1438,kakaocorp/kanana-1.5-8b-instruct-2505,local_window,itemwise,anchored_character_coverage,tier_kind_tlevel,L/identifier/T3,21332,19174,152512,0.526638028933985,0.12270771496284025,0.19903895498017263
0926-04-kanana-8b-local-1438,kakaocorp/kanana-1.5-8b-instruct-2505,local_window,fence_itemwise,exact_with_invalid_item_fp,doc_type,bank_statement,1389,10914,24774,0.11289929285540112,0.05309024194473111,0.07221962252378725
0926-04-kanana-8b-local-1438,kakaocorp/kanana-1.5-8b-instruct-2505,local_window,fence_itemwise,exact_with_invalid_item_fp,doc_type,card_statement,1436,10632,21714,0.11899237653297978,0.06203023758099352,0.08154920779147028
0926-04-kanana-8b-local-1438,kakaocorp/kanana-1.5-8b-instruct-2505,local_window,fence_itemwise,exact_with_invalid_item_fp,doc_type,complaint_case,1309,9571,18396,0.1203125,0.06642984014209591,0.08559751512179173
0926-04-kanana-8b-local-1438,kakaocorp/kanana-1.5-8b-instruct-2505,local_window,fence_itemwise,exact_with_invalid_item_fp,doc_type,cs_transcript,752,5759,17556,0.1154968514821072,0.04107493991697619,0.06059873484024336
0926-04-kanana-8b-local-1438,kakaocorp/kanana-1.5-8b-instruct-2505,local_window,fence_itemwise,exact_with_invalid_item_fp,doc_type,insurance_claim,1452,9561,17042,0.13184418414600926,0.07851194982156375,0.09841732470261294
0926-04-kanana-8b-local-1438,kakaocorp/kanana-1.5-8b-instruct-2505,local_window,fence_itemwise,exact_with_invalid_item_fp,doc_type,internal_memo,1540,13538,22477,0.1021355617455896,0.06412124744972311,0.07878245299910475
0926-04-kanana-8b-local-1438,kakaocorp/kanana-1.5-8b-instruct-2505,local_window,fence_itemwise,exact_with_invalid_item_fp,doc_type,kyc_form,2025,12102,22841,0.14334253557018475,0.08143649963806,0.10386479624547995
0926-04-kanana-8b-local-1438,kakaocorp/kanana-1.5-8b-instruct-2505,local_window,fence_itemwise,exact_with_invalid_item_fp,doc_type,loan_contract,1407,9655,16214,0.1271921894774905,0.07984790874524715,0.09810689258445769
0926-04-kanana-8b-local-1438,kakaocorp/kanana-1.5-8b-instruct-2505,local_window,fence_itemwise,exact_with_invalid_item_fp,doc_type,phishing_report,1281,8296,21377,0.1337579617834395,0.05653632271162503,0.07947882736156352
0926-04-kanana-8b-local-1438,kakaocorp/kanana-1.5-8b-instruct-2505,local_window,fence_itemwise,exact_with_invalid_item_fp,doc_type,securities_trade_report,1376,12259,21839,0.10091675834250091,0.05927202239931079,0.07468113975576662
0926-04-kanana-8b-local-1438,kakaocorp/kanana-1.5-8b-instruct-2505,local_window,fence_itemwise,exact_with_invalid_item_fp,variation_level,T0,4304,25293,54016,0.14542014393350677,0.0737997256515775,0.0979105292491782
0926-04-kanana-8b-local-1438,kakaocorp/kanana-1.5-8b-instruct-2505,local_window,fence_itemwise,exact_with_invalid_item_fp,variation_level,T1,3436,24919,53111,0.12117792276494445,0.060763612570074454,0.08094037831853196
0926-04-kanana-8b-local-1438,kakaocorp/kanana-1.5-8b-instruct-2505,local_window,fence_itemwise,exact_with_invalid_item_fp,variation_level,T2,3652,27031,53712,0.11902356353681191,0.0636636217836971,0.0829556941179143
0926-04-kanana-8b-local-1438,kakaocorp/kanana-1.5-8b-instruct-2505,local_window,fence_itemwise,exact_with_invalid_item_fp,variation_level,T3,2575,25044,43391,0.09323291936710236,0.056019666710177086,0.06998708976014133
0926-04-kanana-8b-local-1438,kakaocorp/kanana-1.5-8b-instruct-2505,local_window,fence_itemwise,exact_with_invalid_item_fp,context_len_bucket,16k,8228,75325,118851,0.09847641616698383,0.06474712580363395,0.07812678035626115
0926-04-kanana-8b-local-1438,kakaocorp/kanana-1.5-8b-instruct-2505,local_window,fence_itemwise,exact_with_invalid_item_fp,context_len_bucket,1k,1894,5513,24751,0.2557040637235048,0.07108275473822481,0.11124163044755081
0926-04-kanana-8b-local-1438,kakaocorp/kanana-1.5-8b-instruct-2505,local_window,fence_itemwise,exact_with_invalid_item_fp,context_len_bucket,4k,3845,21449,60628,0.15201233494109276,0.059637367580227384,0.08566622478193546
0926-04-kanana-8b-local-1438,kakaocorp/kanana-1.5-8b-instruct-2505,local_window,fence_itemwise,exact_with_invalid_item_fp,num_subjects,1,2064,27467,40058,0.06989265517591683,0.04900052229238878,0.05761098628110477
0926-04-kanana-8b-local-1438,kakaocorp/kanana-1.5-8b-instruct-2505,local_window,fence_itemwise,exact_with_invalid_item_fp,num_subjects,3,4637,32289,68672,0.12557547527487406,0.06325280661310344,0.08412936000362861
0926-04-kanana-8b-local-1438,kakaocorp/kanana-1.5-8b-instruct-2505,local_window,fence_itemwise,exact_with_invalid_item_fp,num_subjects,8,7266,42531,95500,0.14591240436170855,0.07070431854893641,0.09525245308495507
0926-04-kanana-8b-local-1438,kakaocorp/kanana-1.5-8b-instruct-2505,local_window,fence_itemwise,exact_with_invalid_item_fp,generator_model,gpt-6-astra,3812,28774,74108,0.11698275332965077,0.04892197125256673,0.0689917289558938
0926-04-kanana-8b-local-1438,kakaocorp/kanana-1.5-8b-instruct-2505,local_window,fence_itemwise,exact_with_invalid_item_fp,generator_model,zai-org/GLM-5.2-FP8,10155,73513,130122,0.12137256776784433,0.0723924805919716,0.09069191096028043
0926-04-kanana-8b-local-1438,kakaocorp/kanana-1.5-8b-instruct-2505,local_window,fence_itemwise,exact_with_invalid_item_fp,category,__unassigned_invalid_item__,0,7244,0,0.0,0.0,0.0
0926-04-kanana-8b-local-1438,kakaocorp/kanana-1.5-8b-instruct-2505,local_window,fence_itemwise,exact_with_invalid_item_fp,category,access_credential,89,796,1841,0.10056497175141244,0.0461139896373057,0.06323268206039076
0926-04-kanana-8b-local-1438,kakaocorp/kanana-1.5-8b-instruct-2505,local_window,fence_itemwise,exact_with_invalid_item_fp,category,address,618,3393,2597,0.15407629020194466,0.19222395023328148,0.17104898975920288
0926-04-kanana-8b-local-1438,kakaocorp/kanana-1.5-8b-instruct-2505,local_window,fence_itemwise,exact_with_invalid_item_fp,category,bank_account_no,1471,6483,15907,0.18493839577571033,0.08464725515018989,0.11613769145744512
0926-04-kanana-8b-local-1438,kakaocorp/kanana-1.5-8b-instruct-2505,local_window,fence_itemwise,exact_with_invalid_item_fp,category,business_reg_no,84,682,528,0.10966057441253264,0.13725490196078433,0.12191582002902758
0926-04-kanana-8b-local-1438,kakaocorp/kanana-1.5-8b-instruct-2505,local_window,fence_itemwise,exact_with_invalid_item_fp,category,card_no,331,1914,2952,0.14743875278396437,0.10082241851964667,0.11975397973950797
0926-04-kanana-8b-local-1438,kakaocorp/kanana-1.5-8b-instruct-2505,local_window,fence_itemwise,exact_with_invalid_item_fp,category,consultation_content,132,5886,33674,0.02193419740777667,0.0039046323137904514,0.006629168340699076
0926-04-kanana-8b-local-1438,kakaocorp/kanana-1.5-8b-instruct-2505,local_window,fence_itemwise,exact_with_invalid_item_fp,category,contract_no,276,1533,4836,0.15257048092868988,0.0539906103286385,0.07975726051148678
0926-04-kanana-8b-local-1438,kakaocorp/kanana-1.5-8b-instruct-2505,local_window,fence_itemwise,exact_with_invalid_item_fp,category,corp_reg_no,34,129,161,0.2085889570552147,0.17435897435897435,0.18994413407821228
0926-04-kanana-8b-local-1438,kakaocorp/kanana-1.5-8b-instruct-2505,local_window,fence_itemwise,exact_with_invalid_item_fp,category,credit_score,98,2496,2458,0.03777949113338473,0.03834115805946792,0.03805825242718447
0926-04-kanana-8b-local-1438,kakaocorp/kanana-1.5-8b-instruct-2505,local_window,fence_itemwise,exact_with_invalid_item_fp,category,credit_transaction,49,5501,11165,0.008828828828828829,0.004369538077403246,0.005845860176568838
0926-04-kanana-8b-local-1438,kakaocorp/kanana-1.5-8b-instruct-2505,local_window,fence_itemwise,exact_with_invalid_item_fp,category,customer_id,985,5149,5949,0.1605803716987284,0.14205364868762618,0.1507499234771962
0926-04-kanana-8b-local-1438,kakaocorp/kanana-1.5-8b-instruct-2505,local_window,fence_itemwise,exact_with_invalid_item_fp,category,delinquency_info,37,2992,2203,0.012215252558600198,0.016517857142857143,0.014044410704118429
0926-04-kanana-8b-local-1438,kakaocorp/kanana-1.5-8b-instruct-2505,local_window,fence_itemwise,exact_with_invalid_item_fp,category,device_network,13,621,1602,0.02050473186119874,0.00804953560371517,0.011560693641618497
0926-04-kanana-8b-local-1438,kakaocorp/kanana-1.5-8b-instruct-2505,local_window,fence_itemwise,exact_with_invalid_item_fp,category,dob_age,182,8587,4192,0.020754932147337212,0.041609510745313216,0.027695351137487636
0926-04-kanana-8b-local-1438,kakaocorp/kanana-1.5-8b-instruct-2505,local_window,fence_itemwise,exact_with_invalid_item_fp,category,driver_license_no,89,353,426,0.20135746606334842,0.17281553398058253,0.18599791013584116
0926-04-kanana-8b-local-1438,kakaocorp/kanana-1.5-8b-instruct-2505,local_window,fence_itemwise,exact_with_invalid_item_fp,category,education,54,719,553,0.06985769728331177,0.08896210873146623,0.0782608695652174
0926-04-kanana-8b-local-1438,kakaocorp/kanana-1.5-8b-instruct-2505,local_window,fence_itemwise,exact_with_invalid_item_fp,category,email,536,1823,2609,0.22721492157693937,0.17042925278219395,0.19476744186046513
0926-04-kanana-8b-local-1438,kakaocorp/kanana-1.5-8b-instruct-2505,local_window,fence_itemwise,exact_with_invalid_item_fp,category,employer_affiliation,86,1182,4272,0.06782334384858044,0.01973382285452042,0.030572342694632066
0926-04-kanana-8b-local-1438,kakaocorp/kanana-1.5-8b-instruct-2505,local_window,fence_itemwise,exact_with_invalid_item_fp,category,family_relation,102,1160,1993,0.08082408874801902,0.0486873508353222,0.06076854334226988
0926-04-kanana-8b-local-1438,kakaocorp/kanana-1.5-8b-instruct-2505,local_window,fence_itemwise,exact_with_invalid_item_fp,category,financial_capacity,242,3031,9496,0.07393828292086771,0.02485109878825221,0.037199292906002615
0926-04-kanana-8b-local-1438,kakaocorp/kanana-1.5-8b-instruct-2505,local_window,fence_itemwise,exact_with_invalid_item_fp,category,foreigner_reg_no,74,337,769,0.18004866180048662,0.08778173190984578,0.11802232854864433
0926-04-kanana-8b-local-1438,kakaocorp/kanana-1.5-8b-instruct-2505,local_window,fence_itemwise,exact_with_invalid_item_fp,category,gender,88,2057,3304,0.041025641025641026,0.025943396226415096,0.031786165793751125
0926-04-kanana-8b-local-1438,kakaocorp/kanana-1.5-8b-instruct-2505,local_window,fence_itemwise,exact_with_invalid_item_fp,category,investment_profile,51,1331,3244,0.03690303907380608,0.015477996965098634,0.021808851828094934
0926-04-kanana-8b-local-1438,kakaocorp/kanana-1.5-8b-instruct-2505,local_window,fence_itemwise,exact_with_invalid_item_fp,category,life_event,21,1820,1570,0.011406844106463879,0.013199245757385292,0.012237762237762238
0926-04-kanana-8b-local-1438,kakaocorp/kanana-1.5-8b-instruct-2505,local_window,fence_itemwise,exact_with_invalid_item_fp,category,location_mention,12,911,2023,0.013001083423618635,0.005896805896805897,0.008113590263691683
0926-04-kanana-8b-local-1438,kakaocorp/kanana-1.5-8b-instruct-2505,local_window,fence_itemwise,exact_with_invalid_item_fp,category,nationality,375,1617,2943,0.18825301204819278,0.11301989150090416,0.14124293785310735
0926-04-kanana-8b-local-1438,kakaocorp/kanana-1.5-8b-instruct-2505,local_window,fence_itemwise,exact_with_invalid_item_fp,category,online_handle,76,580,481,0.11585365853658537,0.13644524236983843,0.12530915086562242
0926-04-kanana-8b-local-1438,kakaocorp/kanana-1.5-8b-instruct-2505,local_window,fence_itemwise,exact_with_invalid_item_fp,category,passport_no,109,355,450,0.2349137931034483,0.19499105545617174,0.2130987292277615
0926-04-kanana-8b-local-1438,kakaocorp/kanana-1.5-8b-instruct-2505,local_window,fence_itemwise,exact_with_invalid_item_fp,category,person_name,4329,12332,34744,0.2598283416361563,0.11079261894402785,0.15534503175799333
0926-04-kanana-8b-local-1438,kakaocorp/kanana-1.5-8b-instruct-2505,local_window,fence_itemwise,exact_with_invalid_item_fp,category,phone_no,1346,5428,6907,0.19870091526424566,0.1630922088937356,0.17914420709389764
0926-04-kanana-8b-local-1438,kakaocorp/kanana-1.5-8b-instruct-2505,local_window,fence_itemwise,exact_with_invalid_item_fp,category,public_record,4,456,789,0.008695652173913044,0.005044136191677175,0.006384676775738229
0926-04-kanana-8b-local-1438,kakaocorp/kanana-1.5-8b-instruct-2505,local_window,fence_itemwise,exact_with_invalid_item_fp,category,rrn,982,3769,5013,0.2066933277204799,0.16380316930775646,0.18276568025311743
0926-04-kanana-8b-local-1438,kakaocorp/kanana-1.5-8b-instruct-2505,local_window,fence_itemwise,exact_with_invalid_item_fp,category,securities_account_no,122,543,3068,0.18345864661654135,0.03824451410658307,0.06329442282749675
0926-04-kanana-8b-local-1438,kakaocorp/kanana-1.5-8b-instruct-2505,local_window,fence_itemwise,exact_with_invalid_item_fp,category,sensitive_info,3,430,1981,0.006928406466512702,0.0015120967741935483,0.0024824162184526274
0926-04-kanana-8b-local-1438,kakaocorp/kanana-1.5-8b-instruct-2505,local_window,fence_itemwise,exact_with_invalid_item_fp,category,service_usage,56,1558,3492,0.03469640644361834,0.015783540022547914,0.02169701666020922
0926-04-kanana-8b-local-1438,kakaocorp/kanana-1.5-8b-instruct-2505,local_window,fence_itemwise,exact_with_invalid_item_fp,category,transaction_record,811,7089,24038,0.10265822784810126,0.032637128254658136,0.04952822986961434
0926-04-kanana-8b-local-1438,kakaocorp/kanana-1.5-8b-instruct-2505,local_window,fence_itemwise,exact_with_invalid_item_fp,tier_kind_tlevel,I/attribute/T0,275,6854,16043,0.038574835180249685,0.01685255546022797,0.02345715869834094
0926-04-kanana-8b-local-1438,kakaocorp/kanana-1.5-8b-instruct-2505,local_window,fence_itemwise,exact_with_invalid_item_fp,tier_kind_tlevel,I/attribute/T1,323,6499,15190,0.04734681911462914,0.020821246696319216,0.028923214685471235
0926-04-kanana-8b-local-1438,kakaocorp/kanana-1.5-8b-instruct-2505,local_window,fence_itemwise,exact_with_invalid_item_fp,tier_kind_tlevel,I/attribute/T2,287,7199,15577,0.03833823136521507,0.018091275844679778,0.024582441113490363
0926-04-kanana-8b-local-1438,kakaocorp/kanana-1.5-8b-instruct-2505,local_window,fence_itemwise,exact_with_invalid_item_fp,tier_kind_tlevel,I/attribute/T3,287,6897,16052,0.03994988864142539,0.01756533447579411,0.024401649449474982
0926-04-kanana-8b-local-1438,kakaocorp/kanana-1.5-8b-instruct-2505,local_window,fence_itemwise,exact_with_invalid_item_fp,tier_kind_tlevel,L/attribute/T0,292,5875,13703,0.0473487919571915,0.020864594498035013,0.028965380418609264
0926-04-kanana-8b-local-1438,kakaocorp/kanana-1.5-8b-instruct-2505,local_window,fence_itemwise,exact_with_invalid_item_fp,tier_kind_tlevel,L/attribute/T1,307,5161,13173,0.05614484272128749,0.022774480712166173,0.032404475406375345
0926-04-kanana-8b-local-1438,kakaocorp/kanana-1.5-8b-instruct-2505,local_window,fence_itemwise,exact_with_invalid_item_fp,tier_kind_tlevel,L/attribute/T2,298,5626,13061,0.050303848750844024,0.02230705891159518,0.03090805372607997
0926-04-kanana-8b-local-1438,kakaocorp/kanana-1.5-8b-instruct-2505,local_window,fence_itemwise,exact_with_invalid_item_fp,tier_kind_tlevel,L/attribute/T3,347,5333,12193,0.06109154929577465,0.02767145135566188,0.03809001097694841
0926-04-kanana-8b-local-1438,kakaocorp/kanana-1.5-8b-instruct-2505,local_window,fence_itemwise,exact_with_invalid_item_fp,tier_kind_tlevel,L/identifier/T0,3737,10786,24270,0.2573159815465124,0.13343092798229014,0.17573477545262167
0926-04-kanana-8b-local-1438,kakaocorp/kanana-1.5-8b-instruct-2505,local_window,fence_itemwise,exact_with_invalid_item_fp,tier_kind_tlevel,L/identifier/T1,2806,11540,24748,0.19559459082671127,0.1018363939899833,0.1339379474940334
0926-04-kanana-8b-local-1438,kakaocorp/kanana-1.5-8b-instruct-2505,local_window,fence_itemwise,exact_with_invalid_item_fp,tier_kind_tlevel,L/identifier/T2,3067,12401,25074,0.1982803206620119,0.10898688745957855,0.14065903827191634
0926-04-kanana-8b-local-1438,kakaocorp/kanana-1.5-8b-instruct-2505,local_window,fence_itemwise,exact_with_invalid_item_fp,tier_kind_tlevel,L/identifier/T3,1941,10872,15146,0.1514867712479513,0.11359513080119389,0.12983277591973244
0926-04-kanana-8b-local-1438,kakaocorp/kanana-1.5-8b-instruct-2505,local_window,fence_itemwise,exact_with_invalid_item_fp,tier_kind_tlevel,unassigned/invalid_item/T0,0,1778,0,0.0,0.0,0.0
0926-04-kanana-8b-local-1438,kakaocorp/kanana-1.5-8b-instruct-2505,local_window,fence_itemwise,exact_with_invalid_item_fp,tier_kind_tlevel,unassigned/invalid_item/T1,0,1719,0,0.0,0.0,0.0
0926-04-kanana-8b-local-1438,kakaocorp/kanana-1.5-8b-instruct-2505,local_window,fence_itemwise,exact_with_invalid_item_fp,tier_kind_tlevel,unassigned/invalid_item/T2,0,1805,0,0.0,0.0,0.0
0926-04-kanana-8b-local-1438,kakaocorp/kanana-1.5-8b-instruct-2505,local_window,fence_itemwise,exact_with_invalid_item_fp,tier_kind_tlevel,unassigned/invalid_item/T3,0,1942,0,0.0,0.0,0.0
0926-04-kanana-8b-local-1438,kakaocorp/kanana-1.5-8b-instruct-2505,local_window,fence_itemwise,anchored_character_coverage,doc_type,bank_statement,42497,23511,1111283,0.6438159011028967,0.0368328450831181,0.06967932132468921
0926-04-kanana-8b-local-1438,kakaocorp/kanana-1.5-8b-instruct-2505,local_window,fence_itemwise,anchored_character_coverage,doc_type,card_statement,37936,21155,756841,0.6419928584725254,0.0477316278654264,0.08885682564518169
0926-04-kanana-8b-local-1438,kakaocorp/kanana-1.5-8b-instruct-2505,local_window,fence_itemwise,anchored_character_coverage,doc_type,complaint_case,25539,16595,691900,0.6061375611145393,0.03559745149064938,0.06724567618912204
0926-04-kanana-8b-local-1438,kakaocorp/kanana-1.5-8b-instruct-2505,local_window,fence_itemwise,anchored_character_coverage,doc_type,cs_transcript,11663,10141,425602,0.5349018528710329,0.02667261271768836,0.05081153377814664
0926-04-kanana-8b-local-1438,kakaocorp/kanana-1.5-8b-instruct-2505,local_window,fence_itemwise,anchored_character_coverage,doc_type,insurance_claim,23380,19816,618371,0.5412538197981295,0.03643157548644256,0.06826805577657834
0926-04-kanana-8b-local-1438,kakaocorp/kanana-1.5-8b-instruct-2505,local_window,fence_itemwise,anchored_character_coverage,doc_type,internal_memo,32441,22763,619500,0.5876566915440911,0.04976063784913052,0.09175204519582264
0926-04-kanana-8b-local-1438,kakaocorp/kanana-1.5-8b-instruct-2505,local_window,fence_itemwise,anchored_character_coverage,doc_type,kyc_form,40116,21597,604180,0.6500413203052842,0.06226330754808349,0.11364161080099545
0926-04-kanana-8b-local-1438,kakaocorp/kanana-1.5-8b-instruct-2505,local_window,fence_itemwise,anchored_character_coverage,doc_type,loan_contract,22374,15117,332800,0.596783227974714,0.06299447594700062,0.11395973667120828
0926-04-kanana-8b-local-1438,kakaocorp/kanana-1.5-8b-instruct-2505,local_window,fence_itemwise,anchored_character_coverage,doc_type,phishing_report,24018,13855,637527,0.6341721014971088,0.03630592023218375,0.06867995962357275
0926-04-kanana-8b-local-1438,kakaocorp/kanana-1.5-8b-instruct-2505,local_window,fence_itemwise,anchored_character_coverage,doc_type,securities_trade_report,38481,21918,771465,0.6371131972383649,0.047510574779059345,0.08842700308498354
0926-04-kanana-8b-local-1438,kakaocorp/kanana-1.5-8b-instruct-2505,local_window,fence_itemwise,anchored_character_coverage,variation_level,T0,78229,49376,1670488,0.6130559147368834,0.044735082920792785,0.08338547434821955
0926-04-kanana-8b-local-1438,kakaocorp/kanana-1.5-8b-instruct-2505,local_window,fence_itemwise,anchored_character_coverage,variation_level,T1,81253,42467,1708317,0.6567491108955706,0.045403644450901615,0.08493537310078451
0926-04-kanana-8b-local-1438,kakaocorp/kanana-1.5-8b-instruct-2505,local_window,fence_itemwise,anchored_character_coverage,variation_level,T2,78862,49822,1728471,0.6128345404246061,0.043634460279317645,0.08146829289205622
0926-04-kanana-8b-local-1438,kakaocorp/kanana-1.5-8b-instruct-2505,local_window,fence_itemwise,anchored_character_coverage,variation_level,T3,60101,44803,1462193,0.5729142835354228,0.03948054712164667,0.07387054310538729
0926-04-kanana-8b-local-1438,kakaocorp/kanana-1.5-8b-instruct-2505,local_window,fence_itemwise,anchored_character_coverage,context_len_bucket,16k,185583,131099,4334625,0.5860232030870084,0.041056296524407725,0.07673649803902921
0926-04-kanana-8b-local-1438,kakaocorp/kanana-1.5-8b-instruct-2505,local_window,fence_itemwise,anchored_character_coverage,context_len_bucket,1k,34123,14815,522405,0.6972700151211737,0.06131407584164678,0.11271648614455643
0926-04-kanana-8b-local-1438,kakaocorp/kanana-1.5-8b-instruct-2505,local_window,fence_itemwise,anchored_character_coverage,context_len_bucket,4k,78739,40554,1712439,0.6600471108950232,0.04395933849120523,0.08242888795485512
0926-04-kanana-8b-local-1438,kakaocorp/kanana-1.5-8b-instruct-2505,local_window,fence_itemwise,anchored_character_coverage,num_subjects,1,55902,66134,1785291,0.458077944213183,0.03036183604869234,0.05694903651076874
0926-04-kanana-8b-local-1438,kakaocorp/kanana-1.5-8b-instruct-2505,local_window,fence_itemwise,anchored_character_coverage,num_subjects,3,92769,61210,2261011,0.6024782600224706,0.03941277434594567,0.07398557835900499
0926-04-kanana-8b-local-1438,kakaocorp/kanana-1.5-8b-instruct-2505,local_window,fence_itemwise,anchored_character_coverage,num_subjects,8,149774,59124,2523167,0.7169719193099025,0.056033410389529734,0.10394335006223457
0926-04-kanana-8b-local-1438,kakaocorp/kanana-1.5-8b-instruct-2505,local_window,fence_itemwise,anchored_character_coverage,generator_model,gpt-6-astra,78474,54900,3194286,0.5883755454586351,0.023977926887397794,0.04607804625419904
0926-04-kanana-8b-local-1438,kakaocorp/kanana-1.5-8b-instruct-2505,local_window,fence_itemwise,anchored_character_coverage,generator_model,zai-org/GLM-5.2-FP8,219971,131568,3375183,0.6257371159387721,0.06118541792646435,0.11147104677257644
0926-04-kanana-8b-local-1438,kakaocorp/kanana-1.5-8b-instruct-2505,local_window,fence_itemwise,anchored_character_coverage,category,access_credential,828,1914,12238,0.30196936542669583,0.06337058013163938,0.10475708502024292
0926-04-kanana-8b-local-1438,kakaocorp/kanana-1.5-8b-instruct-2505,local_window,fence_itemwise,anchored_character_coverage,category,address,14738,7805,54596,0.6537727897795325,0.21256526379554042,0.3208202270426766
0926-04-kanana-8b-local-1438,kakaocorp/kanana-1.5-8b-instruct-2505,local_window,fence_itemwise,anchored_character_coverage,category,bank_account_no,27226,10340,245466,0.7247511047223553,0.09984157951095009,0.17550554699637078
0926-04-kanana-8b-local-1438,kakaocorp/kanana-1.5-8b-instruct-2505,local_window,fence_itemwise,anchored_character_coverage,category,business_reg_no,1195,2128,6522,0.3596148058982847,0.15485292211999482,0.2164855072463768
0926-04-kanana-8b-local-1438,kakaocorp/kanana-1.5-8b-instruct-2505,local_window,fence_itemwise,anchored_character_coverage,category,card_no,6777,4354,55714,0.6088401760848082,0.10844761645676977,0.18410257803373992
0926-04-kanana-8b-local-1438,kakaocorp/kanana-1.5-8b-instruct-2505,local_window,fence_itemwise,anchored_character_coverage,category,consultation_content,26108,30366,2309000,0.4623012359669937,0.011180639182427536,0.02183324677974663
0926-04-kanana-8b-local-1438,kakaocorp/kanana-1.5-8b-instruct-2505,local_window,fence_itemwise,anchored_character_coverage,category,contract_no,3554,3531,55234,0.5016231474947072,0.060454514526774174,0.10790460431436248
0926-04-kanana-8b-local-1438,kakaocorp/kanana-1.5-8b-instruct-2505,local_window,fence_itemwise,anchored_character_coverage,category,corp_reg_no,528,185,2286,0.7405329593267882,0.18763326226012794,0.29940459313864476
0926-04-kanana-8b-local-1438,kakaocorp/kanana-1.5-8b-instruct-2505,local_window,fence_itemwise,anchored_character_coverage,category,credit_score,5997,2738,65225,0.6865483686319405,0.08420151076914437,0.15000562802506348
0926-04-kanana-8b-local-1438,kakaocorp/kanana-1.5-8b-instruct-2505,local_window,fence_itemwise,anchored_character_coverage,category,credit_transaction,7332,15879,532612,0.3158847098358537,0.013579185989658188,0.026039012350063482
0926-04-kanana-8b-local-1438,kakaocorp/kanana-1.5-8b-instruct-2505,local_window,fence_itemwise,anchored_character_coverage,category,customer_id,9879,12931,55324,0.4330995177553705,0.1515114335229974,0.22448956404167567
0926-04-kanana-8b-local-1438,kakaocorp/kanana-1.5-8b-instruct-2505,local_window,fence_itemwise,anchored_character_coverage,category,delinquency_info,3820,6974,84924,0.3539003149898092,0.04304516361669521,0.07675460628101831
0926-04-kanana-8b-local-1438,kakaocorp/kanana-1.5-8b-instruct-2505,local_window,fence_itemwise,anchored_character_coverage,category,device_network,1836,211,56872,0.8969223253541768,0.03127342099884173,0.06043947000246893
0926-04-kanana-8b-local-1438,kakaocorp/kanana-1.5-8b-instruct-2505,local_window,fence_itemwise,anchored_character_coverage,category,dob_age,13681,20244,73606,0.4032719233603537,0.15673582549520548,0.22573672573672574
0926-04-kanana-8b-local-1438,kakaocorp/kanana-1.5-8b-instruct-2505,local_window,fence_itemwise,anchored_character_coverage,category,driver_license_no,1483,441,6529,0.7707900207900208,0.18509735396904642,0.29851046698872785
0926-04-kanana-8b-local-1438,kakaocorp/kanana-1.5-8b-instruct-2505,local_window,fence_itemwise,anchored_character_coverage,category,education,1935,651,14188,0.7482598607888631,0.12001488556720213,0.2068523170666524
0926-04-kanana-8b-local-1438,kakaocorp/kanana-1.5-8b-instruct-2505,local_window,fence_itemwise,anchored_character_coverage,category,email,13794,981,50190,0.9336040609137056,0.21558514628657163,0.35028377709214187
0926-04-kanana-8b-local-1438,kakaocorp/kanana-1.5-8b-instruct-2505,local_window,fence_itemwise,anchored_character_coverage,category,employer_affiliation,2508,1582,68878,0.6132029339853301,0.035132939231782144,0.06645821188192273
0926-04-kanana-8b-local-1438,kakaocorp/kanana-1.5-8b-instruct-2505,local_window,fence_itemwise,anchored_character_coverage,category,family_relation,3139,1859,46318,0.6280512204881953,0.06346927634106396,0.11528785235515564
0926-04-kanana-8b-local-1438,kakaocorp/kanana-1.5-8b-instruct-2505,local_window,fence_itemwise,anchored_character_coverage,category,financial_capacity,9108,3365,245662,0.7302172693016916,0.03574989205950465,0.06816268340050066
0926-04-kanana-8b-local-1438,kakaocorp/kanana-1.5-8b-instruct-2505,local_window,fence_itemwise,anchored_character_coverage,category,foreigner_reg_no,1316,751,10870,0.6366715045960329,0.1079927785983916,0.18466287799059847
0926-04-kanana-8b-local-1438,kakaocorp/kanana-1.5-8b-instruct-2505,local_window,fence_itemwise,anchored_character_coverage,category,gender,2047,283,21694,0.8785407725321889,0.08622214734004464,0.157032718346055
0926-04-kanana-8b-local-1438,kakaocorp/kanana-1.5-8b-instruct-2505,local_window,fence_itemwise,anchored_character_coverage,category,investment_profile,3308,623,134906,0.8415161536504706,0.023933899604960424,0.04654402194941785
0926-04-kanana-8b-local-1438,kakaocorp/kanana-1.5-8b-instruct-2505,local_window,fence_itemwise,anchored_character_coverage,category,life_event,1702,3193,55706,0.3477017364657814,0.029647435897435896,0.05463621334446175
0926-04-kanana-8b-local-1438,kakaocorp/kanana-1.5-8b-instruct-2505,local_window,fence_itemwise,anchored_character_coverage,category,location_mention,817,1292,39401,0.38738738738738737,0.020314287135113632,0.03860420062844048
0926-04-kanana-8b-local-1438,kakaocorp/kanana-1.5-8b-instruct-2505,local_window,fence_itemwise,anchored_character_coverage,category,nationality,4144,375,26374,0.9170170391679575,0.13578871485680583,0.2365499329280475
0926-04-kanana-8b-local-1438,kakaocorp/kanana-1.5-8b-instruct-2505,local_window,fence_itemwise,anchored_character_coverage,category,online_handle,788,1634,4814,0.32535094962840627,0.14066404855408782,0.19641076769690927
0926-04-kanana-8b-local-1438,kakaocorp/kanana-1.5-8b-instruct-2505,local_window,fence_itemwise,anchored_character_coverage,category,passport_no,1066,490,4204,0.6850899742930592,0.20227703984819734,0.31233518898329915
0926-04-kanana-8b-local-1438,kakaocorp/kanana-1.5-8b-instruct-2505,local_window,fence_itemwise,anchored_character_coverage,category,person_name,21047,9725,144911,0.6839659430651241,0.1268212439291869,0.21396838306308139
0926-04-kanana-8b-local-1438,kakaocorp/kanana-1.5-8b-instruct-2505,local_window,fence_itemwise,anchored_character_coverage,category,phone_no,19626,5925,93950,0.7681108371492309,0.1728005916742974,0.2821307151020291
0926-04-kanana-8b-local-1438,kakaocorp/kanana-1.5-8b-instruct-2505,local_window,fence_itemwise,anchored_character_coverage,category,public_record,507,407,36579,0.5547045951859956,0.013670927034460443,0.02668421052631579
0926-04-kanana-8b-local-1438,kakaocorp/kanana-1.5-8b-instruct-2505,local_window,fence_itemwise,anchored_character_coverage,category,rrn,15031,7654,71700,0.662596429358607,0.17330596903068107,0.2747495795861666
0926-04-kanana-8b-local-1438,kakaocorp/kanana-1.5-8b-instruct-2505,local_window,fence_itemwise,anchored_character_coverage,category,securities_account_no,1497,912,34540,0.6214196762141968,0.04154063878791242,0.07787546168652136
0926-04-kanana-8b-local-1438,kakaocorp/kanana-1.5-8b-instruct-2505,local_window,fence_itemwise,anchored_character_coverage,category,sensitive_info,290,496,129172,0.36895674300254455,0.0022400395482844388,0.004453043424851053
0926-04-kanana-8b-local-1438,kakaocorp/kanana-1.5-8b-instruct-2505,local_window,fence_itemwise,anchored_character_coverage,category,service_usage,5080,3175,165304,0.6153846153846154,0.029815006103859516,0.056874478697260956
0926-04-kanana-8b-local-1438,kakaocorp/kanana-1.5-8b-instruct-2505,local_window,fence_itemwise,anchored_character_coverage,category,transaction_record,64713,21054,1553960,0.7545209696036937,0.0399790445630464,0.07593461782168924
0926-04-kanana-8b-local-1438,kakaocorp/kanana-1.5-8b-instruct-2505,local_window,fence_itemwise,anchored_character_coverage,tier_kind_tlevel,I/attribute/T0,14042,17366,758375,0.44708354559347935,0.018179299523443944,0.034937952912636454
0926-04-kanana-8b-local-1438,kakaocorp/kanana-1.5-8b-instruct-2505,local_window,fence_itemwise,anchored_character_coverage,tier_kind_tlevel,I/attribute/T1,18509,15881,748259,0.5382087816225647,0.024138983369154685,0.04620561736885858
0926-04-kanana-8b-local-1438,kakaocorp/kanana-1.5-8b-instruct-2505,local_window,fence_itemwise,anchored_character_coverage,tier_kind_tlevel,I/attribute/T2,17615,16137,772184,0.521894998814885,0.022303142951561092,0.042778164315264024
0926-04-kanana-8b-local-1438,kakaocorp/kanana-1.5-8b-instruct-2505,local_window,fence_itemwise,anchored_character_coverage,tier_kind_tlevel,I/attribute/T3,16139,14470,733429,0.5272632232349962,0.02153106856215847,0.0413726628700923
0926-04-kanana-8b-local-1438,kakaocorp/kanana-1.5-8b-instruct-2505,local_window,fence_itemwise,anchored_character_coverage,tier_kind_tlevel,L/attribute/T0,23311,13110,682517,0.6400428324318388,0.03302645970406388,0.06281180574173896
0926-04-kanana-8b-local-1438,kakaocorp/kanana-1.5-8b-instruct-2505,local_window,fence_itemwise,anchored_character_coverage,tier_kind_tlevel,L/attribute/T1,23673,11897,697778,0.6655327523193703,0.03281303927778879,0.06254251863554644
0926-04-kanana-8b-local-1438,kakaocorp/kanana-1.5-8b-instruct-2505,local_window,fence_itemwise,anchored_character_coverage,tier_kind_tlevel,L/attribute/T2,22153,14747,691587,0.6003523035230353,0.031037912965505645,0.05902429926462752
0926-04-kanana-8b-local-1438,kakaocorp/kanana-1.5-8b-instruct-2505,local_window,fence_itemwise,anchored_character_coverage,tier_kind_tlevel,L/attribute/T3,22630,11159,576252,0.6697445914350825,0.03778707658603865,0.07153797155235501
0926-04-kanana-8b-local-1438,kakaocorp/kanana-1.5-8b-instruct-2505,local_window,fence_itemwise,anchored_character_coverage,tier_kind_tlevel,L/identifier/T0,40876,18900,229596,0.6838195931477516,0.15112839776390902,0.24754729778832876
0926-04-kanana-8b-local-1438,kakaocorp/kanana-1.5-8b-instruct-2505,local_window,fence_itemwise,anchored_character_coverage,tier_kind_tlevel,L/identifier/T1,39071,14689,262280,0.7267671130952381,0.12965279690460627,0.22004950564752992
0926-04-kanana-8b-local-1438,kakaocorp/kanana-1.5-8b-instruct-2505,local_window,fence_itemwise,anchored_character_coverage,tier_kind_tlevel,L/identifier/T2,39094,18938,264700,0.6736628067273228,0.1286858858305299,0.2160928180948854
0926-04-kanana-8b-local-1438,kakaocorp/kanana-1.5-8b-instruct-2505,local_window,fence_itemwise,anchored_character_coverage,tier_kind_tlevel,L/identifier/T3,21332,19174,152512,0.526638028933985,0.12270771496284025,0.19903895498017263
