analysis_id,model,condition,stage,metric,axis,group,tp,fp,fn,precision,recall,f1
0925-01-kanana-3b-full,kakaocorp/kanana-2-3b-instruct,full_context_targeted,strict,exact_with_invalid_item_fp,doc_type,bank_statement,76,128,26087,0.37254901960784315,0.002904865649963689,0.0057647817347441874
0925-01-kanana-3b-full,kakaocorp/kanana-2-3b-instruct,full_context_targeted,strict,exact_with_invalid_item_fp,doc_type,card_statement,108,72,23042,0.6,0.004665226781857452,0.009258465495070724
0925-01-kanana-3b-full,kakaocorp/kanana-2-3b-instruct,full_context_targeted,strict,exact_with_invalid_item_fp,doc_type,complaint_case,149,100,19556,0.5983935742971888,0.007561532605937579,0.014934349002706224
0925-01-kanana-3b-full,kakaocorp/kanana-2-3b-instruct,full_context_targeted,strict,exact_with_invalid_item_fp,doc_type,cs_transcript,27,61,18281,0.3068181818181818,0.001474765129997815,0.0029354207436399216
0925-01-kanana-3b-full,kakaocorp/kanana-2-3b-instruct,full_context_targeted,strict,exact_with_invalid_item_fp,doc_type,insurance_claim,117,110,18377,0.5154185022026432,0.006326376121985509,0.012499332300624966
0925-01-kanana-3b-full,kakaocorp/kanana-2-3b-instruct,full_context_targeted,strict,exact_with_invalid_item_fp,doc_type,internal_memo,115,150,23902,0.4339622641509434,0.004788274971894908,0.00947203689976114
0925-01-kanana-3b-full,kakaocorp/kanana-2-3b-instruct,full_context_targeted,strict,exact_with_invalid_item_fp,doc_type,kyc_form,171,83,24831,0.6732283464566929,0.006839452843772498,0.01354133671206842
0925-01-kanana-3b-full,kakaocorp/kanana-2-3b-instruct,full_context_targeted,strict,exact_with_invalid_item_fp,doc_type,loan_contract,189,57,17763,0.7682926829268293,0.010528074866310161,0.020771513353115726
0925-01-kanana-3b-full,kakaocorp/kanana-2-3b-instruct,full_context_targeted,strict,exact_with_invalid_item_fp,doc_type,phishing_report,61,54,22597,0.5304347826086957,0.002692205843410716,0.005357221270803144
0925-01-kanana-3b-full,kakaocorp/kanana-2-3b-instruct,full_context_targeted,strict,exact_with_invalid_item_fp,doc_type,securities_trade_report,116,115,23099,0.5021645021645021,0.004996769330174456,0.009895078051693252
0925-01-kanana-3b-full,kakaocorp/kanana-2-3b-instruct,full_context_targeted,strict,exact_with_invalid_item_fp,variation_level,T0,538,167,57782,0.7631205673758865,0.009224965706447187,0.018229563744176197
0925-01-kanana-3b-full,kakaocorp/kanana-2-3b-instruct,full_context_targeted,strict,exact_with_invalid_item_fp,variation_level,T1,138,375,56876,0.26900584795321636,0.0024204581330901183,0.004797747144818954
0925-01-kanana-3b-full,kakaocorp/kanana-2-3b-instruct,full_context_targeted,strict,exact_with_invalid_item_fp,variation_level,T2,212,179,57152,0.5421994884910486,0.0036956976500941356,0.0073413557267769025
0925-01-kanana-3b-full,kakaocorp/kanana-2-3b-instruct,full_context_targeted,strict,exact_with_invalid_item_fp,variation_level,T3,241,209,45725,0.5355555555555556,0.0052430056998651175,0.010384350224060668
0925-01-kanana-3b-full,kakaocorp/kanana-2-3b-instruct,full_context_targeted,strict,exact_with_invalid_item_fp,context_len_bucket,16k,550,497,126996,0.5253104106972302,0.004312169727000455,0.008554120364249998
0925-01-kanana-3b-full,kakaocorp/kanana-2-3b-instruct,full_context_targeted,strict,exact_with_invalid_item_fp,context_len_bucket,1k,311,206,26334,0.6015473887814313,0.011671983486582849,0.02289963920182608
0925-01-kanana-3b-full,kakaocorp/kanana-2-3b-instruct,full_context_targeted,strict,exact_with_invalid_item_fp,context_len_bucket,4k,268,227,64205,0.5414141414141415,0.004156778806632234,0.008250215490703115
0925-01-kanana-3b-full,kakaocorp/kanana-2-3b-instruct,full_context_targeted,strict,exact_with_invalid_item_fp,num_subjects,1,351,243,41907,0.5909090909090909,0.008306119551327559,0.01638196583590031
0925-01-kanana-3b-full,kakaocorp/kanana-2-3b-instruct,full_context_targeted,strict,exact_with_invalid_item_fp,num_subjects,3,351,324,72958,0.52,0.004787952366012358,0.009488538062283737
0925-01-kanana-3b-full,kakaocorp/kanana-2-3b-instruct,full_context_targeted,strict,exact_with_invalid_item_fp,num_subjects,8,427,363,102670,0.540506329113924,0.004141730603218328,0.008220470318711677
0925-01-kanana-3b-full,kakaocorp/kanana-2-3b-instruct,full_context_targeted,strict,exact_with_invalid_item_fp,generator_model,gpt-6-astra,402,348,77849,0.536,0.005137314539111321,0.010177086365995368
0925-01-kanana-3b-full,kakaocorp/kanana-2-3b-instruct,full_context_targeted,strict,exact_with_invalid_item_fp,generator_model,zai-org/GLM-5.2-FP8,727,582,139686,0.5553857906799083,0.005177583272204141,0.010259522163108057
0925-01-kanana-3b-full,kakaocorp/kanana-2-3b-instruct,full_context_targeted,strict,exact_with_invalid_item_fp,category,access_credential,0,2,1933,0.0,0.0,0.0
0925-01-kanana-3b-full,kakaocorp/kanana-2-3b-instruct,full_context_targeted,strict,exact_with_invalid_item_fp,category,address,105,54,3135,0.660377358490566,0.032407407407407406,0.0617828773168579
0925-01-kanana-3b-full,kakaocorp/kanana-2-3b-instruct,full_context_targeted,strict,exact_with_invalid_item_fp,category,bank_account_no,44,45,17361,0.4943820224719101,0.002528009192760701,0.005030296101520521
0925-01-kanana-3b-full,kakaocorp/kanana-2-3b-instruct,full_context_targeted,strict,exact_with_invalid_item_fp,category,business_reg_no,3,11,609,0.21428571428571427,0.004901960784313725,0.009584664536741214
0925-01-kanana-3b-full,kakaocorp/kanana-2-3b-instruct,full_context_targeted,strict,exact_with_invalid_item_fp,category,card_no,14,1,3270,0.9333333333333333,0.004263093788063338,0.008487420430433464
0925-01-kanana-3b-full,kakaocorp/kanana-2-3b-instruct,full_context_targeted,strict,exact_with_invalid_item_fp,category,consultation_content,2,4,33868,0.3333333333333333,5.9049306170652494e-05,0.0001180776951233912
0925-01-kanana-3b-full,kakaocorp/kanana-2-3b-instruct,full_context_targeted,strict,exact_with_invalid_item_fp,category,contract_no,1,2,5155,0.3333333333333333,0.0001939487975174554,0.0003876720294630742
0925-01-kanana-3b-full,kakaocorp/kanana-2-3b-instruct,full_context_targeted,strict,exact_with_invalid_item_fp,category,corp_reg_no,0,3,195,0.0,0.0,0.0
0925-01-kanana-3b-full,kakaocorp/kanana-2-3b-instruct,full_context_targeted,strict,exact_with_invalid_item_fp,category,credit_score,1,2,2558,0.3333333333333333,0.00039077764751856197,0.00078064012490242
0925-01-kanana-3b-full,kakaocorp/kanana-2-3b-instruct,full_context_targeted,strict,exact_with_invalid_item_fp,category,credit_transaction,0,3,11273,0.0,0.0,0.0
0925-01-kanana-3b-full,kakaocorp/kanana-2-3b-instruct,full_context_targeted,strict,exact_with_invalid_item_fp,category,customer_id,50,7,6893,0.8771929824561403,0.007201497911565605,0.014285714285714285
0925-01-kanana-3b-full,kakaocorp/kanana-2-3b-instruct,full_context_targeted,strict,exact_with_invalid_item_fp,category,delinquency_info,0,1,2243,0.0,0.0,0.0
0925-01-kanana-3b-full,kakaocorp/kanana-2-3b-instruct,full_context_targeted,strict,exact_with_invalid_item_fp,category,device_network,0,1,1620,0.0,0.0,0.0
0925-01-kanana-3b-full,kakaocorp/kanana-2-3b-instruct,full_context_targeted,strict,exact_with_invalid_item_fp,category,dob_age,3,71,4380,0.04054054054054054,0.0006844626967830253,0.0013461969934933811
0925-01-kanana-3b-full,kakaocorp/kanana-2-3b-instruct,full_context_targeted,strict,exact_with_invalid_item_fp,category,driver_license_no,8,2,508,0.8,0.015503875968992248,0.030418250950570342
0925-01-kanana-3b-full,kakaocorp/kanana-2-3b-instruct,full_context_targeted,strict,exact_with_invalid_item_fp,category,education,2,1,605,0.6666666666666666,0.0032948929159802307,0.006557377049180328
0925-01-kanana-3b-full,kakaocorp/kanana-2-3b-instruct,full_context_targeted,strict,exact_with_invalid_item_fp,category,email,57,25,3109,0.6951219512195121,0.018003790271636132,0.035098522167487683
0925-01-kanana-3b-full,kakaocorp/kanana-2-3b-instruct,full_context_targeted,strict,exact_with_invalid_item_fp,category,employer_affiliation,1,2,4361,0.3333333333333333,0.00022925263640531865,0.0004581901489117984
0925-01-kanana-3b-full,kakaocorp/kanana-2-3b-instruct,full_context_targeted,strict,exact_with_invalid_item_fp,category,family_relation,3,3,2097,0.5,0.0014285714285714286,0.002849002849002849
0925-01-kanana-3b-full,kakaocorp/kanana-2-3b-instruct,full_context_targeted,strict,exact_with_invalid_item_fp,category,financial_capacity,3,2,9784,0.6,0.0003065290691733933,0.0006127450980392157
0925-01-kanana-3b-full,kakaocorp/kanana-2-3b-instruct,full_context_targeted,strict,exact_with_invalid_item_fp,category,foreigner_reg_no,3,12,841,0.2,0.0035545023696682463,0.006984866123399301
0925-01-kanana-3b-full,kakaocorp/kanana-2-3b-instruct,full_context_targeted,strict,exact_with_invalid_item_fp,category,gender,4,53,3389,0.07017543859649122,0.0011788977306218685,0.002318840579710145
0925-01-kanana-3b-full,kakaocorp/kanana-2-3b-instruct,full_context_targeted,strict,exact_with_invalid_item_fp,category,investment_profile,3,3,3297,0.5,0.0009090909090909091,0.0018148820326678765
0925-01-kanana-3b-full,kakaocorp/kanana-2-3b-instruct,full_context_targeted,strict,exact_with_invalid_item_fp,category,life_event,1,3,1592,0.25,0.0006277463904582549,0.0012523481527864746
0925-01-kanana-3b-full,kakaocorp/kanana-2-3b-instruct,full_context_targeted,strict,exact_with_invalid_item_fp,category,location_mention,0,6,2036,0.0,0.0,0.0
0925-01-kanana-3b-full,kakaocorp/kanana-2-3b-instruct,full_context_targeted,strict,exact_with_invalid_item_fp,category,nationality,21,40,3299,0.3442622950819672,0.006325301204819277,0.012422360248447204
0925-01-kanana-3b-full,kakaocorp/kanana-2-3b-instruct,full_context_targeted,strict,exact_with_invalid_item_fp,category,online_handle,3,5,555,0.375,0.005376344086021506,0.01060070671378092
0925-01-kanana-3b-full,kakaocorp/kanana-2-3b-instruct,full_context_targeted,strict,exact_with_invalid_item_fp,category,passport_no,21,18,539,0.5384615384615384,0.0375,0.07011686143572621
0925-01-kanana-3b-full,kakaocorp/kanana-2-3b-instruct,full_context_targeted,strict,exact_with_invalid_item_fp,category,person_name,447,405,38690,0.5246478873239436,0.011421417073357693,0.022356147940683687
0925-01-kanana-3b-full,kakaocorp/kanana-2-3b-instruct,full_context_targeted,strict,exact_with_invalid_item_fp,category,phone_no,185,43,8081,0.8114035087719298,0.022380837164287442,0.043560160113020954
0925-01-kanana-3b-full,kakaocorp/kanana-2-3b-instruct,full_context_targeted,strict,exact_with_invalid_item_fp,category,public_record,0,2,796,0.0,0.0,0.0
0925-01-kanana-3b-full,kakaocorp/kanana-2-3b-instruct,full_context_targeted,strict,exact_with_invalid_item_fp,category,rrn,143,69,5862,0.6745283018867925,0.023813488759367195,0.04600289528711597
0925-01-kanana-3b-full,kakaocorp/kanana-2-3b-instruct,full_context_targeted,strict,exact_with_invalid_item_fp,category,securities_account_no,0,1,3191,0.0,0.0,0.0
0925-01-kanana-3b-full,kakaocorp/kanana-2-3b-instruct,full_context_targeted,strict,exact_with_invalid_item_fp,category,sensitive_info,0,9,1990,0.0,0.0,0.0
0925-01-kanana-3b-full,kakaocorp/kanana-2-3b-instruct,full_context_targeted,strict,exact_with_invalid_item_fp,category,service_usage,0,2,3563,0.0,0.0,0.0
0925-01-kanana-3b-full,kakaocorp/kanana-2-3b-instruct,full_context_targeted,strict,exact_with_invalid_item_fp,category,transaction_record,1,17,24857,0.05555555555555555,4.022849786788961e-05,8.039877793857533e-05
0925-01-kanana-3b-full,kakaocorp/kanana-2-3b-instruct,full_context_targeted,strict,exact_with_invalid_item_fp,tier_kind_tlevel,I/attribute/T0,15,51,16303,0.22727272727272727,0.0009192302978306164,0.0018310546875
0925-01-kanana-3b-full,kakaocorp/kanana-2-3b-instruct,full_context_targeted,strict,exact_with_invalid_item_fp,tier_kind_tlevel,I/attribute/T1,2,32,15624,0.058823529411764705,0.00012799180852425445,0.0002554278416347382
0925-01-kanana-3b-full,kakaocorp/kanana-2-3b-instruct,full_context_targeted,strict,exact_with_invalid_item_fp,tier_kind_tlevel,I/attribute/T2,10,49,15854,0.1694915254237288,0.0006303580433686334,0.0012560447151918608
0925-01-kanana-3b-full,kakaocorp/kanana-2-3b-instruct,full_context_targeted,strict,exact_with_invalid_item_fp,tier_kind_tlevel,I/attribute/T3,13,57,16326,0.18571428571428572,0.0007956423281718588,0.001584496312998964
0925-01-kanana-3b-full,kakaocorp/kanana-2-3b-instruct,full_context_targeted,strict,exact_with_invalid_item_fp,tier_kind_tlevel,L/attribute/T0,3,9,13992,0.25,0.00021436227224008573,0.00042835724994645533
0925-01-kanana-3b-full,kakaocorp/kanana-2-3b-instruct,full_context_targeted,strict,exact_with_invalid_item_fp,tier_kind_tlevel,L/attribute/T1,0,8,13612,0.0,0.0,0.0
0925-01-kanana-3b-full,kakaocorp/kanana-2-3b-instruct,full_context_targeted,strict,exact_with_invalid_item_fp,tier_kind_tlevel,L/attribute/T2,2,5,13357,0.2857142857142857,0.00014971180477580656,0.0002992667963489451
0925-01-kanana-3b-full,kakaocorp/kanana-2-3b-instruct,full_context_targeted,strict,exact_with_invalid_item_fp,tier_kind_tlevel,L/attribute/T3,0,14,12540,0.0,0.0,0.0
0925-01-kanana-3b-full,kakaocorp/kanana-2-3b-instruct,full_context_targeted,strict,exact_with_invalid_item_fp,tier_kind_tlevel,L/identifier/T0,520,107,27487,0.8293460925039873,0.018566786874709893,0.036320458196549554
0925-01-kanana-3b-full,kakaocorp/kanana-2-3b-instruct,full_context_targeted,strict,exact_with_invalid_item_fp,tier_kind_tlevel,L/identifier/T1,136,335,27640,0.28874734607218683,0.004896313364055299,0.009629341168973696
0925-01-kanana-3b-full,kakaocorp/kanana-2-3b-instruct,full_context_targeted,strict,exact_with_invalid_item_fp,tier_kind_tlevel,L/identifier/T2,200,125,27941,0.6153846153846154,0.00710706797910522,0.014051851331412913
0925-01-kanana-3b-full,kakaocorp/kanana-2-3b-instruct,full_context_targeted,strict,exact_with_invalid_item_fp,tier_kind_tlevel,L/identifier/T3,228,138,16859,0.6229508196721312,0.013343477497512728,0.02612731335587005
0925-01-kanana-3b-full,kakaocorp/kanana-2-3b-instruct,full_context_targeted,strict,anchored_character_coverage,doc_type,bank_statement,1094,333,1152686,0.7666433076384023,0.000948187696094576,0.0018940328443300637
0925-01-kanana-3b-full,kakaocorp/kanana-2-3b-instruct,full_context_targeted,strict,anchored_character_coverage,doc_type,card_statement,1494,465,793283,0.7626339969372129,0.0018797725651346227,0.003750301229014379
0925-01-kanana-3b-full,kakaocorp/kanana-2-3b-instruct,full_context_targeted,strict,anchored_character_coverage,doc_type,complaint_case,2158,621,715281,0.7765383231378193,0.0030079212309339193,0.0059926300092472
0925-01-kanana-3b-full,kakaocorp/kanana-2-3b-instruct,full_context_targeted,strict,anchored_character_coverage,doc_type,cs_transcript,680,241,436585,0.738327904451683,0.001555121036442432,0.0031037048194145866
0925-01-kanana-3b-full,kakaocorp/kanana-2-3b-instruct,full_context_targeted,strict,anchored_character_coverage,doc_type,insurance_claim,1614,389,640137,0.8057913130304544,0.0025149941332385925,0.005014337774988583
0925-01-kanana-3b-full,kakaocorp/kanana-2-3b-instruct,full_context_targeted,strict,anchored_character_coverage,doc_type,internal_memo,1263,884,650678,0.5882626921285514,0.0019372918715037097,0.0038618656816819755
0925-01-kanana-3b-full,kakaocorp/kanana-2-3b-instruct,full_context_targeted,strict,anchored_character_coverage,doc_type,kyc_form,2483,539,645730,0.8216412971542025,0.0038305310137254265,0.0076255115280966165
0925-01-kanana-3b-full,kakaocorp/kanana-2-3b-instruct,full_context_targeted,strict,anchored_character_coverage,doc_type,loan_contract,2136,469,363010,0.819961612284069,0.005849714908557125,0.011616555767353454
0925-01-kanana-3b-full,kakaocorp/kanana-2-3b-instruct,full_context_targeted,strict,anchored_character_coverage,doc_type,phishing_report,716,376,660829,0.6556776556776557,0.0010823148840970757,0.0021610625425383732
0925-01-kanana-3b-full,kakaocorp/kanana-2-3b-instruct,full_context_targeted,strict,anchored_character_coverage,doc_type,securities_trade_report,1563,497,808383,0.7587378640776699,0.0019297582801816417,0.0038497252483356034
0925-01-kanana-3b-full,kakaocorp/kanana-2-3b-instruct,full_context_targeted,strict,anchored_character_coverage,variation_level,T0,5757,1457,1742960,0.7980316052120876,0.0032921278857585305,0.006557205266038358
0925-01-kanana-3b-full,kakaocorp/kanana-2-3b-instruct,full_context_targeted,strict,anchored_character_coverage,variation_level,T1,3374,1092,1800085,0.7554858934169278,0.0018708492957145132,0.003732455715806795
0925-01-kanana-3b-full,kakaocorp/kanana-2-3b-instruct,full_context_targeted,strict,anchored_character_coverage,variation_level,T2,3077,1085,1804256,0.7393080249879865,0.0017025086135205854,0.0033971940303451015
0925-01-kanana-3b-full,kakaocorp/kanana-2-3b-instruct,full_context_targeted,strict,anchored_character_coverage,variation_level,T3,2993,1180,1519301,0.7172298106877546,0.001966111670938728,0.003921473572635373
0925-01-kanana-3b-full,kakaocorp/kanana-2-3b-instruct,full_context_targeted,strict,anchored_character_coverage,context_len_bucket,16k,7418,2290,4526679,0.7641120725175113,0.0016360479275145635,0.0032651049065705946
0925-01-kanana-3b-full,kakaocorp/kanana-2-3b-instruct,full_context_targeted,strict,anchored_character_coverage,context_len_bucket,1k,3927,1111,552601,0.7794759825327511,0.00705624874220165,0.013985889459119676
0925-01-kanana-3b-full,kakaocorp/kanana-2-3b-instruct,full_context_targeted,strict,anchored_character_coverage,context_len_bucket,4k,3856,1413,1787322,0.7318276712848738,0.002152773202886592,0.004292918187956561
0925-01-kanana-3b-full,kakaocorp/kanana-2-3b-instruct,full_context_targeted,strict,anchored_character_coverage,num_subjects,1,5655,860,1839455,0.8679969301611665,0.0030648579217499227,0.006108148248160399
0925-01-kanana-3b-full,kakaocorp/kanana-2-3b-instruct,full_context_targeted,strict,anchored_character_coverage,num_subjects,3,4609,1859,2349171,0.7125850340136054,0.001958126927750257,0.003905521792625182
0925-01-kanana-3b-full,kakaocorp/kanana-2-3b-instruct,full_context_targeted,strict,anchored_character_coverage,num_subjects,8,4937,2095,2677976,0.7020762229806599,0.0018401640306636854,0.003670707021890782
0925-01-kanana-3b-full,kakaocorp/kanana-2-3b-instruct,full_context_targeted,strict,anchored_character_coverage,generator_model,gpt-6-astra,5185,2127,3277547,0.7091083150984683,0.0015794770940789561,0.0031519335303722383
0925-01-kanana-3b-full,kakaocorp/kanana-2-3b-instruct,full_context_targeted,strict,anchored_character_coverage,generator_model,zai-org/GLM-5.2-FP8,10016,2687,3589055,0.7884751633472408,0.002782940375446886,0.00554630494599053
0925-01-kanana-3b-full,kakaocorp/kanana-2-3b-instruct,full_context_targeted,strict,anchored_character_coverage,category,access_credential,0,5,13088,0.0,0.0,0.0
0925-01-kanana-3b-full,kakaocorp/kanana-2-3b-instruct,full_context_targeted,strict,anchored_character_coverage,category,address,2460,527,67362,0.8235687981252092,0.03523244822548767,0.06757406364597783
0925-01-kanana-3b-full,kakaocorp/kanana-2-3b-instruct,full_context_targeted,strict,anchored_character_coverage,category,bank_account_no,922,363,272144,0.7175097276264591,0.0033764730870924978,0.006721316853228164
0925-01-kanana-3b-full,kakaocorp/kanana-2-3b-instruct,full_context_targeted,strict,anchored_character_coverage,category,business_reg_no,40,113,7677,0.26143790849673204,0.005183361409874304,0.010165184243964422
0925-01-kanana-3b-full,kakaocorp/kanana-2-3b-instruct,full_context_targeted,strict,anchored_character_coverage,category,card_no,262,2,62250,0.9924242424242424,0.004191195290504223,0.008347139034025742
0925-01-kanana-3b-full,kakaocorp/kanana-2-3b-instruct,full_context_targeted,strict,anchored_character_coverage,category,consultation_content,70,58,2339342,0.546875,2.9922048788328008e-05,5.984082340973012e-05
0925-01-kanana-3b-full,kakaocorp/kanana-2-3b-instruct,full_context_targeted,strict,anchored_character_coverage,category,contract_no,21,7,59250,0.75,0.00035430480336083413,0.0007082750130693603
0925-01-kanana-3b-full,kakaocorp/kanana-2-3b-instruct,full_context_targeted,strict,anchored_character_coverage,category,corp_reg_no,0,27,2814,0.0,0.0,0.0
0925-01-kanana-3b-full,kakaocorp/kanana-2-3b-instruct,full_context_targeted,strict,anchored_character_coverage,category,credit_score,43,14,71240,0.7543859649122807,0.0006032293814794552,0.0012054948135688253
0925-01-kanana-3b-full,kakaocorp/kanana-2-3b-instruct,full_context_targeted,strict,anchored_character_coverage,category,credit_transaction,8,16,543424,0.3333333333333333,1.472125307306158e-05,2.9441205911794148e-05
0925-01-kanana-3b-full,kakaocorp/kanana-2-3b-instruct,full_context_targeted,strict,anchored_character_coverage,category,customer_id,486,28,64797,0.9455252918287937,0.007444510822112955,0.014772710001975773
0925-01-kanana-3b-full,kakaocorp/kanana-2-3b-instruct,full_context_targeted,strict,anchored_character_coverage,category,delinquency_info,0,2,88834,0.0,0.0,0.0
0925-01-kanana-3b-full,kakaocorp/kanana-2-3b-instruct,full_context_targeted,strict,anchored_character_coverage,category,device_network,0,2,58881,0.0,0.0,0.0
0925-01-kanana-3b-full,kakaocorp/kanana-2-3b-instruct,full_context_targeted,strict,anchored_character_coverage,category,dob_age,853,28,86606,0.9682179341657208,0.009753141472004024,0.019311750056599502
0925-01-kanana-3b-full,kakaocorp/kanana-2-3b-instruct,full_context_targeted,strict,anchored_character_coverage,category,driver_license_no,126,16,7901,0.8873239436619719,0.01569702254889747,0.030848329048843187
0925-01-kanana-3b-full,kakaocorp/kanana-2-3b-instruct,full_context_targeted,strict,anchored_character_coverage,category,education,44,2,16079,0.9565217391304348,0.002729020653724493,0.0054425134516667695
0925-01-kanana-3b-full,kakaocorp/kanana-2-3b-instruct,full_context_targeted,strict,anchored_character_coverage,category,email,1418,250,63016,0.8501199040767387,0.022007014930005897,0.042903391727935614
0925-01-kanana-3b-full,kakaocorp/kanana-2-3b-instruct,full_context_targeted,strict,anchored_character_coverage,category,employer_affiliation,12,13,71445,0.48,0.0001679331626012847,0.0003357488598528301
0925-01-kanana-3b-full,kakaocorp/kanana-2-3b-instruct,full_context_targeted,strict,anchored_character_coverage,category,family_relation,66,2,49532,0.9705882352941176,0.001330698818500746,0.0026577537953529577
0925-01-kanana-3b-full,kakaocorp/kanana-2-3b-instruct,full_context_targeted,strict,anchored_character_coverage,category,financial_capacity,53,13,256127,0.803030303030303,0.0002068857834335233,0.0004136649937950251
0925-01-kanana-3b-full,kakaocorp/kanana-2-3b-instruct,full_context_targeted,strict,anchored_character_coverage,category,foreigner_reg_no,43,136,12157,0.24022346368715083,0.003524590163934426,0.006947249373939737
0925-01-kanana-3b-full,kakaocorp/kanana-2-3b-instruct,full_context_targeted,strict,anchored_character_coverage,category,gender,138,15,23615,0.9019607843137255,0.005809792447269819,0.011545218773529658
0925-01-kanana-3b-full,kakaocorp/kanana-2-3b-instruct,full_context_targeted,strict,anchored_character_coverage,category,investment_profile,77,2,138251,0.9746835443037974,0.0005566479671505407,0.0011126604868250884
0925-01-kanana-3b-full,kakaocorp/kanana-2-3b-instruct,full_context_targeted,strict,anchored_character_coverage,category,life_event,18,30,57456,0.375,0.00031318509238960227,0.0006258475018253885
0925-01-kanana-3b-full,kakaocorp/kanana-2-3b-instruct,full_context_targeted,strict,anchored_character_coverage,category,location_mention,35,4,40201,0.8974358974358975,0.0008698677800974252,0.0017380509000620731
0925-01-kanana-3b-full,kakaocorp/kanana-2-3b-instruct,full_context_targeted,strict,anchored_character_coverage,category,nationality,346,29,30201,0.9226666666666666,0.011326807869839918,0.02237888881702348
0925-01-kanana-3b-full,kakaocorp/kanana-2-3b-instruct,full_context_targeted,strict,anchored_character_coverage,category,online_handle,27,60,5585,0.3103448275862069,0.00481111903064861,0.009475346552026672
0925-01-kanana-3b-full,kakaocorp/kanana-2-3b-instruct,full_context_targeted,strict,anchored_character_coverage,category,passport_no,200,265,5080,0.43010752688172044,0.03787878787878788,0.06962576153176675
0925-01-kanana-3b-full,kakaocorp/kanana-2-3b-instruct,full_context_targeted,strict,anchored_character_coverage,category,person_name,2300,1622,164061,0.5864354920958694,0.013825355702358124,0.02701385340873722
0925-01-kanana-3b-full,kakaocorp/kanana-2-3b-instruct,full_context_targeted,strict,anchored_character_coverage,category,phone_no,2743,223,111008,0.9248145650708024,0.024114073722428814,0.04700257888739429
0925-01-kanana-3b-full,kakaocorp/kanana-2-3b-instruct,full_context_targeted,strict,anchored_character_coverage,category,public_record,10,2,37171,0.8333333333333334,0.0002689545735725236,0.000537735595407738
0925-01-kanana-3b-full,kakaocorp/kanana-2-3b-instruct,full_context_targeted,strict,anchored_character_coverage,category,rrn,2246,726,84627,0.7557200538358008,0.025853832606218274,0.049997217430018365
0925-01-kanana-3b-full,kakaocorp/kanana-2-3b-instruct,full_context_targeted,strict,anchored_character_coverage,category,securities_account_no,0,2,36048,0.0,0.0,0.0
0925-01-kanana-3b-full,kakaocorp/kanana-2-3b-instruct,full_context_targeted,strict,anchored_character_coverage,category,sensitive_info,0,47,129618,0.0,0.0,0.0
0925-01-kanana-3b-full,kakaocorp/kanana-2-3b-instruct,full_context_targeted,strict,anchored_character_coverage,category,service_usage,0,41,170880,0.0,0.0,0.0
0925-01-kanana-3b-full,kakaocorp/kanana-2-3b-instruct,full_context_targeted,strict,anchored_character_coverage,category,transaction_record,134,122,1618834,0.5234375,8.276877615863933e-05,0.0001655113807601666
0925-01-kanana-3b-full,kakaocorp/kanana-2-3b-instruct,full_context_targeted,strict,anchored_character_coverage,tier_kind_tlevel,I/attribute/T0,549,37,771868,0.9368600682593856,0.0007107559776649142,0.0014204343320789181
0925-01-kanana-3b-full,kakaocorp/kanana-2-3b-instruct,full_context_targeted,strict,anchored_character_coverage,tier_kind_tlevel,I/attribute/T1,221,23,772143,0.9057377049180327,0.00028613451688582067,0.0005720883035122598
0925-01-kanana-3b-full,kakaocorp/kanana-2-3b-instruct,full_context_targeted,strict,anchored_character_coverage,tier_kind_tlevel,I/attribute/T2,391,79,789408,0.8319148936170213,0.0004950626678433374,0.0009895364742891345
0925-01-kanana-3b-full,kakaocorp/kanana-2-3b-instruct,full_context_targeted,strict,anchored_character_coverage,tier_kind_tlevel,I/attribute/T3,498,87,749070,0.8512820512820513,0.0006643826844262295,0.001327729143254776
0925-01-kanana-3b-full,kakaocorp/kanana-2-3b-instruct,full_context_targeted,strict,anchored_character_coverage,tier_kind_tlevel,L/attribute/T0,76,122,705752,0.3838383838383838,0.00010767495763840483,0.0002152895219156235
0925-01-kanana-3b-full,kakaocorp/kanana-2-3b-instruct,full_context_targeted,strict,anchored_character_coverage,tier_kind_tlevel,L/attribute/T1,39,49,727007,0.4431818181818182,5.364172280708511e-05,0.00010727046184059609
0925-01-kanana-3b-full,kakaocorp/kanana-2-3b-instruct,full_context_targeted,strict,anchored_character_coverage,tier_kind_tlevel,L/attribute/T2,103,12,713637,0.8956521739130435,0.00014431025303331745,0.0002885740101281073
0925-01-kanana-3b-full,kakaocorp/kanana-2-3b-instruct,full_context_targeted,strict,anchored_character_coverage,tier_kind_tlevel,L/attribute/T3,30,33,598852,0.47619047619047616,5.0093340591301794e-05,0.00010017614305153227
0925-01-kanana-3b-full,kakaocorp/kanana-2-3b-instruct,full_context_targeted,strict,anchored_character_coverage,tier_kind_tlevel,L/identifier/T0,5132,1298,265340,0.7981337480559876,0.018974237629033688,0.03706726567522084
0925-01-kanana-3b-full,kakaocorp/kanana-2-3b-instruct,full_context_targeted,strict,anchored_character_coverage,tier_kind_tlevel,L/identifier/T1,3114,1020,300935,0.7532656023222061,0.010241770240980894,0.02020877206075611
0925-01-kanana-3b-full,kakaocorp/kanana-2-3b-instruct,full_context_targeted,strict,anchored_character_coverage,tier_kind_tlevel,L/identifier/T2,2583,994,301211,0.7221135029354208,0.008502472069889465,0.016807050762759013
0925-01-kanana-3b-full,kakaocorp/kanana-2-3b-instruct,full_context_targeted,strict,anchored_character_coverage,tier_kind_tlevel,L/identifier/T3,2465,1060,171379,0.699290780141844,0.014179379213547779,0.02779516149947285
0925-01-kanana-3b-full,kakaocorp/kanana-2-3b-instruct,full_context_targeted,itemwise,exact_with_invalid_item_fp,doc_type,bank_statement,447,10261,25716,0.04174449010085917,0.01708519665176012,0.024246697946895934
0925-01-kanana-3b-full,kakaocorp/kanana-2-3b-instruct,full_context_targeted,itemwise,exact_with_invalid_item_fp,doc_type,card_statement,439,8794,22711,0.047546842846312144,0.01896328293736501,0.027112991384368342
0925-01-kanana-3b-full,kakaocorp/kanana-2-3b-instruct,full_context_targeted,itemwise,exact_with_invalid_item_fp,doc_type,complaint_case,497,6858,19208,0.06757307953772944,0.02522202486678508,0.03673318551367332
0925-01-kanana-3b-full,kakaocorp/kanana-2-3b-instruct,full_context_targeted,itemwise,exact_with_invalid_item_fp,doc_type,cs_transcript,336,6284,17972,0.05075528700906345,0.0183526327288617,0.026957637997432605
0925-01-kanana-3b-full,kakaocorp/kanana-2-3b-instruct,full_context_targeted,itemwise,exact_with_invalid_item_fp,doc_type,insurance_claim,469,8394,18025,0.052916619654744444,0.025359576078728237,0.034287385312717036
0925-01-kanana-3b-full,kakaocorp/kanana-2-3b-instruct,full_context_targeted,itemwise,exact_with_invalid_item_fp,doc_type,internal_memo,446,7597,23571,0.05545194579137138,0.018570179456218514,0.027822832189644417
0925-01-kanana-3b-full,kakaocorp/kanana-2-3b-instruct,full_context_targeted,itemwise,exact_with_invalid_item_fp,doc_type,kyc_form,650,8067,24352,0.0745669381668005,0.02599792016638669,0.038553931018120345
0925-01-kanana-3b-full,kakaocorp/kanana-2-3b-instruct,full_context_targeted,itemwise,exact_with_invalid_item_fp,doc_type,loan_contract,625,7075,17327,0.08116883116883117,0.0348150623885918,0.0487291439263995
0925-01-kanana-3b-full,kakaocorp/kanana-2-3b-instruct,full_context_targeted,itemwise,exact_with_invalid_item_fp,doc_type,phishing_report,475,7494,22183,0.059605973145940516,0.020963897960985082,0.031018382472981356
0925-01-kanana-3b-full,kakaocorp/kanana-2-3b-instruct,full_context_targeted,itemwise,exact_with_invalid_item_fp,doc_type,securities_trade_report,420,9727,22795,0.04139154429880753,0.018091751023045444,0.02517834662190516
0925-01-kanana-3b-full,kakaocorp/kanana-2-3b-instruct,full_context_targeted,itemwise,exact_with_invalid_item_fp,variation_level,T0,2360,18127,55960,0.11519500170840045,0.04046639231824417,0.059893156699277986
0925-01-kanana-3b-full,kakaocorp/kanana-2-3b-instruct,full_context_targeted,itemwise,exact_with_invalid_item_fp,variation_level,T1,622,21847,56392,0.02768258489474387,0.01090960115059459,0.015651145527974534
0925-01-kanana-3b-full,kakaocorp/kanana-2-3b-instruct,full_context_targeted,itemwise,exact_with_invalid_item_fp,variation_level,T2,999,20164,56365,0.047205027642583754,0.017415103549264347,0.02544347803940046
0925-01-kanana-3b-full,kakaocorp/kanana-2-3b-instruct,full_context_targeted,itemwise,exact_with_invalid_item_fp,variation_level,T3,823,20413,45143,0.03875494443398003,0.017904538136883783,0.024493318651230618
0925-01-kanana-3b-full,kakaocorp/kanana-2-3b-instruct,full_context_targeted,itemwise,exact_with_invalid_item_fp,context_len_bucket,16k,2858,67358,124688,0.04070297368121226,0.022407601963213272,0.028903429374702926
0925-01-kanana-3b-full,kakaocorp/kanana-2-3b-instruct,full_context_targeted,itemwise,exact_with_invalid_item_fp,context_len_bucket,1k,928,3871,25717,0.19337361950406334,0.0348282979921186,0.05902556926599669
0925-01-kanana-3b-full,kakaocorp/kanana-2-3b-instruct,full_context_targeted,itemwise,exact_with_invalid_item_fp,context_len_bucket,4k,1018,9322,63455,0.09845261121856866,0.0157895553177299,0.027214521540373997
0925-01-kanana-3b-full,kakaocorp/kanana-2-3b-instruct,full_context_targeted,itemwise,exact_with_invalid_item_fp,num_subjects,1,973,19663,41285,0.047150610583446405,0.02302522599271144,0.030940948262155373
0925-01-kanana-3b-full,kakaocorp/kanana-2-3b-instruct,full_context_targeted,itemwise,exact_with_invalid_item_fp,num_subjects,3,1891,29092,71418,0.06103346996740148,0.025794922860767438,0.03626356767537299
0925-01-kanana-3b-full,kakaocorp/kanana-2-3b-instruct,full_context_targeted,itemwise,exact_with_invalid_item_fp,num_subjects,8,1940,31796,101157,0.057505335546597106,0.01881723037527765,0.02835573290068916
0925-01-kanana-3b-full,kakaocorp/kanana-2-3b-instruct,full_context_targeted,itemwise,exact_with_invalid_item_fp,generator_model,gpt-6-astra,1484,33448,76767,0.042482537501431356,0.018964613870749256,0.0262230193580308
0925-01-kanana-3b-full,kakaocorp/kanana-2-3b-instruct,full_context_targeted,itemwise,exact_with_invalid_item_fp,generator_model,zai-org/GLM-5.2-FP8,3320,47103,137093,0.06584296848660334,0.02364453433798865,0.03479427361713723
0925-01-kanana-3b-full,kakaocorp/kanana-2-3b-instruct,full_context_targeted,itemwise,exact_with_invalid_item_fp,category,__unassigned_invalid_item__,0,1643,0,0.0,0.0,0.0
0925-01-kanana-3b-full,kakaocorp/kanana-2-3b-instruct,full_context_targeted,itemwise,exact_with_invalid_item_fp,category,access_credential,17,457,1916,0.035864978902953586,0.008794619762027936,0.014125467386788533
0925-01-kanana-3b-full,kakaocorp/kanana-2-3b-instruct,full_context_targeted,itemwise,exact_with_invalid_item_fp,category,address,366,7046,2874,0.04937938478143551,0.11296296296296296,0.06871948929778446
0925-01-kanana-3b-full,kakaocorp/kanana-2-3b-instruct,full_context_targeted,itemwise,exact_with_invalid_item_fp,category,bank_account_no,350,3922,17055,0.08192883895131087,0.02010916403332376,0.03229229136873184
0925-01-kanana-3b-full,kakaocorp/kanana-2-3b-instruct,full_context_targeted,itemwise,exact_with_invalid_item_fp,category,business_reg_no,21,1238,591,0.016679904686258934,0.03431372549019608,0.02244788882950294
0925-01-kanana-3b-full,kakaocorp/kanana-2-3b-instruct,full_context_targeted,itemwise,exact_with_invalid_item_fp,category,card_no,50,768,3234,0.061124694376528114,0.015225334957369063,0.02437835202340322
0925-01-kanana-3b-full,kakaocorp/kanana-2-3b-instruct,full_context_targeted,itemwise,exact_with_invalid_item_fp,category,consultation_content,3,384,33867,0.007751937984496124,8.857395925597875e-05,0.00017514668534897976
0925-01-kanana-3b-full,kakaocorp/kanana-2-3b-instruct,full_context_targeted,itemwise,exact_with_invalid_item_fp,category,contract_no,13,372,5143,0.033766233766233764,0.00252133436772692,0.004692293809781628
0925-01-kanana-3b-full,kakaocorp/kanana-2-3b-instruct,full_context_targeted,itemwise,exact_with_invalid_item_fp,category,corp_reg_no,4,436,191,0.00909090909090909,0.020512820512820513,0.012598425196850394
0925-01-kanana-3b-full,kakaocorp/kanana-2-3b-instruct,full_context_targeted,itemwise,exact_with_invalid_item_fp,category,credit_score,5,1051,2554,0.004734848484848485,0.0019538882375928096,0.0027662517289073307
0925-01-kanana-3b-full,kakaocorp/kanana-2-3b-instruct,full_context_targeted,itemwise,exact_with_invalid_item_fp,category,credit_transaction,0,385,11273,0.0,0.0,0.0
0925-01-kanana-3b-full,kakaocorp/kanana-2-3b-instruct,full_context_targeted,itemwise,exact_with_invalid_item_fp,category,customer_id,178,1814,6765,0.0893574297188755,0.025637332565173556,0.039843312814773366
0925-01-kanana-3b-full,kakaocorp/kanana-2-3b-instruct,full_context_targeted,itemwise,exact_with_invalid_item_fp,category,delinquency_info,1,349,2242,0.002857142857142857,0.00044583147570218456,0.0007713073659853452
0925-01-kanana-3b-full,kakaocorp/kanana-2-3b-instruct,full_context_targeted,itemwise,exact_with_invalid_item_fp,category,device_network,0,374,1620,0.0,0.0,0.0
0925-01-kanana-3b-full,kakaocorp/kanana-2-3b-instruct,full_context_targeted,itemwise,exact_with_invalid_item_fp,category,dob_age,13,2371,4370,0.005453020134228188,0.00296600501939311,0.0038421752623023497
0925-01-kanana-3b-full,kakaocorp/kanana-2-3b-instruct,full_context_targeted,itemwise,exact_with_invalid_item_fp,category,driver_license_no,36,1738,480,0.020293122886133032,0.06976744186046512,0.0314410480349345
0925-01-kanana-3b-full,kakaocorp/kanana-2-3b-instruct,full_context_targeted,itemwise,exact_with_invalid_item_fp,category,education,3,469,604,0.006355932203389831,0.004942339373970346,0.005560704355885079
0925-01-kanana-3b-full,kakaocorp/kanana-2-3b-instruct,full_context_targeted,itemwise,exact_with_invalid_item_fp,category,email,169,3461,2997,0.046556473829201105,0.053379658875552745,0.04973513831665686
0925-01-kanana-3b-full,kakaocorp/kanana-2-3b-instruct,full_context_targeted,itemwise,exact_with_invalid_item_fp,category,employer_affiliation,2,427,4360,0.004662004662004662,0.0004585052728106373,0.0008348987685243164
0925-01-kanana-3b-full,kakaocorp/kanana-2-3b-instruct,full_context_targeted,itemwise,exact_with_invalid_item_fp,category,family_relation,5,466,2095,0.010615711252653927,0.002380952380952381,0.0038895371450797353
0925-01-kanana-3b-full,kakaocorp/kanana-2-3b-instruct,full_context_targeted,itemwise,exact_with_invalid_item_fp,category,financial_capacity,9,528,9778,0.01675977653631285,0.0009195872075201798,0.001743510267338241
0925-01-kanana-3b-full,kakaocorp/kanana-2-3b-instruct,full_context_targeted,itemwise,exact_with_invalid_item_fp,category,foreigner_reg_no,40,2423,804,0.016240357287860333,0.04739336492890995,0.02419110976716057
0925-01-kanana-3b-full,kakaocorp/kanana-2-3b-instruct,full_context_targeted,itemwise,exact_with_invalid_item_fp,category,gender,18,2303,3375,0.007755277897457992,0.005305039787798408,0.006300315015750788
0925-01-kanana-3b-full,kakaocorp/kanana-2-3b-instruct,full_context_targeted,itemwise,exact_with_invalid_item_fp,category,investment_profile,3,403,3297,0.007389162561576354,0.0009090909090909091,0.0016189962223421479
0925-01-kanana-3b-full,kakaocorp/kanana-2-3b-instruct,full_context_targeted,itemwise,exact_with_invalid_item_fp,category,life_event,1,394,1592,0.002531645569620253,0.0006277463904582549,0.001006036217303823
0925-01-kanana-3b-full,kakaocorp/kanana-2-3b-instruct,full_context_targeted,itemwise,exact_with_invalid_item_fp,category,location_mention,0,372,2036,0.0,0.0,0.0
0925-01-kanana-3b-full,kakaocorp/kanana-2-3b-instruct,full_context_targeted,itemwise,exact_with_invalid_item_fp,category,nationality,77,2053,3243,0.03615023474178404,0.02319277108433735,0.028256880733944955
0925-01-kanana-3b-full,kakaocorp/kanana-2-3b-instruct,full_context_targeted,itemwise,exact_with_invalid_item_fp,category,online_handle,11,1012,547,0.010752688172043012,0.01971326164874552,0.013915243516761544
0925-01-kanana-3b-full,kakaocorp/kanana-2-3b-instruct,full_context_targeted,itemwise,exact_with_invalid_item_fp,category,passport_no,56,3842,504,0.014366341713699333,0.1,0.02512337371018394
0925-01-kanana-3b-full,kakaocorp/kanana-2-3b-instruct,full_context_targeted,itemwise,exact_with_invalid_item_fp,category,person_name,2037,12035,37100,0.14475554292211484,0.05204793417993203,0.07656599447461895
0925-01-kanana-3b-full,kakaocorp/kanana-2-3b-instruct,full_context_targeted,itemwise,exact_with_invalid_item_fp,category,phone_no,676,8357,7590,0.07483670984169158,0.08178078877328816,0.07815480663622175
0925-01-kanana-3b-full,kakaocorp/kanana-2-3b-instruct,full_context_targeted,itemwise,exact_with_invalid_item_fp,category,public_record,0,328,796,0.0,0.0,0.0
0925-01-kanana-3b-full,kakaocorp/kanana-2-3b-instruct,full_context_targeted,itemwise,exact_with_invalid_item_fp,category,rrn,604,13395,5401,0.04314593899564255,0.10058284762697751,0.060387922415516895
0925-01-kanana-3b-full,kakaocorp/kanana-2-3b-instruct,full_context_targeted,itemwise,exact_with_invalid_item_fp,category,securities_account_no,13,696,3178,0.018335684062059238,0.00407395800689439,0.006666666666666667
0925-01-kanana-3b-full,kakaocorp/kanana-2-3b-instruct,full_context_targeted,itemwise,exact_with_invalid_item_fp,category,sensitive_info,1,951,1989,0.0010504201680672268,0.0005025125628140704,0.0006798096532970768
0925-01-kanana-3b-full,kakaocorp/kanana-2-3b-instruct,full_context_targeted,itemwise,exact_with_invalid_item_fp,category,service_usage,1,375,3562,0.0026595744680851063,0.000280662363177098,0.0005077430820005078
0925-01-kanana-3b-full,kakaocorp/kanana-2-3b-instruct,full_context_targeted,itemwise,exact_with_invalid_item_fp,category,transaction_record,21,1913,24837,0.010858324715615306,0.0008447984552256819,0.0015676321289937296
0925-01-kanana-3b-full,kakaocorp/kanana-2-3b-instruct,full_context_targeted,itemwise,exact_with_invalid_item_fp,tier_kind_tlevel,I/attribute/T0,37,2398,16281,0.015195071868583163,0.002267434734648854,0.003946035301018504
0925-01-kanana-3b-full,kakaocorp/kanana-2-3b-instruct,full_context_targeted,itemwise,exact_with_invalid_item_fp,tier_kind_tlevel,I/attribute/T1,17,2535,15609,0.0066614420062695925,0.0010879303724561629,0.0018703927824843217
0925-01-kanana-3b-full,kakaocorp/kanana-2-3b-instruct,full_context_targeted,itemwise,exact_with_invalid_item_fp,tier_kind_tlevel,I/attribute/T2,31,2292,15833,0.01334481274214378,0.0019541099344427635,0.003409028426898334
0925-01-kanana-3b-full,kakaocorp/kanana-2-3b-instruct,full_context_targeted,itemwise,exact_with_invalid_item_fp,tier_kind_tlevel,I/attribute/T3,41,3166,16298,0.01278453383224197,0.002509333496542016,0.0041952317609741125
0925-01-kanana-3b-full,kakaocorp/kanana-2-3b-instruct,full_context_targeted,itemwise,exact_with_invalid_item_fp,tier_kind_tlevel,L/attribute/T0,11,1310,13984,0.008327024981074944,0.0007859949982136477,0.0014364063724209976
0925-01-kanana-3b-full,kakaocorp/kanana-2-3b-instruct,full_context_targeted,itemwise,exact_with_invalid_item_fp,tier_kind_tlevel,L/attribute/T1,9,1368,13603,0.006535947712418301,0.0006611813106082868,0.0012008806458069252
0925-01-kanana-3b-full,kakaocorp/kanana-2-3b-instruct,full_context_targeted,itemwise,exact_with_invalid_item_fp,tier_kind_tlevel,L/attribute/T2,9,1197,13350,0.007462686567164179,0.0006737031214911295,0.0012358393408856848
0925-01-kanana-3b-full,kakaocorp/kanana-2-3b-instruct,full_context_targeted,itemwise,exact_with_invalid_item_fp,tier_kind_tlevel,L/attribute/T3,8,1630,12532,0.004884004884004884,0.0006379585326953748,0.0011285089575398504
0925-01-kanana-3b-full,kakaocorp/kanana-2-3b-instruct,full_context_targeted,itemwise,exact_with_invalid_item_fp,tier_kind_tlevel,L/identifier/T0,2312,14052,25695,0.1412857492055732,0.08255079087371014,0.10421221067814564
0925-01-kanana-3b-full,kakaocorp/kanana-2-3b-instruct,full_context_targeted,itemwise,exact_with_invalid_item_fp,tier_kind_tlevel,L/identifier/T1,596,17567,27180,0.03281396245113693,0.0214573732718894,0.025947452055987287
0925-01-kanana-3b-full,kakaocorp/kanana-2-3b-instruct,full_context_targeted,itemwise,exact_with_invalid_item_fp,tier_kind_tlevel,L/identifier/T2,959,16264,27182,0.05568135632584335,0.03407839095980953,0.042280222202627636
0925-01-kanana-3b-full,kakaocorp/kanana-2-3b-instruct,full_context_targeted,itemwise,exact_with_invalid_item_fp,tier_kind_tlevel,L/identifier/T3,774,15129,16313,0.04867006225240521,0.045297594662609,0.04692331009396787
0925-01-kanana-3b-full,kakaocorp/kanana-2-3b-instruct,full_context_targeted,itemwise,exact_with_invalid_item_fp,tier_kind_tlevel,unassigned/invalid_item/T0,0,367,0,0.0,0.0,0.0
0925-01-kanana-3b-full,kakaocorp/kanana-2-3b-instruct,full_context_targeted,itemwise,exact_with_invalid_item_fp,tier_kind_tlevel,unassigned/invalid_item/T1,0,377,0,0.0,0.0,0.0
0925-01-kanana-3b-full,kakaocorp/kanana-2-3b-instruct,full_context_targeted,itemwise,exact_with_invalid_item_fp,tier_kind_tlevel,unassigned/invalid_item/T2,0,411,0,0.0,0.0,0.0
0925-01-kanana-3b-full,kakaocorp/kanana-2-3b-instruct,full_context_targeted,itemwise,exact_with_invalid_item_fp,tier_kind_tlevel,unassigned/invalid_item/T3,0,488,0,0.0,0.0,0.0
0925-01-kanana-3b-full,kakaocorp/kanana-2-3b-instruct,full_context_targeted,itemwise,anchored_character_coverage,doc_type,bank_statement,5467,3447,1148313,0.6133049136190263,0.004738338331397667,0.00940402203847272
0925-01-kanana-3b-full,kakaocorp/kanana-2-3b-instruct,full_context_targeted,itemwise,anchored_character_coverage,doc_type,card_statement,7024,3218,787753,0.6858035539933607,0.008837699128183125,0.017450519801395992
0925-01-kanana-3b-full,kakaocorp/kanana-2-3b-instruct,full_context_targeted,itemwise,anchored_character_coverage,doc_type,complaint_case,6993,1949,710446,0.7820398121225677,0.00974717014268809,0.019254358250009294
0925-01-kanana-3b-full,kakaocorp/kanana-2-3b-instruct,full_context_targeted,itemwise,anchored_character_coverage,doc_type,cs_transcript,4547,1859,432718,0.7098033093974399,0.010398728459858439,0.02049717020044132
0925-01-kanana-3b-full,kakaocorp/kanana-2-3b-instruct,full_context_targeted,itemwise,anchored_character_coverage,doc_type,insurance_claim,5884,1745,635867,0.7712675317866038,0.009168665105313431,0.01812190089007977
0925-01-kanana-3b-full,kakaocorp/kanana-2-3b-instruct,full_context_targeted,itemwise,anchored_character_coverage,doc_type,internal_memo,5175,2340,646766,0.688622754491018,0.00793783486542494,0.015694754464285716
0925-01-kanana-3b-full,kakaocorp/kanana-2-3b-instruct,full_context_targeted,itemwise,anchored_character_coverage,doc_type,kyc_form,9956,1890,638257,0.8404524734087455,0.015359148921727888,0.030167000222707362
0925-01-kanana-3b-full,kakaocorp/kanana-2-3b-instruct,full_context_targeted,itemwise,anchored_character_coverage,doc_type,loan_contract,8155,1370,356991,0.8561679790026246,0.022333532340488464,0.043531524991259
0925-01-kanana-3b-full,kakaocorp/kanana-2-3b-instruct,full_context_targeted,itemwise,anchored_character_coverage,doc_type,phishing_report,6522,3088,655023,0.6786680541103017,0.009858739768269733,0.019435152833548137
0925-01-kanana-3b-full,kakaocorp/kanana-2-3b-instruct,full_context_targeted,itemwise,anchored_character_coverage,doc_type,securities_trade_report,5139,2404,804807,0.6812939148879756,0.0063448674356068185,0.012572646237441728
0925-01-kanana-3b-full,kakaocorp/kanana-2-3b-instruct,full_context_targeted,itemwise,anchored_character_coverage,variation_level,T0,24354,7737,1724363,0.7589043657100122,0.013926781749133794,0.027351629148117035
0925-01-kanana-3b-full,kakaocorp/kanana-2-3b-instruct,full_context_targeted,itemwise,anchored_character_coverage,variation_level,T1,15713,5753,1787746,0.7319947824466598,0.008712701536325472,0.0172204337164541
0925-01-kanana-3b-full,kakaocorp/kanana-2-3b-instruct,full_context_targeted,itemwise,anchored_character_coverage,variation_level,T2,13954,4600,1793379,0.7520750242535302,0.007720768668529817,0.015284626047504583
0925-01-kanana-3b-full,kakaocorp/kanana-2-3b-instruct,full_context_targeted,itemwise,anchored_character_coverage,variation_level,T3,10841,5220,1511453,0.6749891040408443,0.007121489015919395,0.014094276028614981
0925-01-kanana-3b-full,kakaocorp/kanana-2-3b-instruct,full_context_targeted,itemwise,anchored_character_coverage,context_len_bucket,16k,40365,16418,4493732,0.7108641670922635,0.008902544431669636,0.017584863904088106
0925-01-kanana-3b-full,kakaocorp/kanana-2-3b-instruct,full_context_targeted,itemwise,anchored_character_coverage,context_len_bucket,1k,11301,2932,545227,0.7939998594814867,0.020306255929620792,0.03959976242245003
0925-01-kanana-3b-full,kakaocorp/kanana-2-3b-instruct,full_context_targeted,itemwise,anchored_character_coverage,context_len_bucket,4k,13196,3960,1777982,0.769176964327349,0.0073672186683847165,0.014594648997364425
0925-01-kanana-3b-full,kakaocorp/kanana-2-3b-instruct,full_context_targeted,itemwise,anchored_character_coverage,num_subjects,1,15404,4282,1829706,0.7824850147312811,0.008348553744763185,0.01652084195804796
0925-01-kanana-3b-full,kakaocorp/kanana-2-3b-instruct,full_context_targeted,itemwise,anchored_character_coverage,num_subjects,3,24837,9483,2328943,0.7236888111888112,0.010551963225110247,0.020800636489259245
0925-01-kanana-3b-full,kakaocorp/kanana-2-3b-instruct,full_context_targeted,itemwise,anchored_character_coverage,num_subjects,8,24621,9545,2658292,0.7206286951940526,0.00917696548490391,0.018123138856102453
0925-01-kanana-3b-full,kakaocorp/kanana-2-3b-instruct,full_context_targeted,itemwise,anchored_character_coverage,generator_model,gpt-6-astra,18415,9499,3264317,0.6597048076234148,0.005609656834612146,0.01112471704918013
0925-01-kanana-3b-full,kakaocorp/kanana-2-3b-instruct,full_context_targeted,itemwise,anchored_character_coverage,generator_model,zai-org/GLM-5.2-FP8,46447,13811,3552624,0.7708022171329948,0.0129052747222825,0.025385528330467144
0925-01-kanana-3b-full,kakaocorp/kanana-2-3b-instruct,full_context_targeted,itemwise,anchored_character_coverage,category,access_credential,113,83,12975,0.576530612244898,0.008633863080684596,0.01701294790725685
0925-01-kanana-3b-full,kakaocorp/kanana-2-3b-instruct,full_context_targeted,itemwise,anchored_character_coverage,category,address,9336,3297,60486,0.7390168606031822,0.1337114376557532,0.22645079134073132
0925-01-kanana-3b-full,kakaocorp/kanana-2-3b-instruct,full_context_targeted,itemwise,anchored_character_coverage,category,bank_account_no,6615,1446,266451,0.8206177893561593,0.02422491265847817,0.04706058116082767
0925-01-kanana-3b-full,kakaocorp/kanana-2-3b-instruct,full_context_targeted,itemwise,anchored_character_coverage,category,business_reg_no,259,758,7458,0.25467059980334317,0.03356226512893611,0.05930844973666132
0925-01-kanana-3b-full,kakaocorp/kanana-2-3b-instruct,full_context_targeted,itemwise,anchored_character_coverage,category,card_no,1024,67,61488,0.9385884509624198,0.016380854875863833,0.03219973900602173
0925-01-kanana-3b-full,kakaocorp/kanana-2-3b-instruct,full_context_targeted,itemwise,anchored_character_coverage,category,consultation_content,140,164,2339272,0.4605263157894737,5.9844097576656016e-05,0.00011967264403030111
0925-01-kanana-3b-full,kakaocorp/kanana-2-3b-instruct,full_context_targeted,itemwise,anchored_character_coverage,category,contract_no,169,85,59102,0.6653543307086615,0.00285131008418957,0.0056782864342713145
0925-01-kanana-3b-full,kakaocorp/kanana-2-3b-instruct,full_context_targeted,itemwise,anchored_character_coverage,category,corp_reg_no,56,105,2758,0.34782608695652173,0.01990049751243781,0.03764705882352941
0925-01-kanana-3b-full,kakaocorp/kanana-2-3b-instruct,full_context_targeted,itemwise,anchored_character_coverage,category,credit_score,297,101,70986,0.7462311557788944,0.00416649130928833,0.008286714750073242
0925-01-kanana-3b-full,kakaocorp/kanana-2-3b-instruct,full_context_targeted,itemwise,anchored_character_coverage,category,credit_transaction,32,128,543400,0.2,5.888501229224632e-05,0.00011773536034378725
0925-01-kanana-3b-full,kakaocorp/kanana-2-3b-instruct,full_context_targeted,itemwise,anchored_character_coverage,category,customer_id,1791,297,63492,0.8577586206896551,0.027434400992601443,0.05316827715189028
0925-01-kanana-3b-full,kakaocorp/kanana-2-3b-instruct,full_context_targeted,itemwise,anchored_character_coverage,category,delinquency_info,28,42,88806,0.4,0.0003151946326856834,0.0006298929182039053
0925-01-kanana-3b-full,kakaocorp/kanana-2-3b-instruct,full_context_targeted,itemwise,anchored_character_coverage,category,device_network,40,34,58841,0.5405405405405406,0.000679336288446188,0.0013569671783563734
0925-01-kanana-3b-full,kakaocorp/kanana-2-3b-instruct,full_context_targeted,itemwise,anchored_character_coverage,category,dob_age,2110,96,85349,0.956482320942883,0.024125590276586742,0.04706407182289633
0925-01-kanana-3b-full,kakaocorp/kanana-2-3b-instruct,full_context_targeted,itemwise,anchored_character_coverage,category,driver_license_no,585,118,7442,0.8321479374110953,0.07287903326273826,0.13402061855670103
0925-01-kanana-3b-full,kakaocorp/kanana-2-3b-instruct,full_context_targeted,itemwise,anchored_character_coverage,category,education,136,70,15987,0.6601941747572816,0.008435154747875706,0.016657480556065894
0925-01-kanana-3b-full,kakaocorp/kanana-2-3b-instruct,full_context_targeted,itemwise,anchored_character_coverage,category,email,4832,509,59602,0.9046994944766897,0.07499146413384238,0.13850232891436762
0925-01-kanana-3b-full,kakaocorp/kanana-2-3b-instruct,full_context_targeted,itemwise,anchored_character_coverage,category,employer_affiliation,103,132,71354,0.43829787234042555,0.0014414263123276936,0.0028734028901411593
0925-01-kanana-3b-full,kakaocorp/kanana-2-3b-instruct,full_context_targeted,itemwise,anchored_character_coverage,category,family_relation,191,159,49407,0.5457142857142857,0.0038509617323279166,0.007647953872026908
0925-01-kanana-3b-full,kakaocorp/kanana-2-3b-instruct,full_context_targeted,itemwise,anchored_character_coverage,category,financial_capacity,164,97,256016,0.6283524904214559,0.0006401748770395816,0.0012790466423075874
0925-01-kanana-3b-full,kakaocorp/kanana-2-3b-instruct,full_context_targeted,itemwise,anchored_character_coverage,category,foreigner_reg_no,601,1337,11599,0.31011351909184726,0.049262295081967215,0.08501909746781723
0925-01-kanana-3b-full,kakaocorp/kanana-2-3b-instruct,full_context_targeted,itemwise,anchored_character_coverage,category,gender,628,173,23125,0.784019975031211,0.02643876562960468,0.05115256170074122
0925-01-kanana-3b-full,kakaocorp/kanana-2-3b-instruct,full_context_targeted,itemwise,anchored_character_coverage,category,investment_profile,154,122,138174,0.5579710144927537,0.0011132959343010814,0.002222158090675594
0925-01-kanana-3b-full,kakaocorp/kanana-2-3b-instruct,full_context_targeted,itemwise,anchored_character_coverage,category,life_event,30,75,57444,0.2857142857142857,0.0005219751539826704,0.0010420465794821027
0925-01-kanana-3b-full,kakaocorp/kanana-2-3b-instruct,full_context_targeted,itemwise,anchored_character_coverage,category,location_mention,82,35,40154,0.7008547008547008,0.002037975941942539,0.004064134017297351
0925-01-kanana-3b-full,kakaocorp/kanana-2-3b-instruct,full_context_targeted,itemwise,anchored_character_coverage,category,nationality,1558,100,28989,0.9396863691194209,0.05100337185320981,0.0967551622418879
0925-01-kanana-3b-full,kakaocorp/kanana-2-3b-instruct,full_context_targeted,itemwise,anchored_character_coverage,category,online_handle,168,260,5444,0.3925233644859813,0.02993585174625802,0.05562913907284768
0925-01-kanana-3b-full,kakaocorp/kanana-2-3b-instruct,full_context_targeted,itemwise,anchored_character_coverage,category,passport_no,537,1171,4743,0.31440281030444966,0.10170454545454545,0.15369204350314825
0925-01-kanana-3b-full,kakaocorp/kanana-2-3b-instruct,full_context_targeted,itemwise,anchored_character_coverage,category,person_name,10890,2747,155471,0.7985627337390921,0.06546005373855651,0.12100134445938288
0925-01-kanana-3b-full,kakaocorp/kanana-2-3b-instruct,full_context_targeted,itemwise,anchored_character_coverage,category,phone_no,9904,765,103847,0.9282969350454588,0.08706736644073458,0.15920270053046134
0925-01-kanana-3b-full,kakaocorp/kanana-2-3b-instruct,full_context_targeted,itemwise,anchored_character_coverage,category,public_record,12,29,37169,0.2926829268292683,0.0003227454882870283,0.0006447799688356348
0925-01-kanana-3b-full,kakaocorp/kanana-2-3b-instruct,full_context_targeted,itemwise,anchored_character_coverage,category,rrn,9435,6598,77438,0.5884737728435102,0.1086068168475821,0.1833712319981342
0925-01-kanana-3b-full,kakaocorp/kanana-2-3b-instruct,full_context_targeted,itemwise,anchored_character_coverage,category,securities_account_no,173,204,35875,0.4588859416445623,0.004799156679982246,0.009498970487302676
0925-01-kanana-3b-full,kakaocorp/kanana-2-3b-instruct,full_context_targeted,itemwise,anchored_character_coverage,category,sensitive_info,42,149,129576,0.2198952879581152,0.000324029070036569,0.0006471045921315163
0925-01-kanana-3b-full,kakaocorp/kanana-2-3b-instruct,full_context_targeted,itemwise,anchored_character_coverage,category,service_usage,44,158,170836,0.21782178217821782,0.00025749063670411985,0.0005143732245356028
0925-01-kanana-3b-full,kakaocorp/kanana-2-3b-instruct,full_context_targeted,itemwise,anchored_character_coverage,category,transaction_record,2583,1599,1616385,0.6176470588235294,0.0015954608120728761,0.0031827003049625727
0925-01-kanana-3b-full,kakaocorp/kanana-2-3b-instruct,full_context_targeted,itemwise,anchored_character_coverage,tier_kind_tlevel,I/attribute/T0,1452,330,770965,0.8148148148148148,0.001879813623988079,0.0037509735868943256
0925-01-kanana-3b-full,kakaocorp/kanana-2-3b-instruct,full_context_targeted,itemwise,anchored_character_coverage,tier_kind_tlevel,I/attribute/T1,884,302,771480,0.7453625632377741,0.0011445380675432827,0.002285566543856247
0925-01-kanana-3b-full,kakaocorp/kanana-2-3b-instruct,full_context_targeted,itemwise,anchored_character_coverage,tier_kind_tlevel,I/attribute/T2,1323,380,788476,0.7768643570170288,0.001675109743111855,0.0033430111357899287
0925-01-kanana-3b-full,kakaocorp/kanana-2-3b-instruct,full_context_targeted,itemwise,anchored_character_coverage,tier_kind_tlevel,I/attribute/T3,1557,306,748011,0.8357487922705314,0.0020771964651639346,0.004144093070421635
0925-01-kanana-3b-full,kakaocorp/kanana-2-3b-instruct,full_context_targeted,itemwise,anchored_character_coverage,tier_kind_tlevel,L/attribute/T0,637,518,705191,0.5515151515151515,0.0009024861581008404,0.00180202352814707
0925-01-kanana-3b-full,kakaocorp/kanana-2-3b-instruct,full_context_targeted,itemwise,anchored_character_coverage,tier_kind_tlevel,L/attribute/T1,758,408,726288,0.6500857632933105,0.0010425750227633466,0.002081811340653546
0925-01-kanana-3b-full,kakaocorp/kanana-2-3b-instruct,full_context_targeted,itemwise,anchored_character_coverage,tier_kind_tlevel,L/attribute/T2,750,414,712990,0.6443298969072165,0.0010508028133493989,0.002098183812092253
0925-01-kanana-3b-full,kakaocorp/kanana-2-3b-instruct,full_context_targeted,itemwise,anchored_character_coverage,tier_kind_tlevel,L/attribute/T3,1013,805,597869,0.5572057205720572,0.0016914851339662905,0.0033727318128849676
0925-01-kanana-3b-full,kakaocorp/kanana-2-3b-instruct,full_context_targeted,itemwise,anchored_character_coverage,tier_kind_tlevel,L/identifier/T0,22265,6889,248207,0.7637030939150717,0.08231905705581354,0.14861861120196512
0925-01-kanana-3b-full,kakaocorp/kanana-2-3b-instruct,full_context_targeted,itemwise,anchored_character_coverage,tier_kind_tlevel,L/identifier/T1,14071,5043,289978,0.736161975515329,0.04627872481080352,0.08708298907981421
0925-01-kanana-3b-full,kakaocorp/kanana-2-3b-instruct,full_context_targeted,itemwise,anchored_character_coverage,tier_kind_tlevel,L/identifier/T2,11881,3806,291913,0.757378721234143,0.03910873815809397,0.07437688000225366
0925-01-kanana-3b-full,kakaocorp/kanana-2-3b-instruct,full_context_targeted,itemwise,anchored_character_coverage,tier_kind_tlevel,L/identifier/T3,8271,4109,165573,0.6680936995153474,0.04757713812383516,0.08882850760374603
0925-01-kanana-3b-full,kakaocorp/kanana-2-3b-instruct,full_context_targeted,fence_itemwise,exact_with_invalid_item_fp,doc_type,bank_statement,447,10278,25716,0.04167832167832168,0.01708519665176012,0.024235523747560182
0925-01-kanana-3b-full,kakaocorp/kanana-2-3b-instruct,full_context_targeted,fence_itemwise,exact_with_invalid_item_fp,doc_type,card_statement,439,8802,22711,0.04750568120333297,0.01896328293736501,0.02710629495847612
0925-01-kanana-3b-full,kakaocorp/kanana-2-3b-instruct,full_context_targeted,fence_itemwise,exact_with_invalid_item_fp,doc_type,complaint_case,501,6859,19204,0.06807065217391305,0.025425019030702867,0.03702198411232219
0925-01-kanana-3b-full,kakaocorp/kanana-2-3b-instruct,full_context_targeted,fence_itemwise,exact_with_invalid_item_fp,doc_type,cs_transcript,336,6298,17972,0.050648176062707266,0.0183526327288617,0.026942506615347608
0925-01-kanana-3b-full,kakaocorp/kanana-2-3b-instruct,full_context_targeted,fence_itemwise,exact_with_invalid_item_fp,doc_type,insurance_claim,471,8402,18023,0.05308238476276344,0.02546771926030064,0.0344210180143969
0925-01-kanana-3b-full,kakaocorp/kanana-2-3b-instruct,full_context_targeted,fence_itemwise,exact_with_invalid_item_fp,doc_type,internal_memo,450,7614,23567,0.05580357142857143,0.01873672815089312,0.028053988342009287
0925-01-kanana-3b-full,kakaocorp/kanana-2-3b-instruct,full_context_targeted,fence_itemwise,exact_with_invalid_item_fp,doc_type,kyc_form,654,8090,24348,0.07479414455626715,0.026157907367410606,0.038760149351034195
0925-01-kanana-3b-full,kakaocorp/kanana-2-3b-instruct,full_context_targeted,fence_itemwise,exact_with_invalid_item_fp,doc_type,loan_contract,625,7097,17327,0.08093758093758094,0.0348150623885918,0.04868738801900756
0925-01-kanana-3b-full,kakaocorp/kanana-2-3b-instruct,full_context_targeted,fence_itemwise,exact_with_invalid_item_fp,doc_type,phishing_report,475,7494,22183,0.059605973145940516,0.020963897960985082,0.031018382472981356
0925-01-kanana-3b-full,kakaocorp/kanana-2-3b-instruct,full_context_targeted,fence_itemwise,exact_with_invalid_item_fp,doc_type,securities_trade_report,420,9730,22795,0.041379310344827586,0.018091751023045444,0.025176082721414656
0925-01-kanana-3b-full,kakaocorp/kanana-2-3b-instruct,full_context_targeted,fence_itemwise,exact_with_invalid_item_fp,variation_level,T0,2362,18144,55958,0.11518579927826002,0.04050068587105624,0.05992946489736889
0925-01-kanana-3b-full,kakaocorp/kanana-2-3b-instruct,full_context_targeted,fence_itemwise,exact_with_invalid_item_fp,variation_level,T1,626,21895,56388,0.027796279028462323,0.010979759357350826,0.015741497453951092
0925-01-kanana-3b-full,kakaocorp/kanana-2-3b-instruct,full_context_targeted,fence_itemwise,exact_with_invalid_item_fp,variation_level,T2,1003,20191,56361,0.04732471454185147,0.017484833693605747,0.025535273301255122
0925-01-kanana-3b-full,kakaocorp/kanana-2-3b-instruct,full_context_targeted,fence_itemwise,exact_with_invalid_item_fp,variation_level,T3,827,20434,45139,0.03889751187620526,0.01799155897837532,0.024603210019783717
0925-01-kanana-3b-full,kakaocorp/kanana-2-3b-instruct,full_context_targeted,fence_itemwise,exact_with_invalid_item_fp,context_len_bucket,16k,2868,67446,124678,0.04078846317945217,0.022486005049158736,0.028990195087435562
0925-01-kanana-3b-full,kakaocorp/kanana-2-3b-instruct,full_context_targeted,fence_itemwise,exact_with_invalid_item_fp,context_len_bucket,1k,929,3884,25716,0.1930189071265323,0.03486582848564459,0.05906287748744358
0925-01-kanana-3b-full,kakaocorp/kanana-2-3b-instruct,full_context_targeted,fence_itemwise,exact_with_invalid_item_fp,context_len_bucket,4k,1021,9334,63452,0.09859971028488652,0.015836086423774293,0.02728925001336398
0925-01-kanana-3b-full,kakaocorp/kanana-2-3b-instruct,full_context_targeted,fence_itemwise,exact_with_invalid_item_fp,num_subjects,1,979,19738,41279,0.04725587681614133,0.023167210942306782,0.03109170305676856
0925-01-kanana-3b-full,kakaocorp/kanana-2-3b-instruct,full_context_targeted,fence_itemwise,exact_with_invalid_item_fp,num_subjects,3,1895,29103,71414,0.061132976321052974,0.02584948642049407,0.03633504942141946
0925-01-kanana-3b-full,kakaocorp/kanana-2-3b-instruct,full_context_targeted,fence_itemwise,exact_with_invalid_item_fp,num_subjects,8,1944,31823,101153,0.05757100127343264,0.018856028788422553,0.028407762450315642
0925-01-kanana-3b-full,kakaocorp/kanana-2-3b-instruct,full_context_targeted,fence_itemwise,exact_with_invalid_item_fp,generator_model,gpt-6-astra,1487,33472,76764,0.04253554163448611,0.019002952038951578,0.02626976415510997
0925-01-kanana-3b-full,kakaocorp/kanana-2-3b-instruct,full_context_targeted,fence_itemwise,exact_with_invalid_item_fp,generator_model,zai-org/GLM-5.2-FP8,3331,47192,137082,0.06593036834708944,0.023722874662602464,0.03489127246826162
0925-01-kanana-3b-full,kakaocorp/kanana-2-3b-instruct,full_context_targeted,fence_itemwise,exact_with_invalid_item_fp,category,__unassigned_invalid_item__,0,1645,0,0.0,0.0,0.0
0925-01-kanana-3b-full,kakaocorp/kanana-2-3b-instruct,full_context_targeted,fence_itemwise,exact_with_invalid_item_fp,category,access_credential,17,457,1916,0.035864978902953586,0.008794619762027936,0.014125467386788533
0925-01-kanana-3b-full,kakaocorp/kanana-2-3b-instruct,full_context_targeted,fence_itemwise,exact_with_invalid_item_fp,category,address,367,7057,2873,0.04943426724137931,0.11327160493827161,0.06882970742685672
0925-01-kanana-3b-full,kakaocorp/kanana-2-3b-instruct,full_context_targeted,fence_itemwise,exact_with_invalid_item_fp,category,bank_account_no,350,3927,17055,0.08183306055646482,0.02010916403332376,0.032284844571533994
0925-01-kanana-3b-full,kakaocorp/kanana-2-3b-instruct,full_context_targeted,fence_itemwise,exact_with_invalid_item_fp,category,business_reg_no,21,1239,591,0.016666666666666666,0.03431372549019608,0.022435897435897436
0925-01-kanana-3b-full,kakaocorp/kanana-2-3b-instruct,full_context_targeted,fence_itemwise,exact_with_invalid_item_fp,category,card_no,50,769,3234,0.06105006105006105,0.015225334957369063,0.024372410431391666
0925-01-kanana-3b-full,kakaocorp/kanana-2-3b-instruct,full_context_targeted,fence_itemwise,exact_with_invalid_item_fp,category,consultation_content,3,384,33867,0.007751937984496124,8.857395925597875e-05,0.00017514668534897976
0925-01-kanana-3b-full,kakaocorp/kanana-2-3b-instruct,full_context_targeted,fence_itemwise,exact_with_invalid_item_fp,category,contract_no,13,373,5143,0.03367875647668394,0.00252133436772692,0.004691447130999639
0925-01-kanana-3b-full,kakaocorp/kanana-2-3b-instruct,full_context_targeted,fence_itemwise,exact_with_invalid_item_fp,category,corp_reg_no,4,436,191,0.00909090909090909,0.020512820512820513,0.012598425196850394
0925-01-kanana-3b-full,kakaocorp/kanana-2-3b-instruct,full_context_targeted,fence_itemwise,exact_with_invalid_item_fp,category,credit_score,5,1052,2554,0.004730368968779565,0.0019538882375928096,0.0027654867256637168
0925-01-kanana-3b-full,kakaocorp/kanana-2-3b-instruct,full_context_targeted,fence_itemwise,exact_with_invalid_item_fp,category,credit_transaction,0,386,11273,0.0,0.0,0.0
0925-01-kanana-3b-full,kakaocorp/kanana-2-3b-instruct,full_context_targeted,fence_itemwise,exact_with_invalid_item_fp,category,customer_id,178,1818,6765,0.08917835671342686,0.025637332565173556,0.03982548383488086
0925-01-kanana-3b-full,kakaocorp/kanana-2-3b-instruct,full_context_targeted,fence_itemwise,exact_with_invalid_item_fp,category,delinquency_info,1,349,2242,0.002857142857142857,0.00044583147570218456,0.0007713073659853452
0925-01-kanana-3b-full,kakaocorp/kanana-2-3b-instruct,full_context_targeted,fence_itemwise,exact_with_invalid_item_fp,category,device_network,0,374,1620,0.0,0.0,0.0
0925-01-kanana-3b-full,kakaocorp/kanana-2-3b-instruct,full_context_targeted,fence_itemwise,exact_with_invalid_item_fp,category,dob_age,13,2374,4370,0.005446166736489317,0.00296600501939311,0.0038404726735598227
0925-01-kanana-3b-full,kakaocorp/kanana-2-3b-instruct,full_context_targeted,fence_itemwise,exact_with_invalid_item_fp,category,driver_license_no,36,1740,480,0.02027027027027027,0.06976744186046512,0.031413612565445025
0925-01-kanana-3b-full,kakaocorp/kanana-2-3b-instruct,full_context_targeted,fence_itemwise,exact_with_invalid_item_fp,category,education,3,469,604,0.006355932203389831,0.004942339373970346,0.005560704355885079
0925-01-kanana-3b-full,kakaocorp/kanana-2-3b-instruct,full_context_targeted,fence_itemwise,exact_with_invalid_item_fp,category,email,169,3467,2997,0.04647964796479648,0.053379658875552745,0.049691267274331076
0925-01-kanana-3b-full,kakaocorp/kanana-2-3b-instruct,full_context_targeted,fence_itemwise,exact_with_invalid_item_fp,category,employer_affiliation,2,427,4360,0.004662004662004662,0.0004585052728106373,0.0008348987685243164
0925-01-kanana-3b-full,kakaocorp/kanana-2-3b-instruct,full_context_targeted,fence_itemwise,exact_with_invalid_item_fp,category,family_relation,5,466,2095,0.010615711252653927,0.002380952380952381,0.0038895371450797353
0925-01-kanana-3b-full,kakaocorp/kanana-2-3b-instruct,full_context_targeted,fence_itemwise,exact_with_invalid_item_fp,category,financial_capacity,9,529,9778,0.016728624535315983,0.0009195872075201798,0.0017433414043583535
0925-01-kanana-3b-full,kakaocorp/kanana-2-3b-instruct,full_context_targeted,fence_itemwise,exact_with_invalid_item_fp,category,foreigner_reg_no,40,2426,804,0.016220600162206,0.04739336492890995,0.02416918429003021
0925-01-kanana-3b-full,kakaocorp/kanana-2-3b-instruct,full_context_targeted,fence_itemwise,exact_with_invalid_item_fp,category,gender,19,2305,3374,0.008175559380378658,0.005599764220453876,0.0066468427496938955
0925-01-kanana-3b-full,kakaocorp/kanana-2-3b-instruct,full_context_targeted,fence_itemwise,exact_with_invalid_item_fp,category,investment_profile,3,403,3297,0.007389162561576354,0.0009090909090909091,0.0016189962223421479
0925-01-kanana-3b-full,kakaocorp/kanana-2-3b-instruct,full_context_targeted,fence_itemwise,exact_with_invalid_item_fp,category,life_event,1,394,1592,0.002531645569620253,0.0006277463904582549,0.001006036217303823
0925-01-kanana-3b-full,kakaocorp/kanana-2-3b-instruct,full_context_targeted,fence_itemwise,exact_with_invalid_item_fp,category,location_mention,0,373,2036,0.0,0.0,0.0
0925-01-kanana-3b-full,kakaocorp/kanana-2-3b-instruct,full_context_targeted,fence_itemwise,exact_with_invalid_item_fp,category,nationality,77,2055,3243,0.036116322701688554,0.02319277108433735,0.028246515040352166
0925-01-kanana-3b-full,kakaocorp/kanana-2-3b-instruct,full_context_targeted,fence_itemwise,exact_with_invalid_item_fp,category,online_handle,11,1013,547,0.0107421875,0.01971326164874552,0.01390644753476612
0925-01-kanana-3b-full,kakaocorp/kanana-2-3b-instruct,full_context_targeted,fence_itemwise,exact_with_invalid_item_fp,category,passport_no,56,3849,504,0.014340588988476313,0.1,0.025083986562150055
0925-01-kanana-3b-full,kakaocorp/kanana-2-3b-instruct,full_context_targeted,fence_itemwise,exact_with_invalid_item_fp,category,person_name,2044,12059,37093,0.14493370204920938,0.052226793060275445,0.07678437265214125
0925-01-kanana-3b-full,kakaocorp/kanana-2-3b-instruct,full_context_targeted,fence_itemwise,exact_with_invalid_item_fp,category,phone_no,677,8373,7589,0.07480662983425414,0.08190176627147351,0.0781935781935782
0925-01-kanana-3b-full,kakaocorp/kanana-2-3b-instruct,full_context_targeted,fence_itemwise,exact_with_invalid_item_fp,category,public_record,0,328,796,0.0,0.0,0.0
0925-01-kanana-3b-full,kakaocorp/kanana-2-3b-instruct,full_context_targeted,fence_itemwise,exact_with_invalid_item_fp,category,rrn,608,13411,5397,0.04336971253299094,0.10124895920066611,0.060727127447063524
0925-01-kanana-3b-full,kakaocorp/kanana-2-3b-instruct,full_context_targeted,fence_itemwise,exact_with_invalid_item_fp,category,securities_account_no,13,697,3178,0.018309859154929577,0.00407395800689439,0.0066649577031530375
0925-01-kanana-3b-full,kakaocorp/kanana-2-3b-instruct,full_context_targeted,fence_itemwise,exact_with_invalid_item_fp,category,sensitive_info,1,952,1989,0.001049317943336831,0.0005025125628140704,0.0006795786612300374
0925-01-kanana-3b-full,kakaocorp/kanana-2-3b-instruct,full_context_targeted,fence_itemwise,exact_with_invalid_item_fp,category,service_usage,1,375,3562,0.0026595744680851063,0.000280662363177098,0.0005077430820005078
0925-01-kanana-3b-full,kakaocorp/kanana-2-3b-instruct,full_context_targeted,fence_itemwise,exact_with_invalid_item_fp,category,transaction_record,21,1913,24837,0.010858324715615306,0.0008447984552256819,0.0015676321289937296
0925-01-kanana-3b-full,kakaocorp/kanana-2-3b-instruct,full_context_targeted,fence_itemwise,exact_with_invalid_item_fp,tier_kind_tlevel,I/attribute/T0,37,2398,16281,0.015195071868583163,0.002267434734648854,0.003946035301018504
0925-01-kanana-3b-full,kakaocorp/kanana-2-3b-instruct,full_context_targeted,fence_itemwise,exact_with_invalid_item_fp,tier_kind_tlevel,I/attribute/T1,17,2542,15609,0.006643220007815553,0.0010879303724561629,0.0018696728072587297
0925-01-kanana-3b-full,kakaocorp/kanana-2-3b-instruct,full_context_targeted,fence_itemwise,exact_with_invalid_item_fp,tier_kind_tlevel,I/attribute/T2,32,2292,15832,0.013769363166953529,0.002017145738779627,0.003518803606773697
0925-01-kanana-3b-full,kakaocorp/kanana-2-3b-instruct,full_context_targeted,fence_itemwise,exact_with_invalid_item_fp,tier_kind_tlevel,I/attribute/T3,41,3167,16298,0.012780548628428928,0.002509333496542016,0.004195017138179772
0925-01-kanana-3b-full,kakaocorp/kanana-2-3b-instruct,full_context_targeted,fence_itemwise,exact_with_invalid_item_fp,tier_kind_tlevel,L/attribute/T0,11,1313,13984,0.008308157099697885,0.0007859949982136477,0.001436125073438214
0925-01-kanana-3b-full,kakaocorp/kanana-2-3b-instruct,full_context_targeted,fence_itemwise,exact_with_invalid_item_fp,tier_kind_tlevel,L/attribute/T1,9,1368,13603,0.006535947712418301,0.0006611813106082868,0.0012008806458069252
0925-01-kanana-3b-full,kakaocorp/kanana-2-3b-instruct,full_context_targeted,fence_itemwise,exact_with_invalid_item_fp,tier_kind_tlevel,L/attribute/T2,9,1197,13350,0.007462686567164179,0.0006737031214911295,0.0012358393408856848
0925-01-kanana-3b-full,kakaocorp/kanana-2-3b-instruct,full_context_targeted,fence_itemwise,exact_with_invalid_item_fp,tier_kind_tlevel,L/attribute/T3,8,1631,12532,0.004881025015253203,0.0006379585326953748,0.001128429367374286
0925-01-kanana-3b-full,kakaocorp/kanana-2-3b-instruct,full_context_targeted,fence_itemwise,exact_with_invalid_item_fp,tier_kind_tlevel,L/identifier/T0,2314,14065,25693,0.1412784663288357,0.08262220159245903,0.10426711125129545
0925-01-kanana-3b-full,kakaocorp/kanana-2-3b-instruct,full_context_targeted,fence_itemwise,exact_with_invalid_item_fp,tier_kind_tlevel,L/identifier/T1,600,17608,27176,0.032952548330404216,0.021601382488479263,0.026096033402922755
0925-01-kanana-3b-full,kakaocorp/kanana-2-3b-instruct,full_context_targeted,fence_itemwise,exact_with_invalid_item_fp,tier_kind_tlevel,L/identifier/T2,962,16290,27179,0.05576165082309297,0.03418499697949611,0.04238538981781332
0925-01-kanana-3b-full,kakaocorp/kanana-2-3b-instruct,full_context_targeted,fence_itemwise,exact_with_invalid_item_fp,tier_kind_tlevel,L/identifier/T3,778,15148,16309,0.04885093557704383,0.045531690759056595,0.04713294762669251
0925-01-kanana-3b-full,kakaocorp/kanana-2-3b-instruct,full_context_targeted,fence_itemwise,exact_with_invalid_item_fp,tier_kind_tlevel,unassigned/invalid_item/T0,0,368,0,0.0,0.0,0.0
0925-01-kanana-3b-full,kakaocorp/kanana-2-3b-instruct,full_context_targeted,fence_itemwise,exact_with_invalid_item_fp,tier_kind_tlevel,unassigned/invalid_item/T1,0,377,0,0.0,0.0,0.0
0925-01-kanana-3b-full,kakaocorp/kanana-2-3b-instruct,full_context_targeted,fence_itemwise,exact_with_invalid_item_fp,tier_kind_tlevel,unassigned/invalid_item/T2,0,412,0,0.0,0.0,0.0
0925-01-kanana-3b-full,kakaocorp/kanana-2-3b-instruct,full_context_targeted,fence_itemwise,exact_with_invalid_item_fp,tier_kind_tlevel,unassigned/invalid_item/T3,0,488,0,0.0,0.0,0.0
0925-01-kanana-3b-full,kakaocorp/kanana-2-3b-instruct,full_context_targeted,fence_itemwise,anchored_character_coverage,doc_type,bank_statement,5467,3447,1148313,0.6133049136190263,0.004738338331397667,0.00940402203847272
0925-01-kanana-3b-full,kakaocorp/kanana-2-3b-instruct,full_context_targeted,fence_itemwise,anchored_character_coverage,doc_type,card_statement,7024,3218,787753,0.6858035539933607,0.008837699128183125,0.017450519801395992
0925-01-kanana-3b-full,kakaocorp/kanana-2-3b-instruct,full_context_targeted,fence_itemwise,anchored_character_coverage,doc_type,complaint_case,7026,1949,710413,0.782841225626741,0.009793167084588376,0.019344340830435538
0925-01-kanana-3b-full,kakaocorp/kanana-2-3b-instruct,full_context_targeted,fence_itemwise,anchored_character_coverage,doc_type,cs_transcript,4547,1859,432718,0.7098033093974399,0.010398728459858439,0.02049717020044132
0925-01-kanana-3b-full,kakaocorp/kanana-2-3b-instruct,full_context_targeted,fence_itemwise,anchored_character_coverage,doc_type,insurance_claim,5906,1745,635845,0.771925238530911,0.009202946314068853,0.018189041610589436
0925-01-kanana-3b-full,kakaocorp/kanana-2-3b-instruct,full_context_targeted,fence_itemwise,anchored_character_coverage,doc_type,internal_memo,5204,2340,646737,0.6898197242841994,0.007982317418293987,0.015782011721267353
0925-01-kanana-3b-full,kakaocorp/kanana-2-3b-instruct,full_context_targeted,fence_itemwise,anchored_character_coverage,doc_type,kyc_form,10035,1890,638178,0.8415094339622642,0.015481022441697405,0.03040273397380548
0925-01-kanana-3b-full,kakaocorp/kanana-2-3b-instruct,full_context_targeted,fence_itemwise,anchored_character_coverage,doc_type,loan_contract,8155,1405,356991,0.8530334728033473,0.022333532340488464,0.04352745886108042
0925-01-kanana-3b-full,kakaocorp/kanana-2-3b-instruct,full_context_targeted,fence_itemwise,anchored_character_coverage,doc_type,phishing_report,6522,3088,655023,0.6786680541103017,0.009858739768269733,0.019435152833548137
0925-01-kanana-3b-full,kakaocorp/kanana-2-3b-instruct,full_context_targeted,fence_itemwise,anchored_character_coverage,doc_type,securities_trade_report,5139,2404,804807,0.6812939148879756,0.0063448674356068185,0.012572646237441728
0925-01-kanana-3b-full,kakaocorp/kanana-2-3b-instruct,full_context_targeted,fence_itemwise,anchored_character_coverage,variation_level,T0,24360,7743,1724357,0.7588075880758808,0.013930212836039221,0.027358183308812793
0925-01-kanana-3b-full,kakaocorp/kanana-2-3b-instruct,full_context_targeted,fence_itemwise,anchored_character_coverage,variation_level,T1,15808,5782,1787651,0.7321908290875405,0.008765378087331068,0.017323370495805866
0925-01-kanana-3b-full,kakaocorp/kanana-2-3b-instruct,full_context_targeted,fence_itemwise,anchored_character_coverage,variation_level,T2,13983,4600,1793350,0.7524619275682075,0.007736814411068685,0.015316148168919052
0925-01-kanana-3b-full,kakaocorp/kanana-2-3b-instruct,full_context_targeted,fence_itemwise,anchored_character_coverage,variation_level,T3,10874,5220,1511420,0.6756555237976886,0.0071431668258562404,0.0141368757426605
0925-01-kanana-3b-full,kakaocorp/kanana-2-3b-instruct,full_context_targeted,fence_itemwise,anchored_character_coverage,context_len_bucket,16k,40499,16424,4493598,0.7114698803647032,0.00893209827668001,0.01764270249312789
0925-01-kanana-3b-full,kakaocorp/kanana-2-3b-instruct,full_context_targeted,fence_itemwise,anchored_character_coverage,context_len_bucket,1k,11308,2961,545220,0.7924872100357419,0.020318833913118478,0.03962179198559208
0925-01-kanana-3b-full,kakaocorp/kanana-2-3b-instruct,full_context_targeted,fence_itemwise,anchored_character_coverage,context_len_bucket,4k,13218,3960,1777960,0.7694725812085226,0.00737950108811073,0.014618802934820357
0925-01-kanana-3b-full,kakaocorp/kanana-2-3b-instruct,full_context_targeted,fence_itemwise,anchored_character_coverage,num_subjects,1,15506,4282,1829604,0.7836062259955529,0.008403835001707216,0.01662932771658289
0925-01-kanana-3b-full,kakaocorp/kanana-2-3b-instruct,full_context_targeted,fence_itemwise,anchored_character_coverage,num_subjects,3,24870,9489,2328910,0.7238278180389418,0.010565983226979582,0.02082793338243712
0925-01-kanana-3b-full,kakaocorp/kanana-2-3b-instruct,full_context_targeted,fence_itemwise,anchored_character_coverage,num_subjects,8,24649,9574,2658264,0.720246617771674,0.00918740190233526,0.01814336860576725
0925-01-kanana-3b-full,kakaocorp/kanana-2-3b-instruct,full_context_targeted,fence_itemwise,anchored_character_coverage,generator_model,gpt-6-astra,18428,9499,3264304,0.6598632148100405,0.0056136169507593064,0.011132526786962959
0925-01-kanana-3b-full,kakaocorp/kanana-2-3b-instruct,full_context_targeted,fence_itemwise,anchored_character_coverage,generator_model,zai-org/GLM-5.2-FP8,46597,13846,3552474,0.7709246728322552,0.012946952144039393,0.025466223110500466
0925-01-kanana-3b-full,kakaocorp/kanana-2-3b-instruct,full_context_targeted,fence_itemwise,anchored_character_coverage,category,access_credential,113,83,12975,0.576530612244898,0.008633863080684596,0.01701294790725685
0925-01-kanana-3b-full,kakaocorp/kanana-2-3b-instruct,full_context_targeted,fence_itemwise,anchored_character_coverage,category,address,9350,3297,60472,0.7393057642128568,0.13391194752370314,0.2267518703997866
0925-01-kanana-3b-full,kakaocorp/kanana-2-3b-instruct,full_context_targeted,fence_itemwise,anchored_character_coverage,category,bank_account_no,6615,1446,266451,0.8206177893561593,0.02422491265847817,0.04706058116082767
0925-01-kanana-3b-full,kakaocorp/kanana-2-3b-instruct,full_context_targeted,fence_itemwise,anchored_character_coverage,category,business_reg_no,259,758,7458,0.25467059980334317,0.03356226512893611,0.05930844973666132
0925-01-kanana-3b-full,kakaocorp/kanana-2-3b-instruct,full_context_targeted,fence_itemwise,anchored_character_coverage,category,card_no,1024,67,61488,0.9385884509624198,0.016380854875863833,0.03219973900602173
0925-01-kanana-3b-full,kakaocorp/kanana-2-3b-instruct,full_context_targeted,fence_itemwise,anchored_character_coverage,category,consultation_content,140,164,2339272,0.4605263157894737,5.9844097576656016e-05,0.00011967264403030111
0925-01-kanana-3b-full,kakaocorp/kanana-2-3b-instruct,full_context_targeted,fence_itemwise,anchored_character_coverage,category,contract_no,169,85,59102,0.6653543307086615,0.00285131008418957,0.0056782864342713145
0925-01-kanana-3b-full,kakaocorp/kanana-2-3b-instruct,full_context_targeted,fence_itemwise,anchored_character_coverage,category,corp_reg_no,56,105,2758,0.34782608695652173,0.01990049751243781,0.03764705882352941
0925-01-kanana-3b-full,kakaocorp/kanana-2-3b-instruct,full_context_targeted,fence_itemwise,anchored_character_coverage,category,credit_score,297,101,70986,0.7462311557788944,0.00416649130928833,0.008286714750073242
0925-01-kanana-3b-full,kakaocorp/kanana-2-3b-instruct,full_context_targeted,fence_itemwise,anchored_character_coverage,category,credit_transaction,32,128,543400,0.2,5.888501229224632e-05,0.00011773536034378725
0925-01-kanana-3b-full,kakaocorp/kanana-2-3b-instruct,full_context_targeted,fence_itemwise,anchored_character_coverage,category,customer_id,1791,297,63492,0.8577586206896551,0.027434400992601443,0.05316827715189028
0925-01-kanana-3b-full,kakaocorp/kanana-2-3b-instruct,full_context_targeted,fence_itemwise,anchored_character_coverage,category,delinquency_info,28,42,88806,0.4,0.0003151946326856834,0.0006298929182039053
0925-01-kanana-3b-full,kakaocorp/kanana-2-3b-instruct,full_context_targeted,fence_itemwise,anchored_character_coverage,category,device_network,40,34,58841,0.5405405405405406,0.000679336288446188,0.0013569671783563734
0925-01-kanana-3b-full,kakaocorp/kanana-2-3b-instruct,full_context_targeted,fence_itemwise,anchored_character_coverage,category,dob_age,2122,96,85337,0.9567177637511272,0.02426279742507918,0.04732540116194788
0925-01-kanana-3b-full,kakaocorp/kanana-2-3b-instruct,full_context_targeted,fence_itemwise,anchored_character_coverage,category,driver_license_no,585,118,7442,0.8321479374110953,0.07287903326273826,0.13402061855670103
0925-01-kanana-3b-full,kakaocorp/kanana-2-3b-instruct,full_context_targeted,fence_itemwise,anchored_character_coverage,category,education,136,70,15987,0.6601941747572816,0.008435154747875706,0.016657480556065894
0925-01-kanana-3b-full,kakaocorp/kanana-2-3b-instruct,full_context_targeted,fence_itemwise,anchored_character_coverage,category,email,4850,509,59584,0.905019593207688,0.07527081975354627,0.13898241944034503
0925-01-kanana-3b-full,kakaocorp/kanana-2-3b-instruct,full_context_targeted,fence_itemwise,anchored_character_coverage,category,employer_affiliation,103,132,71354,0.43829787234042555,0.0014414263123276936,0.0028734028901411593
0925-01-kanana-3b-full,kakaocorp/kanana-2-3b-instruct,full_context_targeted,fence_itemwise,anchored_character_coverage,category,family_relation,191,159,49407,0.5457142857142857,0.0038509617323279166,0.007647953872026908
0925-01-kanana-3b-full,kakaocorp/kanana-2-3b-instruct,full_context_targeted,fence_itemwise,anchored_character_coverage,category,financial_capacity,164,97,256016,0.6283524904214559,0.0006401748770395816,0.0012790466423075874
0925-01-kanana-3b-full,kakaocorp/kanana-2-3b-instruct,full_context_targeted,fence_itemwise,anchored_character_coverage,category,foreigner_reg_no,601,1337,11599,0.31011351909184726,0.049262295081967215,0.08501909746781723
0925-01-kanana-3b-full,kakaocorp/kanana-2-3b-instruct,full_context_targeted,fence_itemwise,anchored_character_coverage,category,gender,634,173,23119,0.7856257744733581,0.02669136530122511,0.051628664495114
0925-01-kanana-3b-full,kakaocorp/kanana-2-3b-instruct,full_context_targeted,fence_itemwise,anchored_character_coverage,category,investment_profile,154,122,138174,0.5579710144927537,0.0011132959343010814,0.002222158090675594
0925-01-kanana-3b-full,kakaocorp/kanana-2-3b-instruct,full_context_targeted,fence_itemwise,anchored_character_coverage,category,life_event,30,75,57444,0.2857142857142857,0.0005219751539826704,0.0010420465794821027
0925-01-kanana-3b-full,kakaocorp/kanana-2-3b-instruct,full_context_targeted,fence_itemwise,anchored_character_coverage,category,location_mention,82,35,40154,0.7008547008547008,0.002037975941942539,0.004064134017297351
0925-01-kanana-3b-full,kakaocorp/kanana-2-3b-instruct,full_context_targeted,fence_itemwise,anchored_character_coverage,category,nationality,1558,100,28989,0.9396863691194209,0.05100337185320981,0.0967551622418879
0925-01-kanana-3b-full,kakaocorp/kanana-2-3b-instruct,full_context_targeted,fence_itemwise,anchored_character_coverage,category,online_handle,168,260,5444,0.3925233644859813,0.02993585174625802,0.05562913907284768
0925-01-kanana-3b-full,kakaocorp/kanana-2-3b-instruct,full_context_targeted,fence_itemwise,anchored_character_coverage,category,passport_no,537,1171,4743,0.31440281030444966,0.10170454545454545,0.15369204350314825
0925-01-kanana-3b-full,kakaocorp/kanana-2-3b-instruct,full_context_targeted,fence_itemwise,anchored_character_coverage,category,person_name,10922,2782,155439,0.7969935785172213,0.06565240651354584,0.12131174853525116
0925-01-kanana-3b-full,kakaocorp/kanana-2-3b-instruct,full_context_targeted,fence_itemwise,anchored_character_coverage,category,phone_no,9930,765,103821,0.9284712482468443,0.08729593585990453,0.1595872908731498
0925-01-kanana-3b-full,kakaocorp/kanana-2-3b-instruct,full_context_targeted,fence_itemwise,anchored_character_coverage,category,public_record,12,29,37169,0.2926829268292683,0.0003227454882870283,0.0006447799688356348
0925-01-kanana-3b-full,kakaocorp/kanana-2-3b-instruct,full_context_targeted,fence_itemwise,anchored_character_coverage,category,rrn,9490,6598,77383,0.5898806563898558,0.10923992494791247,0.1843416439234273
0925-01-kanana-3b-full,kakaocorp/kanana-2-3b-instruct,full_context_targeted,fence_itemwise,anchored_character_coverage,category,securities_account_no,173,204,35875,0.4588859416445623,0.004799156679982246,0.009498970487302676
0925-01-kanana-3b-full,kakaocorp/kanana-2-3b-instruct,full_context_targeted,fence_itemwise,anchored_character_coverage,category,sensitive_info,42,149,129576,0.2198952879581152,0.000324029070036569,0.0006471045921315163
0925-01-kanana-3b-full,kakaocorp/kanana-2-3b-instruct,full_context_targeted,fence_itemwise,anchored_character_coverage,category,service_usage,44,158,170836,0.21782178217821782,0.00025749063670411985,0.0005143732245356028
0925-01-kanana-3b-full,kakaocorp/kanana-2-3b-instruct,full_context_targeted,fence_itemwise,anchored_character_coverage,category,transaction_record,2583,1599,1616385,0.6176470588235294,0.0015954608120728761,0.0031827003049625727
0925-01-kanana-3b-full,kakaocorp/kanana-2-3b-instruct,full_context_targeted,fence_itemwise,anchored_character_coverage,tier_kind_tlevel,I/attribute/T0,1452,330,770965,0.8148148148148148,0.001879813623988079,0.0037509735868943256
0925-01-kanana-3b-full,kakaocorp/kanana-2-3b-instruct,full_context_targeted,fence_itemwise,anchored_character_coverage,tier_kind_tlevel,I/attribute/T1,896,302,771468,0.7479131886477463,0.0011600747833922865,0.0023165563975479663
0925-01-kanana-3b-full,kakaocorp/kanana-2-3b-instruct,full_context_targeted,fence_itemwise,anchored_character_coverage,tier_kind_tlevel,I/attribute/T2,1329,380,788470,0.7776477472205968,0.0016827066126951287,0.0033581467275125457
0925-01-kanana-3b-full,kakaocorp/kanana-2-3b-instruct,full_context_targeted,fence_itemwise,anchored_character_coverage,tier_kind_tlevel,I/attribute/T3,1557,306,748011,0.8357487922705314,0.0020771964651639346,0.004144093070421635
0925-01-kanana-3b-full,kakaocorp/kanana-2-3b-instruct,full_context_targeted,fence_itemwise,anchored_character_coverage,tier_kind_tlevel,L/attribute/T0,637,518,705191,0.5515151515151515,0.0009024861581008404,0.00180202352814707
0925-01-kanana-3b-full,kakaocorp/kanana-2-3b-instruct,full_context_targeted,fence_itemwise,anchored_character_coverage,tier_kind_tlevel,L/attribute/T1,758,408,726288,0.6500857632933105,0.0010425750227633466,0.002081811340653546
0925-01-kanana-3b-full,kakaocorp/kanana-2-3b-instruct,full_context_targeted,fence_itemwise,anchored_character_coverage,tier_kind_tlevel,L/attribute/T2,750,414,712990,0.6443298969072165,0.0010508028133493989,0.002098183812092253
0925-01-kanana-3b-full,kakaocorp/kanana-2-3b-instruct,full_context_targeted,fence_itemwise,anchored_character_coverage,tier_kind_tlevel,L/attribute/T3,1013,805,597869,0.5572057205720572,0.0016914851339662905,0.0033727318128849676
0925-01-kanana-3b-full,kakaocorp/kanana-2-3b-instruct,full_context_targeted,fence_itemwise,anchored_character_coverage,tier_kind_tlevel,L/identifier/T0,22271,6895,248201,0.7635945964479188,0.08234124049809223,0.1486527076005046
0925-01-kanana-3b-full,kakaocorp/kanana-2-3b-instruct,full_context_targeted,fence_itemwise,anchored_character_coverage,tier_kind_tlevel,L/identifier/T1,14154,5072,289895,0.7361905752626652,0.04655170712615401,0.08756631351016936
0925-01-kanana-3b-full,kakaocorp/kanana-2-3b-instruct,full_context_targeted,fence_itemwise,anchored_character_coverage,tier_kind_tlevel,L/identifier/T2,11904,3806,291890,0.757733927434755,0.03918444735577398,0.0745154990234864
0925-01-kanana-3b-full,kakaocorp/kanana-2-3b-instruct,full_context_targeted,fence_itemwise,anchored_character_coverage,tier_kind_tlevel,L/identifier/T3,8304,4109,165540,0.6689760734713607,0.04776696348450335,0.08916711855124908
0925-02-kanana-3b-local,kakaocorp/kanana-2-3b-instruct,local_window,strict,exact_with_invalid_item_fp,doc_type,bank_statement,189,235,25974,0.44575471698113206,0.007223942208462332,0.014217474705683228
0925-02-kanana-3b-local,kakaocorp/kanana-2-3b-instruct,local_window,strict,exact_with_invalid_item_fp,doc_type,card_statement,157,300,22993,0.3435448577680525,0.006781857451403888,0.013301139492523404
0925-02-kanana-3b-local,kakaocorp/kanana-2-3b-instruct,local_window,strict,exact_with_invalid_item_fp,doc_type,complaint_case,234,254,19471,0.47950819672131145,0.011875158589190561,0.02317634823948893
0925-02-kanana-3b-local,kakaocorp/kanana-2-3b-instruct,local_window,strict,exact_with_invalid_item_fp,doc_type,cs_transcript,91,178,18217,0.3382899628252788,0.004970504697400044,0.00979706088173548
0925-02-kanana-3b-local,kakaocorp/kanana-2-3b-instruct,local_window,strict,exact_with_invalid_item_fp,doc_type,insurance_claim,156,210,18338,0.4262295081967213,0.008435168162647345,0.016542948038176034
0925-02-kanana-3b-local,kakaocorp/kanana-2-3b-instruct,local_window,strict,exact_with_invalid_item_fp,doc_type,internal_memo,137,243,23880,0.3605263157894737,0.005704292792605238,0.011230889043734885
0925-02-kanana-3b-local,kakaocorp/kanana-2-3b-instruct,local_window,strict,exact_with_invalid_item_fp,doc_type,kyc_form,309,245,24693,0.5577617328519856,0.012359011279097672,0.024182188135858505
0925-02-kanana-3b-local,kakaocorp/kanana-2-3b-instruct,local_window,strict,exact_with_invalid_item_fp,doc_type,loan_contract,262,319,17690,0.4509466437177281,0.014594474153297683,0.028273889818162198
0925-02-kanana-3b-local,kakaocorp/kanana-2-3b-instruct,local_window,strict,exact_with_invalid_item_fp,doc_type,phishing_report,137,175,22521,0.4391025641025641,0.006046429517168329,0.011928602525032651
0925-02-kanana-3b-local,kakaocorp/kanana-2-3b-instruct,local_window,strict,exact_with_invalid_item_fp,doc_type,securities_trade_report,129,326,23086,0.2835164835164835,0.005556752099935386,0.010899873257287706
0925-02-kanana-3b-local,kakaocorp/kanana-2-3b-instruct,local_window,strict,exact_with_invalid_item_fp,variation_level,T0,758,519,57562,0.5935787000783085,0.012997256515775034,0.025437522022920617
0925-02-kanana-3b-local,kakaocorp/kanana-2-3b-instruct,local_window,strict,exact_with_invalid_item_fp,variation_level,T1,265,769,56749,0.2562862669245648,0.004647981197600589,0.009130374862183021
0925-02-kanana-3b-local,kakaocorp/kanana-2-3b-instruct,local_window,strict,exact_with_invalid_item_fp,variation_level,T2,402,575,56962,0.41146366427840325,0.007007879506310578,0.013781045919679128
0925-02-kanana-3b-local,kakaocorp/kanana-2-3b-instruct,local_window,strict,exact_with_invalid_item_fp,variation_level,T3,376,622,45590,0.37675350701402804,0.0081799591002045,0.016012264713397496
0925-02-kanana-3b-local,kakaocorp/kanana-2-3b-instruct,local_window,strict,exact_with_invalid_item_fp,context_len_bucket,16k,1054,1848,126492,0.36319779462439694,0.00826368525865178,0.016159695817490494
0925-02-kanana-3b-local,kakaocorp/kanana-2-3b-instruct,local_window,strict,exact_with_invalid_item_fp,context_len_bucket,1k,292,201,26353,0.592292089249493,0.010958904109589041,0.02151964035669541
0925-02-kanana-3b-local,kakaocorp/kanana-2-3b-instruct,local_window,strict,exact_with_invalid_item_fp,context_len_bucket,4k,455,436,64018,0.510662177328844,0.007057217750065919,0.01392203659506762
0925-02-kanana-3b-local,kakaocorp/kanana-2-3b-instruct,local_window,strict,exact_with_invalid_item_fp,num_subjects,1,470,969,41788,0.32661570535093815,0.011122154384968526,0.02151177426367943
0925-02-kanana-3b-local,kakaocorp/kanana-2-3b-instruct,local_window,strict,exact_with_invalid_item_fp,num_subjects,3,604,748,72705,0.4467455621301775,0.008239097518722122,0.016179799359772838
0925-02-kanana-3b-local,kakaocorp/kanana-2-3b-instruct,local_window,strict,exact_with_invalid_item_fp,num_subjects,8,727,768,102370,0.4862876254180602,0.007051611589086007,0.013901636836469328
0925-02-kanana-3b-local,kakaocorp/kanana-2-3b-instruct,local_window,strict,exact_with_invalid_item_fp,generator_model,gpt-6-astra,589,1027,77662,0.36448019801980197,0.00752706035705614,0.014749521078793494
0925-02-kanana-3b-local,kakaocorp/kanana-2-3b-instruct,local_window,strict,exact_with_invalid_item_fp,generator_model,zai-org/GLM-5.2-FP8,1212,1458,139201,0.45393258426966293,0.00863167940290429,0.01694121593760265
0925-02-kanana-3b-local,kakaocorp/kanana-2-3b-instruct,local_window,strict,exact_with_invalid_item_fp,category,access_credential,2,2,1931,0.5,0.0010346611484738748,0.002065049044914817
0925-02-kanana-3b-local,kakaocorp/kanana-2-3b-instruct,local_window,strict,exact_with_invalid_item_fp,category,address,149,540,3091,0.216255442670537,0.045987654320987656,0.07584627131585646
0925-02-kanana-3b-local,kakaocorp/kanana-2-3b-instruct,local_window,strict,exact_with_invalid_item_fp,category,bank_account_no,112,87,17293,0.5628140703517588,0.006434932490663603,0.012724380822540331
0925-02-kanana-3b-local,kakaocorp/kanana-2-3b-instruct,local_window,strict,exact_with_invalid_item_fp,category,business_reg_no,4,23,608,0.14814814814814814,0.006535947712418301,0.012519561815336464
0925-02-kanana-3b-local,kakaocorp/kanana-2-3b-instruct,local_window,strict,exact_with_invalid_item_fp,category,card_no,12,3,3272,0.8,0.0036540803897685747,0.007274931797514398
0925-02-kanana-3b-local,kakaocorp/kanana-2-3b-instruct,local_window,strict,exact_with_invalid_item_fp,category,consultation_content,0,2,33870,0.0,0.0,0.0
0925-02-kanana-3b-local,kakaocorp/kanana-2-3b-instruct,local_window,strict,exact_with_invalid_item_fp,category,contract_no,4,2,5152,0.6666666666666666,0.0007757951900698216,0.0015497869043006587
0925-02-kanana-3b-local,kakaocorp/kanana-2-3b-instruct,local_window,strict,exact_with_invalid_item_fp,category,corp_reg_no,1,4,194,0.2,0.005128205128205128,0.01
0925-02-kanana-3b-local,kakaocorp/kanana-2-3b-instruct,local_window,strict,exact_with_invalid_item_fp,category,credit_score,1,8,2558,0.1111111111111111,0.00039077764751856197,0.000778816199376947
0925-02-kanana-3b-local,kakaocorp/kanana-2-3b-instruct,local_window,strict,exact_with_invalid_item_fp,category,credit_transaction,1,7,11272,0.125,8.870753126940477e-05,0.00017728924740714476
0925-02-kanana-3b-local,kakaocorp/kanana-2-3b-instruct,local_window,strict,exact_with_invalid_item_fp,category,customer_id,54,15,6889,0.782608695652174,0.007777617744490854,0.01540216771249287
0925-02-kanana-3b-local,kakaocorp/kanana-2-3b-instruct,local_window,strict,exact_with_invalid_item_fp,category,delinquency_info,0,0,2243,0.0,0.0,0.0
0925-02-kanana-3b-local,kakaocorp/kanana-2-3b-instruct,local_window,strict,exact_with_invalid_item_fp,category,device_network,0,4,1620,0.0,0.0,0.0
0925-02-kanana-3b-local,kakaocorp/kanana-2-3b-instruct,local_window,strict,exact_with_invalid_item_fp,category,dob_age,12,88,4371,0.12,0.0027378507871321013,0.005353557885344635
0925-02-kanana-3b-local,kakaocorp/kanana-2-3b-instruct,local_window,strict,exact_with_invalid_item_fp,category,driver_license_no,10,7,506,0.5882352941176471,0.01937984496124031,0.0375234521575985
0925-02-kanana-3b-local,kakaocorp/kanana-2-3b-instruct,local_window,strict,exact_with_invalid_item_fp,category,education,0,1,607,0.0,0.0,0.0
0925-02-kanana-3b-local,kakaocorp/kanana-2-3b-instruct,local_window,strict,exact_with_invalid_item_fp,category,email,85,75,3081,0.53125,0.026847757422615286,0.05111244738424534
0925-02-kanana-3b-local,kakaocorp/kanana-2-3b-instruct,local_window,strict,exact_with_invalid_item_fp,category,employer_affiliation,1,2,4361,0.3333333333333333,0.00022925263640531865,0.0004581901489117984
0925-02-kanana-3b-local,kakaocorp/kanana-2-3b-instruct,local_window,strict,exact_with_invalid_item_fp,category,family_relation,3,4,2097,0.42857142857142855,0.0014285714285714286,0.0028476506881822496
0925-02-kanana-3b-local,kakaocorp/kanana-2-3b-instruct,local_window,strict,exact_with_invalid_item_fp,category,financial_capacity,4,6,9783,0.4,0.00040870542556452436,0.0008165765030111259
0925-02-kanana-3b-local,kakaocorp/kanana-2-3b-instruct,local_window,strict,exact_with_invalid_item_fp,category,foreigner_reg_no,10,13,834,0.43478260869565216,0.011848341232227487,0.02306805074971165
0925-02-kanana-3b-local,kakaocorp/kanana-2-3b-instruct,local_window,strict,exact_with_invalid_item_fp,category,gender,8,61,3385,0.11594202898550725,0.002357795461243737,0.00462160600808781
0925-02-kanana-3b-local,kakaocorp/kanana-2-3b-instruct,local_window,strict,exact_with_invalid_item_fp,category,investment_profile,1,0,3299,1.0,0.00030303030303030303,0.0006058770069675856
0925-02-kanana-3b-local,kakaocorp/kanana-2-3b-instruct,local_window,strict,exact_with_invalid_item_fp,category,life_event,1,3,1592,0.25,0.0006277463904582549,0.0012523481527864746
0925-02-kanana-3b-local,kakaocorp/kanana-2-3b-instruct,local_window,strict,exact_with_invalid_item_fp,category,location_mention,1,16,2035,0.058823529411764705,0.0004911591355599214,0.000974184120798831
0925-02-kanana-3b-local,kakaocorp/kanana-2-3b-instruct,local_window,strict,exact_with_invalid_item_fp,category,nationality,37,40,3283,0.4805194805194805,0.011144578313253013,0.02178392699440683
0925-02-kanana-3b-local,kakaocorp/kanana-2-3b-instruct,local_window,strict,exact_with_invalid_item_fp,category,online_handle,7,2,551,0.7777777777777778,0.012544802867383513,0.024691358024691357
0925-02-kanana-3b-local,kakaocorp/kanana-2-3b-instruct,local_window,strict,exact_with_invalid_item_fp,category,passport_no,23,31,537,0.42592592592592593,0.04107142857142857,0.0749185667752443
0925-02-kanana-3b-local,kakaocorp/kanana-2-3b-instruct,local_window,strict,exact_with_invalid_item_fp,category,person_name,803,1156,38334,0.409903011740684,0.020517668702251066,0.03907922912205567
0925-02-kanana-3b-local,kakaocorp/kanana-2-3b-instruct,local_window,strict,exact_with_invalid_item_fp,category,phone_no,301,165,7965,0.6459227467811158,0.03641422695378659,0.06894182317911131
0925-02-kanana-3b-local,kakaocorp/kanana-2-3b-instruct,local_window,strict,exact_with_invalid_item_fp,category,public_record,0,5,796,0.0,0.0,0.0
0925-02-kanana-3b-local,kakaocorp/kanana-2-3b-instruct,local_window,strict,exact_with_invalid_item_fp,category,rrn,149,54,5856,0.7339901477832512,0.024812656119900082,0.04800257731958763
0925-02-kanana-3b-local,kakaocorp/kanana-2-3b-instruct,local_window,strict,exact_with_invalid_item_fp,category,securities_account_no,2,4,3189,0.3333333333333333,0.0006267627702914447,0.0012511729746637473
0925-02-kanana-3b-local,kakaocorp/kanana-2-3b-instruct,local_window,strict,exact_with_invalid_item_fp,category,sensitive_info,0,30,1990,0.0,0.0,0.0
0925-02-kanana-3b-local,kakaocorp/kanana-2-3b-instruct,local_window,strict,exact_with_invalid_item_fp,category,service_usage,1,4,3562,0.2,0.000280662363177098,0.0005605381165919282
0925-02-kanana-3b-local,kakaocorp/kanana-2-3b-instruct,local_window,strict,exact_with_invalid_item_fp,category,transaction_record,2,21,24856,0.08695652173913043,8.045699573577922e-05,0.0001607652425545597
0925-02-kanana-3b-local,kakaocorp/kanana-2-3b-instruct,local_window,strict,exact_with_invalid_item_fp,tier_kind_tlevel,I/attribute/T0,15,64,16303,0.189873417721519,0.0009192302978306164,0.0018296029761541745
0925-02-kanana-3b-local,kakaocorp/kanana-2-3b-instruct,local_window,strict,exact_with_invalid_item_fp,tier_kind_tlevel,I/attribute/T1,17,50,15609,0.2537313432835821,0.0010879303724561629,0.0021665710826483144
0925-02-kanana-3b-local,kakaocorp/kanana-2-3b-instruct,local_window,strict,exact_with_invalid_item_fp,tier_kind_tlevel,I/attribute/T2,10,44,15854,0.18518518518518517,0.0006303580433686334,0.0012564392511622063
0925-02-kanana-3b-local,kakaocorp/kanana-2-3b-instruct,local_window,strict,exact_with_invalid_item_fp,tier_kind_tlevel,I/attribute/T3,23,67,16316,0.25555555555555554,0.0014076748883040577,0.0027999269584271713
0925-02-kanana-3b-local,kakaocorp/kanana-2-3b-instruct,local_window,strict,exact_with_invalid_item_fp,tier_kind_tlevel,L/attribute/T0,6,26,13989,0.1875,0.00042872454448017146,0.0008554929778284737
0925-02-kanana-3b-local,kakaocorp/kanana-2-3b-instruct,local_window,strict,exact_with_invalid_item_fp,tier_kind_tlevel,L/attribute/T1,1,17,13611,0.05555555555555555,7.346459006758743e-05,0.0001467351430667645
0925-02-kanana-3b-local,kakaocorp/kanana-2-3b-instruct,local_window,strict,exact_with_invalid_item_fp,tier_kind_tlevel,L/attribute/T2,1,11,13358,0.08333333333333333,7.485590238790328e-05,0.0001495774437214868
0925-02-kanana-3b-local,kakaocorp/kanana-2-3b-instruct,local_window,strict,exact_with_invalid_item_fp,tier_kind_tlevel,L/attribute/T3,0,23,12540,0.0,0.0,0.0
0925-02-kanana-3b-local,kakaocorp/kanana-2-3b-instruct,local_window,strict,exact_with_invalid_item_fp,tier_kind_tlevel,L/identifier/T0,737,429,27270,0.6320754716981132,0.026314849858963832,0.05052617145991156
0925-02-kanana-3b-local,kakaocorp/kanana-2-3b-instruct,local_window,strict,exact_with_invalid_item_fp,tier_kind_tlevel,L/identifier/T1,247,702,27529,0.2602739726027397,0.008892569124423964,0.01719756309834639
0925-02-kanana-3b-local,kakaocorp/kanana-2-3b-instruct,local_window,strict,exact_with_invalid_item_fp,tier_kind_tlevel,L/identifier/T2,391,520,27750,0.429198682766191,0.013894317899150705,0.026917251824315022
0925-02-kanana-3b-local,kakaocorp/kanana-2-3b-instruct,local_window,strict,exact_with_invalid_item_fp,tier_kind_tlevel,L/identifier/T3,353,532,16734,0.39887005649717516,0.02065898051149997,0.03928332962385934
0925-02-kanana-3b-local,kakaocorp/kanana-2-3b-instruct,local_window,strict,anchored_character_coverage,doc_type,bank_statement,1896,1634,1151884,0.5371104815864023,0.001643294215535024,0.003276563755605672
0925-02-kanana-3b-local,kakaocorp/kanana-2-3b-instruct,local_window,strict,anchored_character_coverage,doc_type,card_statement,2228,2760,792549,0.4466720128307939,0.0028033020583132125,0.005571636668271305
0925-02-kanana-3b-local,kakaocorp/kanana-2-3b-instruct,local_window,strict,anchored_character_coverage,doc_type,complaint_case,3049,2924,714390,0.5104637535576763,0.004249838662241668,0.008429497990080342
0925-02-kanana-3b-local,kakaocorp/kanana-2-3b-instruct,local_window,strict,anchored_character_coverage,doc_type,cs_transcript,1442,1610,435823,0.4724770642201835,0.003297771374338216,0.0065498266021979615
0925-02-kanana-3b-local,kakaocorp/kanana-2-3b-instruct,local_window,strict,anchored_character_coverage,doc_type,insurance_claim,1878,2598,639873,0.4195710455764075,0.0029263686383036412,0.005812199118885469
0925-02-kanana-3b-local,kakaocorp/kanana-2-3b-instruct,local_window,strict,anchored_character_coverage,doc_type,internal_memo,1347,3519,650594,0.27681874229346487,0.0020661378867106073,0.004101661523095826
0925-02-kanana-3b-local,kakaocorp/kanana-2-3b-instruct,local_window,strict,anchored_character_coverage,doc_type,kyc_form,4304,2020,643909,0.6805819101834282,0.006639792784161996,0.013151280981823794
0925-02-kanana-3b-local,kakaocorp/kanana-2-3b-instruct,local_window,strict,anchored_character_coverage,doc_type,loan_contract,3027,3562,362119,0.4594020336925178,0.008289834751031094,0.016285794988365368
0925-02-kanana-3b-local,kakaocorp/kanana-2-3b-instruct,local_window,strict,anchored_character_coverage,doc_type,phishing_report,2172,1654,659373,0.567694720334553,0.003283223363490012,0.006528688506111628
0925-02-kanana-3b-local,kakaocorp/kanana-2-3b-instruct,local_window,strict,anchored_character_coverage,doc_type,securities_trade_report,1496,3265,808450,0.31421970174333125,0.0018470367160279822,0.003672485936661892
0925-02-kanana-3b-local,kakaocorp/kanana-2-3b-instruct,local_window,strict,anchored_character_coverage,variation_level,T0,7711,6220,1741006,0.5535137463211542,0.004409518521293039,0.008749336225950956
0925-02-kanana-3b-local,kakaocorp/kanana-2-3b-instruct,local_window,strict,anchored_character_coverage,variation_level,T1,5468,6045,1797991,0.4749413706245114,0.003031951377879952,0.006025437307021817
0925-02-kanana-3b-local,kakaocorp/kanana-2-3b-instruct,local_window,strict,anchored_character_coverage,variation_level,T2,5303,6467,1802030,0.4505522514868309,0.002934157678745422,0.005830346055171147
0925-02-kanana-3b-local,kakaocorp/kanana-2-3b-instruct,local_window,strict,anchored_character_coverage,variation_level,T3,4357,6814,1517937,0.39002775042520815,0.002862127814995001,0.00568255551968907
0925-02-kanana-3b-local,kakaocorp/kanana-2-3b-instruct,local_window,strict,anchored_character_coverage,context_len_bucket,16k,13943,19699,4520154,0.41445217287913916,0.0030751437386540253,0.006104989799110676
0925-02-kanana-3b-local,kakaocorp/kanana-2-3b-instruct,local_window,strict,anchored_character_coverage,context_len_bucket,1k,3606,1426,552922,0.7166136724960255,0.006479458356093494,0.012842795070873993
0925-02-kanana-3b-local,kakaocorp/kanana-2-3b-instruct,local_window,strict,anchored_character_coverage,context_len_bucket,4k,5290,4421,1785888,0.5447430748635568,0.0029533636523003297,0.005874876241678415
0925-02-kanana-3b-local,kakaocorp/kanana-2-3b-instruct,local_window,strict,anchored_character_coverage,num_subjects,1,6410,10329,1838700,0.38293804886791327,0.003474047617757207,0.006885628211525209
0925-02-kanana-3b-local,kakaocorp/kanana-2-3b-instruct,local_window,strict,anchored_character_coverage,num_subjects,3,7416,8081,2346364,0.4785442343679422,0.0031506767837266017,0.00626013758627632
0925-02-kanana-3b-local,kakaocorp/kanana-2-3b-instruct,local_window,strict,anchored_character_coverage,num_subjects,8,9013,7136,2673900,0.5581150535636882,0.003359408225313307,0.006678616497138636
0925-02-kanana-3b-local,kakaocorp/kanana-2-3b-instruct,local_window,strict,anchored_character_coverage,generator_model,gpt-6-astra,7366,12131,3275366,0.37780171308406424,0.0022438627338448587,0.004461229066790947
0925-02-kanana-3b-local,kakaocorp/kanana-2-3b-instruct,local_window,strict,anchored_character_coverage,generator_model,zai-org/GLM-5.2-FP8,15473,13415,3583598,0.5356203267792855,0.0042991649789626265,0.008529864863412184
0925-02-kanana-3b-local,kakaocorp/kanana-2-3b-instruct,local_window,strict,anchored_character_coverage,category,access_credential,14,39,13074,0.2641509433962264,0.001069682151589242,0.002130735864850468
0925-02-kanana-3b-local,kakaocorp/kanana-2-3b-instruct,local_window,strict,anchored_character_coverage,category,address,3614,11609,66208,0.23740392826643894,0.051760190197931884,0.08499029925333647
0925-02-kanana-3b-local,kakaocorp/kanana-2-3b-instruct,local_window,strict,anchored_character_coverage,category,bank_account_no,2319,739,270747,0.7583387835186396,0.008492452374151305,0.016796801437035536
0925-02-kanana-3b-local,kakaocorp/kanana-2-3b-instruct,local_window,strict,anchored_character_coverage,category,business_reg_no,47,287,7670,0.1407185628742515,0.006090449656602307,0.011675568252391008
0925-02-kanana-3b-local,kakaocorp/kanana-2-3b-instruct,local_window,strict,anchored_character_coverage,category,card_no,223,6,62289,0.9737991266375546,0.003567315075505503,0.0071085892797373325
0925-02-kanana-3b-local,kakaocorp/kanana-2-3b-instruct,local_window,strict,anchored_character_coverage,category,consultation_content,17,109,2339395,0.1349206349206349,7.266783277165373e-06,1.4532783823130891e-05
0925-02-kanana-3b-local,kakaocorp/kanana-2-3b-instruct,local_window,strict,anchored_character_coverage,category,contract_no,45,13,59226,0.7758620689655172,0.0007592245786303589,0.0015169647221426285
0925-02-kanana-3b-local,kakaocorp/kanana-2-3b-instruct,local_window,strict,anchored_character_coverage,category,corp_reg_no,13,40,2801,0.24528301886792453,0.004619758351101635,0.009068712940355772
0925-02-kanana-3b-local,kakaocorp/kanana-2-3b-instruct,local_window,strict,anchored_character_coverage,category,credit_score,95,0,71188,1.0,0.0013327160753615868,0.0026618846143069293
0925-02-kanana-3b-local,kakaocorp/kanana-2-3b-instruct,local_window,strict,anchored_character_coverage,category,credit_transaction,55,209,543377,0.20833333333333334,0.00010120861487729835,0.00020231894293870105
0925-02-kanana-3b-local,kakaocorp/kanana-2-3b-instruct,local_window,strict,anchored_character_coverage,category,customer_id,521,212,64762,0.7107776261937244,0.007980638144693105,0.015784052350945224
0925-02-kanana-3b-local,kakaocorp/kanana-2-3b-instruct,local_window,strict,anchored_character_coverage,category,delinquency_info,0,0,88834,0.0,0.0,0.0
0925-02-kanana-3b-local,kakaocorp/kanana-2-3b-instruct,local_window,strict,anchored_character_coverage,category,device_network,38,40,58843,0.48717948717948717,0.0006453694740238787,0.0012890313607761327
0925-02-kanana-3b-local,kakaocorp/kanana-2-3b-instruct,local_window,strict,anchored_character_coverage,category,dob_age,959,586,86500,0.6207119741100323,0.01096513795035388,0.021549593276706663
0925-02-kanana-3b-local,kakaocorp/kanana-2-3b-instruct,local_window,strict,anchored_character_coverage,category,driver_license_no,160,87,7867,0.6477732793522267,0.019932727046219012,0.0386753686246072
0925-02-kanana-3b-local,kakaocorp/kanana-2-3b-instruct,local_window,strict,anchored_character_coverage,category,education,0,2,16123,0.0,0.0,0.0
0925-02-kanana-3b-local,kakaocorp/kanana-2-3b-instruct,local_window,strict,anchored_character_coverage,category,email,2096,1478,62338,0.5864577504196978,0.03252940993885216,0.06163980708151982
0925-02-kanana-3b-local,kakaocorp/kanana-2-3b-instruct,local_window,strict,anchored_character_coverage,category,employer_affiliation,25,0,71432,1.0,0.0003498607554193431,0.0006994767913600626
0925-02-kanana-3b-local,kakaocorp/kanana-2-3b-instruct,local_window,strict,anchored_character_coverage,category,family_relation,73,6,49525,0.9240506329113924,0.0014718335416750675,0.0029389858485818388
0925-02-kanana-3b-local,kakaocorp/kanana-2-3b-instruct,local_window,strict,anchored_character_coverage,category,financial_capacity,169,89,256011,0.6550387596899225,0.0006596924037785932,0.0013180573861908142
0925-02-kanana-3b-local,kakaocorp/kanana-2-3b-instruct,local_window,strict,anchored_character_coverage,category,foreigner_reg_no,165,145,12035,0.532258064516129,0.013524590163934426,0.026378896882494004
0925-02-kanana-3b-local,kakaocorp/kanana-2-3b-instruct,local_window,strict,anchored_character_coverage,category,gender,195,25,23558,0.8863636363636364,0.008209489327663874,0.016268301839569517
0925-02-kanana-3b-local,kakaocorp/kanana-2-3b-instruct,local_window,strict,anchored_character_coverage,category,investment_profile,24,0,138304,1.0,0.00017350066508588284,0.00034694113565398406
0925-02-kanana-3b-local,kakaocorp/kanana-2-3b-instruct,local_window,strict,anchored_character_coverage,category,life_event,20,13,57454,0.6060606060606061,0.00034798343598844696,0.0006955674961309058
0925-02-kanana-3b-local,kakaocorp/kanana-2-3b-instruct,local_window,strict,anchored_character_coverage,category,location_mention,65,203,40171,0.24253731343283583,0.0016154687344666467,0.0032095595496741064
0925-02-kanana-3b-local,kakaocorp/kanana-2-3b-instruct,local_window,strict,anchored_character_coverage,category,nationality,465,36,30082,0.9281437125748503,0.015222444102530527,0.02995362020097913
0925-02-kanana-3b-local,kakaocorp/kanana-2-3b-instruct,local_window,strict,anchored_character_coverage,category,online_handle,74,8,5538,0.9024390243902439,0.013186029935851747,0.02599227256761503
0925-02-kanana-3b-local,kakaocorp/kanana-2-3b-instruct,local_window,strict,anchored_character_coverage,category,passport_no,222,472,5058,0.31988472622478387,0.042045454545454546,0.07432206226983595
0925-02-kanana-3b-local,kakaocorp/kanana-2-3b-instruct,local_window,strict,anchored_character_coverage,category,person_name,4022,5917,162339,0.40466847771405573,0.02417633940647147,0.04562677254679524
0925-02-kanana-3b-local,kakaocorp/kanana-2-3b-instruct,local_window,strict,anchored_character_coverage,category,phone_no,4383,2066,109368,0.6796402543029927,0.03853152939314819,0.07292845257903494
0925-02-kanana-3b-local,kakaocorp/kanana-2-3b-instruct,local_window,strict,anchored_character_coverage,category,public_record,44,26,37137,0.6285714285714286,0.0011834001237191038,0.002362352688518429
0925-02-kanana-3b-local,kakaocorp/kanana-2-3b-instruct,local_window,strict,anchored_character_coverage,category,rrn,2388,482,84485,0.8320557491289199,0.027488402610707584,0.05321863543674715
0925-02-kanana-3b-local,kakaocorp/kanana-2-3b-instruct,local_window,strict,anchored_character_coverage,category,securities_account_no,21,48,36027,0.30434782608695654,0.0005825565912117177,0.0011628872829969267
0925-02-kanana-3b-local,kakaocorp/kanana-2-3b-instruct,local_window,strict,anchored_character_coverage,category,sensitive_info,0,361,129618,0.0,0.0,0.0
0925-02-kanana-3b-local,kakaocorp/kanana-2-3b-instruct,local_window,strict,anchored_character_coverage,category,service_usage,43,14,170837,0.7543859649122807,0.0002516385767790262,0.0005031093326781212
0925-02-kanana-3b-local,kakaocorp/kanana-2-3b-instruct,local_window,strict,anchored_character_coverage,category,transaction_record,225,179,1618743,0.556930693069307,0.00013897742265443172,0.00027788550129309385
0925-02-kanana-3b-local,kakaocorp/kanana-2-3b-instruct,local_window,strict,anchored_character_coverage,tier_kind_tlevel,I/attribute/T0,522,138,771895,0.7909090909090909,0.0006758007656486069,0.0013504476268211317
0925-02-kanana-3b-local,kakaocorp/kanana-2-3b-instruct,local_window,strict,anchored_character_coverage,tier_kind_tlevel,I/attribute/T1,425,448,771939,0.4868270332187858,0.0005502586863188859,0.0010992748665674301
0925-02-kanana-3b-local,kakaocorp/kanana-2-3b-instruct,local_window,strict,anchored_character_coverage,tier_kind_tlevel,I/attribute/T2,404,195,789395,0.674457429048414,0.0005115225519404305,0.0010222697931927965
0925-02-kanana-3b-local,kakaocorp/kanana-2-3b-instruct,local_window,strict,anchored_character_coverage,tier_kind_tlevel,I/attribute/T3,573,253,748995,0.6937046004842615,0.0007644403176229509,0.001527197712135225
0925-02-kanana-3b-local,kakaocorp/kanana-2-3b-instruct,local_window,strict,anchored_character_coverage,tier_kind_tlevel,L/attribute/T0,325,310,705503,0.5118110236220472,0.0004604521214800206,0.0009200764937441876
0925-02-kanana-3b-local,kakaocorp/kanana-2-3b-instruct,local_window,strict,anchored_character_coverage,tier_kind_tlevel,L/attribute/T1,91,133,726955,0.40625,0.00012516401988319859,0.00025025093844101916
0925-02-kanana-3b-local,kakaocorp/kanana-2-3b-instruct,local_window,strict,anchored_character_coverage,tier_kind_tlevel,L/attribute/T2,111,141,713629,0.44047619047619047,0.00015551881637571103,0.0003109278535333729
0925-02-kanana-3b-local,kakaocorp/kanana-2-3b-instruct,local_window,strict,anchored_character_coverage,tier_kind_tlevel,L/attribute/T3,61,280,598821,0.17888563049853373,0.00010185645920231365,0.00020359699143724456
0925-02-kanana-3b-local,kakaocorp/kanana-2-3b-instruct,local_window,strict,anchored_character_coverage,tier_kind_tlevel,L/identifier/T0,6864,5772,263608,0.5432098765432098,0.02537785796681357,0.04849032877912316
0925-02-kanana-3b-local,kakaocorp/kanana-2-3b-instruct,local_window,strict,anchored_character_coverage,tier_kind_tlevel,L/identifier/T1,4952,5464,299097,0.4754224270353303,0.016286848501392868,0.031494760943189225
0925-02-kanana-3b-local,kakaocorp/kanana-2-3b-instruct,local_window,strict,anchored_character_coverage,tier_kind_tlevel,L/identifier/T2,4788,6131,299006,0.4385016942943493,0.015760679934429252,0.030427723036544407
0925-02-kanana-3b-local,kakaocorp/kanana-2-3b-instruct,local_window,strict,anchored_character_coverage,tier_kind_tlevel,L/identifier/T3,3723,6281,170121,0.37215113954418233,0.021415752053565267,0.04050084852704408
0925-02-kanana-3b-local,kakaocorp/kanana-2-3b-instruct,local_window,itemwise,exact_with_invalid_item_fp,doc_type,bank_statement,545,3344,25618,0.14013885317562355,0.020830944463555403,0.036270464528151206
0925-02-kanana-3b-local,kakaocorp/kanana-2-3b-instruct,local_window,itemwise,exact_with_invalid_item_fp,doc_type,card_statement,432,4079,22718,0.09576590556417645,0.018660907127429807,0.031235313256932143
0925-02-kanana-3b-local,kakaocorp/kanana-2-3b-instruct,local_window,itemwise,exact_with_invalid_item_fp,doc_type,complaint_case,559,3623,19146,0.13366810138689622,0.028368434407510783,0.04680370075773433
0925-02-kanana-3b-local,kakaocorp/kanana-2-3b-instruct,local_window,itemwise,exact_with_invalid_item_fp,doc_type,cs_transcript,391,3591,17917,0.09819186338523356,0.02135678391959799,0.03508299685957829
0925-02-kanana-3b-local,kakaocorp/kanana-2-3b-instruct,local_window,itemwise,exact_with_invalid_item_fp,doc_type,insurance_claim,512,3560,17982,0.12573673870333987,0.027684654482534876,0.045378002304351676
0925-02-kanana-3b-local,kakaocorp/kanana-2-3b-instruct,local_window,itemwise,exact_with_invalid_item_fp,doc_type,internal_memo,458,4207,23559,0.09817792068595928,0.01906982554024233,0.03193640610836065
0925-02-kanana-3b-local,kakaocorp/kanana-2-3b-instruct,local_window,itemwise,exact_with_invalid_item_fp,doc_type,kyc_form,846,4506,24156,0.15807174887892378,0.033837293016558675,0.055742241549713384
0925-02-kanana-3b-local,kakaocorp/kanana-2-3b-instruct,local_window,itemwise,exact_with_invalid_item_fp,doc_type,loan_contract,622,3580,17330,0.14802475011899097,0.03464795008912656,0.05615238783064006
0925-02-kanana-3b-local,kakaocorp/kanana-2-3b-instruct,local_window,itemwise,exact_with_invalid_item_fp,doc_type,phishing_report,591,4583,22067,0.1142249710088906,0.026083502515667756,0.04246910031618281
0925-02-kanana-3b-local,kakaocorp/kanana-2-3b-instruct,local_window,itemwise,exact_with_invalid_item_fp,doc_type,securities_trade_report,434,4357,22781,0.09058651638488834,0.018694809390480294,0.03099335856602157
0925-02-kanana-3b-local,kakaocorp/kanana-2-3b-instruct,local_window,itemwise,exact_with_invalid_item_fp,variation_level,T0,2179,8610,56141,0.20196496431550653,0.03736282578875171,0.06305980407761652
0925-02-kanana-3b-local,kakaocorp/kanana-2-3b-instruct,local_window,itemwise,exact_with_invalid_item_fp,variation_level,T1,793,10767,56221,0.06859861591695501,0.01390886448942365,0.023128299355440838
0925-02-kanana-3b-local,kakaocorp/kanana-2-3b-instruct,local_window,itemwise,exact_with_invalid_item_fp,variation_level,T2,1317,10630,56047,0.11023687955135181,0.02295865002440555,0.03800262584582534
0925-02-kanana-3b-local,kakaocorp/kanana-2-3b-instruct,local_window,itemwise,exact_with_invalid_item_fp,variation_level,T3,1101,9423,44865,0.10461801596351197,0.02395248662054562,0.03898035050451407
0925-02-kanana-3b-local,kakaocorp/kanana-2-3b-instruct,local_window,itemwise,exact_with_invalid_item_fp,context_len_bucket,16k,2893,26167,124653,0.09955264969029594,0.022682012764022392,0.03694622172841398
0925-02-kanana-3b-local,kakaocorp/kanana-2-3b-instruct,local_window,itemwise,exact_with_invalid_item_fp,context_len_bucket,1k,924,4064,25721,0.18524458700882118,0.034678176018014636,0.05842000442575791
0925-02-kanana-3b-local,kakaocorp/kanana-2-3b-instruct,local_window,itemwise,exact_with_invalid_item_fp,context_len_bucket,4k,1573,9199,62900,0.146026735982176,0.024397809935942177,0.041810087048973356
0925-02-kanana-3b-local,kakaocorp/kanana-2-3b-instruct,local_window,itemwise,exact_with_invalid_item_fp,num_subjects,1,966,10005,41292,0.0880503144654088,0.022859576884850207,0.03629600405793834
0925-02-kanana-3b-local,kakaocorp/kanana-2-3b-instruct,local_window,itemwise,exact_with_invalid_item_fp,num_subjects,3,1923,12993,71386,0.12892196299275946,0.026231431338580528,0.043593085860017
0925-02-kanana-3b-local,kakaocorp/kanana-2-3b-instruct,local_window,itemwise,exact_with_invalid_item_fp,num_subjects,8,2501,16432,100596,0.13209739608091692,0.02425870781885021,0.04098992051134967
0925-02-kanana-3b-local,kakaocorp/kanana-2-3b-instruct,local_window,itemwise,exact_with_invalid_item_fp,generator_model,gpt-6-astra,1645,14135,76606,0.10424588086185044,0.021022095564273938,0.03498846125214025
0925-02-kanana-3b-local,kakaocorp/kanana-2-3b-instruct,local_window,itemwise,exact_with_invalid_item_fp,generator_model,zai-org/GLM-5.2-FP8,3745,25295,136668,0.12896005509641872,0.02667131960715888,0.04420104689795991
0925-02-kanana-3b-local,kakaocorp/kanana-2-3b-instruct,local_window,itemwise,exact_with_invalid_item_fp,category,__unassigned_invalid_item__,0,2306,0,0.0,0.0,0.0
0925-02-kanana-3b-local,kakaocorp/kanana-2-3b-instruct,local_window,itemwise,exact_with_invalid_item_fp,category,access_credential,18,86,1915,0.17307692307692307,0.009311950336264873,0.017673048600883652
0925-02-kanana-3b-local,kakaocorp/kanana-2-3b-instruct,local_window,itemwise,exact_with_invalid_item_fp,category,address,379,5150,2861,0.06854765780430458,0.1169753086419753,0.08644087125099784
0925-02-kanana-3b-local,kakaocorp/kanana-2-3b-instruct,local_window,itemwise,exact_with_invalid_item_fp,category,bank_account_no,456,2407,16949,0.159273489346839,0.02619936799770181,0.044997039668442866
0925-02-kanana-3b-local,kakaocorp/kanana-2-3b-instruct,local_window,itemwise,exact_with_invalid_item_fp,category,business_reg_no,16,278,596,0.05442176870748299,0.026143790849673203,0.03532008830022075
0925-02-kanana-3b-local,kakaocorp/kanana-2-3b-instruct,local_window,itemwise,exact_with_invalid_item_fp,category,card_no,50,145,3234,0.2564102564102564,0.015225334957369063,0.02874389192296637
0925-02-kanana-3b-local,kakaocorp/kanana-2-3b-instruct,local_window,itemwise,exact_with_invalid_item_fp,category,consultation_content,1,33,33869,0.029411764705882353,2.9524653085326247e-05,5.899008966493629e-05
0925-02-kanana-3b-local,kakaocorp/kanana-2-3b-instruct,local_window,itemwise,exact_with_invalid_item_fp,category,contract_no,15,77,5141,0.16304347826086957,0.0029092319627618307,0.005716463414634146
0925-02-kanana-3b-local,kakaocorp/kanana-2-3b-instruct,local_window,itemwise,exact_with_invalid_item_fp,category,corp_reg_no,2,70,193,0.027777777777777776,0.010256410256410256,0.0149812734082397
0925-02-kanana-3b-local,kakaocorp/kanana-2-3b-instruct,local_window,itemwise,exact_with_invalid_item_fp,category,credit_score,4,242,2555,0.016260162601626018,0.0015631105900742479,0.00285204991087344
0925-02-kanana-3b-local,kakaocorp/kanana-2-3b-instruct,local_window,itemwise,exact_with_invalid_item_fp,category,credit_transaction,1,145,11272,0.00684931506849315,8.870753126940477e-05,0.00017514668534897976
0925-02-kanana-3b-local,kakaocorp/kanana-2-3b-instruct,local_window,itemwise,exact_with_invalid_item_fp,category,customer_id,153,569,6790,0.21191135734072022,0.02203658360939075,0.039921722113502936
0925-02-kanana-3b-local,kakaocorp/kanana-2-3b-instruct,local_window,itemwise,exact_with_invalid_item_fp,category,delinquency_info,2,14,2241,0.125,0.0008916629514043691,0.0017706949977866313
0925-02-kanana-3b-local,kakaocorp/kanana-2-3b-instruct,local_window,itemwise,exact_with_invalid_item_fp,category,device_network,0,52,1620,0.0,0.0,0.0
0925-02-kanana-3b-local,kakaocorp/kanana-2-3b-instruct,local_window,itemwise,exact_with_invalid_item_fp,category,dob_age,19,1009,4364,0.01848249027237354,0.004334930412959161,0.0070227314729255225
0925-02-kanana-3b-local,kakaocorp/kanana-2-3b-instruct,local_window,itemwise,exact_with_invalid_item_fp,category,driver_license_no,28,192,488,0.12727272727272726,0.05426356589147287,0.07608695652173914
0925-02-kanana-3b-local,kakaocorp/kanana-2-3b-instruct,local_window,itemwise,exact_with_invalid_item_fp,category,education,5,101,602,0.04716981132075472,0.008237232289950576,0.014025245441795231
0925-02-kanana-3b-local,kakaocorp/kanana-2-3b-instruct,local_window,itemwise,exact_with_invalid_item_fp,category,email,175,1325,2991,0.11666666666666667,0.05527479469361971,0.07501071581654523
0925-02-kanana-3b-local,kakaocorp/kanana-2-3b-instruct,local_window,itemwise,exact_with_invalid_item_fp,category,employer_affiliation,3,77,4359,0.0375,0.000687757909215956,0.0013507429085997298
0925-02-kanana-3b-local,kakaocorp/kanana-2-3b-instruct,local_window,itemwise,exact_with_invalid_item_fp,category,family_relation,7,72,2093,0.08860759493670886,0.0033333333333333335,0.006424965580541533
0925-02-kanana-3b-local,kakaocorp/kanana-2-3b-instruct,local_window,itemwise,exact_with_invalid_item_fp,category,financial_capacity,15,232,9772,0.06072874493927125,0.0015326453458669664,0.0029898345624875425
0925-02-kanana-3b-local,kakaocorp/kanana-2-3b-instruct,local_window,itemwise,exact_with_invalid_item_fp,category,foreigner_reg_no,46,354,798,0.115,0.054502369668246446,0.07395498392282958
0925-02-kanana-3b-local,kakaocorp/kanana-2-3b-instruct,local_window,itemwise,exact_with_invalid_item_fp,category,gender,21,838,3372,0.024447031431897557,0.00618921308576481,0.009877704609595485
0925-02-kanana-3b-local,kakaocorp/kanana-2-3b-instruct,local_window,itemwise,exact_with_invalid_item_fp,category,investment_profile,1,77,3299,0.01282051282051282,0.00030303030303030303,0.0005920663114268798
0925-02-kanana-3b-local,kakaocorp/kanana-2-3b-instruct,local_window,itemwise,exact_with_invalid_item_fp,category,life_event,2,44,1591,0.043478260869565216,0.0012554927809165098,0.0024405125076266015
0925-02-kanana-3b-local,kakaocorp/kanana-2-3b-instruct,local_window,itemwise,exact_with_invalid_item_fp,category,location_mention,5,149,2031,0.032467532467532464,0.002455795677799607,0.0045662100456621
0925-02-kanana-3b-local,kakaocorp/kanana-2-3b-instruct,local_window,itemwise,exact_with_invalid_item_fp,category,nationality,128,849,3192,0.13101330603889458,0.03855421686746988,0.05957644868512916
0925-02-kanana-3b-local,kakaocorp/kanana-2-3b-instruct,local_window,itemwise,exact_with_invalid_item_fp,category,online_handle,21,175,537,0.10714285714285714,0.03763440860215054,0.05570291777188329
0925-02-kanana-3b-local,kakaocorp/kanana-2-3b-instruct,local_window,itemwise,exact_with_invalid_item_fp,category,passport_no,49,930,511,0.05005107252298264,0.0875,0.06367771280051981
0925-02-kanana-3b-local,kakaocorp/kanana-2-3b-instruct,local_window,itemwise,exact_with_invalid_item_fp,category,person_name,2579,13413,36558,0.16126813406703353,0.06589672177223599,0.09356237189138203
0925-02-kanana-3b-local,kakaocorp/kanana-2-3b-instruct,local_window,itemwise,exact_with_invalid_item_fp,category,phone_no,760,4573,7506,0.1425089068066754,0.09194289862085651,0.11177292447974116
0925-02-kanana-3b-local,kakaocorp/kanana-2-3b-instruct,local_window,itemwise,exact_with_invalid_item_fp,category,public_record,0,19,796,0.0,0.0,0.0
0925-02-kanana-3b-local,kakaocorp/kanana-2-3b-instruct,local_window,itemwise,exact_with_invalid_item_fp,category,rrn,383,2424,5622,0.13644460277876735,0.06378018318068276,0.08692691783931003
0925-02-kanana-3b-local,kakaocorp/kanana-2-3b-instruct,local_window,itemwise,exact_with_invalid_item_fp,category,securities_account_no,10,52,3181,0.16129032258064516,0.0031338138514572234,0.006148170919151552
0925-02-kanana-3b-local,kakaocorp/kanana-2-3b-instruct,local_window,itemwise,exact_with_invalid_item_fp,category,sensitive_info,1,292,1989,0.0034129692832764505,0.0005025125628140704,0.0008760402978537013
0925-02-kanana-3b-local,kakaocorp/kanana-2-3b-instruct,local_window,itemwise,exact_with_invalid_item_fp,category,service_usage,1,43,3562,0.022727272727272728,0.000280662363177098,0.0005544774050457444
0925-02-kanana-3b-local,kakaocorp/kanana-2-3b-instruct,local_window,itemwise,exact_with_invalid_item_fp,category,transaction_record,34,616,24824,0.052307692307692305,0.0013677689275082467,0.0026658303277403168
0925-02-kanana-3b-local,kakaocorp/kanana-2-3b-instruct,local_window,itemwise,exact_with_invalid_item_fp,tier_kind_tlevel,I/attribute/T0,46,750,16272,0.05778894472361809,0.002818972913347224,0.005375715788243543
0925-02-kanana-3b-local,kakaocorp/kanana-2-3b-instruct,local_window,itemwise,exact_with_invalid_item_fp,tier_kind_tlevel,I/attribute/T1,42,859,15584,0.04661487236403995,0.0026878279790093435,0.005082592121982211
0925-02-kanana-3b-local,kakaocorp/kanana-2-3b-instruct,local_window,itemwise,exact_with_invalid_item_fp,tier_kind_tlevel,I/attribute/T2,36,831,15828,0.04152249134948097,0.0022692889561270802,0.004303388918773534
0925-02-kanana-3b-local,kakaocorp/kanana-2-3b-instruct,local_window,itemwise,exact_with_invalid_item_fp,tier_kind_tlevel,I/attribute/T3,69,904,16270,0.07091469681397738,0.004223024664912174,0.007971349353049908
0925-02-kanana-3b-local,kakaocorp/kanana-2-3b-instruct,local_window,itemwise,exact_with_invalid_item_fp,tier_kind_tlevel,L/attribute/T0,39,361,13956,0.0975,0.0027867095391211146,0.005418548106981591
0925-02-kanana-3b-local,kakaocorp/kanana-2-3b-instruct,local_window,itemwise,exact_with_invalid_item_fp,tier_kind_tlevel,L/attribute/T1,3,373,13609,0.007978723404255319,0.00022039377020276226,0.00042893909064912783
0925-02-kanana-3b-local,kakaocorp/kanana-2-3b-instruct,local_window,itemwise,exact_with_invalid_item_fp,tier_kind_tlevel,L/attribute/T2,8,383,13351,0.020460358056265986,0.0005988472191032262,0.0011636363636363637
0925-02-kanana-3b-local,kakaocorp/kanana-2-3b-instruct,local_window,itemwise,exact_with_invalid_item_fp,tier_kind_tlevel,L/attribute/T3,7,443,12533,0.015555555555555555,0.0005582137161084529,0.001077752117013087
0925-02-kanana-3b-local,kakaocorp/kanana-2-3b-instruct,local_window,itemwise,exact_with_invalid_item_fp,tier_kind_tlevel,L/identifier/T0,2094,7023,25913,0.2296808160579138,0.07476702253008176,0.11281111949143412
0925-02-kanana-3b-local,kakaocorp/kanana-2-3b-instruct,local_window,itemwise,exact_with_invalid_item_fp,tier_kind_tlevel,L/identifier/T1,748,8934,27028,0.07725676513117125,0.02692972350230415,0.0399380639649741
0925-02-kanana-3b-local,kakaocorp/kanana-2-3b-instruct,local_window,itemwise,exact_with_invalid_item_fp,tier_kind_tlevel,L/identifier/T2,1273,8767,26868,0.12679282868525896,0.04523648768700472,0.06668238128912286
0925-02-kanana-3b-local,kakaocorp/kanana-2-3b-instruct,local_window,itemwise,exact_with_invalid_item_fp,tier_kind_tlevel,L/identifier/T3,1025,7496,16062,0.12029104565191878,0.05998712471469538,0.08005310840362387
0925-02-kanana-3b-local,kakaocorp/kanana-2-3b-instruct,local_window,itemwise,exact_with_invalid_item_fp,tier_kind_tlevel,unassigned/invalid_item/T0,0,476,0,0.0,0.0,0.0
0925-02-kanana-3b-local,kakaocorp/kanana-2-3b-instruct,local_window,itemwise,exact_with_invalid_item_fp,tier_kind_tlevel,unassigned/invalid_item/T1,0,601,0,0.0,0.0,0.0
0925-02-kanana-3b-local,kakaocorp/kanana-2-3b-instruct,local_window,itemwise,exact_with_invalid_item_fp,tier_kind_tlevel,unassigned/invalid_item/T2,0,649,0,0.0,0.0,0.0
0925-02-kanana-3b-local,kakaocorp/kanana-2-3b-instruct,local_window,itemwise,exact_with_invalid_item_fp,tier_kind_tlevel,unassigned/invalid_item/T3,0,580,0,0.0,0.0,0.0
0925-02-kanana-3b-local,kakaocorp/kanana-2-3b-instruct,local_window,itemwise,anchored_character_coverage,doc_type,bank_statement,7631,4146,1146149,0.6479578840112082,0.00661391253098511,0.013094168710753742
0925-02-kanana-3b-local,kakaocorp/kanana-2-3b-instruct,local_window,itemwise,anchored_character_coverage,doc_type,card_statement,5833,8066,788944,0.4196704798906396,0.007339165577262553,0.01442604949324575
0925-02-kanana-3b-local,kakaocorp/kanana-2-3b-instruct,local_window,itemwise,anchored_character_coverage,doc_type,complaint_case,7090,6338,710349,0.5280011915400655,0.009882373274940449,0.019401614794483813
0925-02-kanana-3b-local,kakaocorp/kanana-2-3b-instruct,local_window,itemwise,anchored_character_coverage,doc_type,cs_transcript,4445,4015,432820,0.5254137115839244,0.010165460304392073,0.01994503337259521
0925-02-kanana-3b-local,kakaocorp/kanana-2-3b-instruct,local_window,itemwise,anchored_character_coverage,doc_type,insurance_claim,5736,4467,636015,0.5621875918847398,0.008938046064595147,0.017596333483650688
0925-02-kanana-3b-local,kakaocorp/kanana-2-3b-instruct,local_window,itemwise,anchored_character_coverage,doc_type,internal_memo,4608,7799,647333,0.37140324010639153,0.00706812426277838,0.013872247677422074
0925-02-kanana-3b-local,kakaocorp/kanana-2-3b-instruct,local_window,itemwise,anchored_character_coverage,doc_type,kyc_form,12113,5125,636100,0.7026917275786054,0.018686758827731006,0.03640538521994858
0925-02-kanana-3b-local,kakaocorp/kanana-2-3b-instruct,local_window,itemwise,anchored_character_coverage,doc_type,loan_contract,7560,5911,357586,0.5612055526686958,0.02070404714826398,0.039934815393920506
0925-02-kanana-3b-local,kakaocorp/kanana-2-3b-instruct,local_window,itemwise,anchored_character_coverage,doc_type,phishing_report,9049,6706,652496,0.5743573468740083,0.013678585734908435,0.026720803189133325
0925-02-kanana-3b-local,kakaocorp/kanana-2-3b-instruct,local_window,itemwise,anchored_character_coverage,doc_type,securities_trade_report,4793,7492,805153,0.39015059015059017,0.005917678462514785,0.011658524186025582
0925-02-kanana-3b-local,kakaocorp/kanana-2-3b-instruct,local_window,itemwise,anchored_character_coverage,variation_level,T0,21698,14265,1727019,0.603342324055279,0.012407953945664164,0.02431584373669229
0925-02-kanana-3b-local,kakaocorp/kanana-2-3b-instruct,local_window,itemwise,anchored_character_coverage,variation_level,T1,16960,15484,1786499,0.5227468869436568,0.009404150579525235,0.018475921658170393
0925-02-kanana-3b-local,kakaocorp/kanana-2-3b-instruct,local_window,itemwise,anchored_character_coverage,variation_level,T2,16813,15639,1790520,0.5180882534204363,0.009302657562275463,0.018277135643567047
0925-02-kanana-3b-local,kakaocorp/kanana-2-3b-instruct,local_window,itemwise,anchored_character_coverage,variation_level,T3,13387,14677,1508907,0.47701681870011403,0.008793964897713582,0.017269559675894212
0925-02-kanana-3b-local,kakaocorp/kanana-2-3b-instruct,local_window,itemwise,anchored_character_coverage,context_len_bucket,16k,38147,45131,4495950,0.45806815725641825,0.008413362131423302,0.016523241018977234
0925-02-kanana-3b-local,kakaocorp/kanana-2-3b-instruct,local_window,itemwise,anchored_character_coverage,context_len_bucket,1k,11648,3793,544880,0.7543552878699566,0.020929764540148922,0.04072948009420091
0925-02-kanana-3b-local,kakaocorp/kanana-2-3b-instruct,local_window,itemwise,anchored_character_coverage,context_len_bucket,4k,19063,11141,1772115,0.6311415706528937,0.010642716692590017,0.020932456782816564
0925-02-kanana-3b-local,kakaocorp/kanana-2-3b-instruct,local_window,itemwise,anchored_character_coverage,num_subjects,1,14531,23381,1830579,0.38328233804600126,0.007875411222095159,0.015433701783622284
0925-02-kanana-3b-local,kakaocorp/kanana-2-3b-instruct,local_window,itemwise,anchored_character_coverage,num_subjects,3,23912,19669,2329868,0.5486794704114178,0.010158978324227413,0.019948601816747666
0925-02-kanana-3b-local,kakaocorp/kanana-2-3b-instruct,local_window,itemwise,anchored_character_coverage,num_subjects,8,30415,17015,2652498,0.6412608053974278,0.01133655843480575,0.02227925209396768
0925-02-kanana-3b-local,kakaocorp/kanana-2-3b-instruct,local_window,itemwise,anchored_character_coverage,generator_model,gpt-6-astra,19748,25328,3262984,0.43810453456384774,0.006015721051855588,0.011868473181145067
0925-02-kanana-3b-local,kakaocorp/kanana-2-3b-instruct,local_window,itemwise,anchored_character_coverage,generator_model,zai-org/GLM-5.2-FP8,49110,34737,3549961,0.5857096854985867,0.013645187883206527,0.02666907055763935
0925-02-kanana-3b-local,kakaocorp/kanana-2-3b-instruct,local_window,itemwise,anchored_character_coverage,category,access_credential,167,128,12921,0.5661016949152542,0.012759779951100244,0.02495703504445939
0925-02-kanana-3b-local,kakaocorp/kanana-2-3b-instruct,local_window,itemwise,anchored_character_coverage,category,address,9212,23375,60610,0.28268941602479514,0.13193549311105382,0.17990606294368658
0925-02-kanana-3b-local,kakaocorp/kanana-2-3b-instruct,local_window,itemwise,anchored_character_coverage,category,bank_account_no,9335,2353,263731,0.7986824093086927,0.03418587447723261,0.0655653651924117
0925-02-kanana-3b-local,kakaocorp/kanana-2-3b-instruct,local_window,itemwise,anchored_character_coverage,category,business_reg_no,223,889,7494,0.20053956834532374,0.028897239860049242,0.05051534715143278
0925-02-kanana-3b-local,kakaocorp/kanana-2-3b-instruct,local_window,itemwise,anchored_character_coverage,category,card_no,1028,73,61484,0.9336966394187103,0.016444842590222677,0.03232043764639303
0925-02-kanana-3b-local,kakaocorp/kanana-2-3b-instruct,local_window,itemwise,anchored_character_coverage,category,consultation_content,52,218,2339360,0.1925925925925926,2.2227807671329376e-05,4.4450485151400915e-05
0925-02-kanana-3b-local,kakaocorp/kanana-2-3b-instruct,local_window,itemwise,anchored_character_coverage,category,contract_no,190,50,59081,0.7916666666666666,0.003205614887550404,0.006385374132513317
0925-02-kanana-3b-local,kakaocorp/kanana-2-3b-instruct,local_window,itemwise,anchored_character_coverage,category,corp_reg_no,41,120,2773,0.2546583850931677,0.01457000710732054,0.027563025210084035
0925-02-kanana-3b-local,kakaocorp/kanana-2-3b-instruct,local_window,itemwise,anchored_character_coverage,category,credit_score,466,128,70817,0.7845117845117845,0.006537323064405258,0.012966595712119316
0925-02-kanana-3b-local,kakaocorp/kanana-2-3b-instruct,local_window,itemwise,anchored_character_coverage,category,credit_transaction,133,401,543299,0.24906367041198502,0.0002447408323396488,0.0004890011508072196
0925-02-kanana-3b-local,kakaocorp/kanana-2-3b-instruct,local_window,itemwise,anchored_character_coverage,category,customer_id,1504,455,63779,0.7677386421643696,0.023038156947444204,0.04473394604562624
0925-02-kanana-3b-local,kakaocorp/kanana-2-3b-instruct,local_window,itemwise,anchored_character_coverage,category,delinquency_info,48,0,88786,1.0,0.0005403336560326001,0.0010800837064872527
0925-02-kanana-3b-local,kakaocorp/kanana-2-3b-instruct,local_window,itemwise,anchored_character_coverage,category,device_network,189,139,58692,0.5762195121951219,0.0032098639629082387,0.006384164569575571
0925-02-kanana-3b-local,kakaocorp/kanana-2-3b-instruct,local_window,itemwise,anchored_character_coverage,category,dob_age,2129,991,85330,0.6823717948717949,0.024342834928366433,0.04700868854811822
0925-02-kanana-3b-local,kakaocorp/kanana-2-3b-instruct,local_window,itemwise,anchored_character_coverage,category,driver_license_no,451,161,7576,0.7369281045751634,0.05618537436152984,0.10441023266581781
0925-02-kanana-3b-local,kakaocorp/kanana-2-3b-instruct,local_window,itemwise,anchored_character_coverage,category,education,132,97,15991,0.5764192139737991,0.008187061961173478,0.01614481409001957
0925-02-kanana-3b-local,kakaocorp/kanana-2-3b-instruct,local_window,itemwise,anchored_character_coverage,category,email,4577,3533,59857,0.5643649815043157,0.07103392618803737,0.12618548742831937
0925-02-kanana-3b-local,kakaocorp/kanana-2-3b-instruct,local_window,itemwise,anchored_character_coverage,category,employer_affiliation,143,16,71314,0.89937106918239,0.0020012035209986427,0.003993521000893655
0925-02-kanana-3b-local,kakaocorp/kanana-2-3b-instruct,local_window,itemwise,anchored_character_coverage,category,family_relation,239,12,49359,0.952191235059761,0.00481874269123755,0.009588958655138518
0925-02-kanana-3b-local,kakaocorp/kanana-2-3b-instruct,local_window,itemwise,anchored_character_coverage,category,financial_capacity,431,364,255749,0.5421383647798742,0.0016824108049028027,0.0033544119077731295
0925-02-kanana-3b-local,kakaocorp/kanana-2-3b-instruct,local_window,itemwise,anchored_character_coverage,category,foreigner_reg_no,762,449,11438,0.629232039636664,0.062459016393442625,0.11363805831034225
0925-02-kanana-3b-local,kakaocorp/kanana-2-3b-instruct,local_window,itemwise,anchored_character_coverage,category,gender,648,104,23105,0.8617021276595744,0.027280764535006104,0.052887165884513365
0925-02-kanana-3b-local,kakaocorp/kanana-2-3b-instruct,local_window,itemwise,anchored_character_coverage,category,investment_profile,135,34,138193,0.7988165680473372,0.0009759412411080909,0.001949500711206741
0925-02-kanana-3b-local,kakaocorp/kanana-2-3b-instruct,local_window,itemwise,anchored_character_coverage,category,life_event,57,45,57417,0.5588235294117647,0.0009917527925670739,0.001979991663192997
0925-02-kanana-3b-local,kakaocorp/kanana-2-3b-instruct,local_window,itemwise,anchored_character_coverage,category,location_mention,190,488,40046,0.28023598820059,0.004722139377671737,0.009287774355966174
0925-02-kanana-3b-local,kakaocorp/kanana-2-3b-instruct,local_window,itemwise,anchored_character_coverage,category,nationality,1893,186,28654,0.9105339105339105,0.06197007889481782,0.11604242015570404
0925-02-kanana-3b-local,kakaocorp/kanana-2-3b-instruct,local_window,itemwise,anchored_character_coverage,category,online_handle,285,59,5327,0.8284883720930233,0.050784034212402,0.0957018132975151
0925-02-kanana-3b-local,kakaocorp/kanana-2-3b-instruct,local_window,itemwise,anchored_character_coverage,category,passport_no,499,2099,4781,0.19207082371054657,0.09450757575757576,0.12668189895912668
0925-02-kanana-3b-local,kakaocorp/kanana-2-3b-instruct,local_window,itemwise,anchored_character_coverage,category,person_name,13129,13468,153232,0.4936271008008422,0.07891873696359122,0.13608142704630022
0925-02-kanana-3b-local,kakaocorp/kanana-2-3b-instruct,local_window,itemwise,anchored_character_coverage,category,phone_no,11352,5132,102399,0.6886677990778937,0.09979692486219902,0.17433101700771683
0925-02-kanana-3b-local,kakaocorp/kanana-2-3b-instruct,local_window,itemwise,anchored_character_coverage,category,public_record,44,48,37137,0.4782608695652174,0.0011834001237191038,0.0023609583344512113
0925-02-kanana-3b-local,kakaocorp/kanana-2-3b-instruct,local_window,itemwise,anchored_character_coverage,category,rrn,5972,2122,80901,0.7378304917222634,0.06874402863950825,0.12577000431728916
0925-02-kanana-3b-local,kakaocorp/kanana-2-3b-instruct,local_window,itemwise,anchored_character_coverage,category,securities_account_no,117,112,35931,0.5109170305676856,0.003245672436750999,0.006450368001764203
0925-02-kanana-3b-local,kakaocorp/kanana-2-3b-instruct,local_window,itemwise,anchored_character_coverage,category,sensitive_info,82,938,129536,0.0803921568627451,0.0006326281843571109,0.0012553774552580413
0925-02-kanana-3b-local,kakaocorp/kanana-2-3b-instruct,local_window,itemwise,anchored_character_coverage,category,service_usage,141,16,170739,0.8980891719745223,0.0008251404494382023,0.0016487660564673142
0925-02-kanana-3b-local,kakaocorp/kanana-2-3b-instruct,local_window,itemwise,anchored_character_coverage,category,transaction_record,2862,1262,1616106,0.6939864209505334,0.0017677928161643713,0.0035266023121301813
0925-02-kanana-3b-local,kakaocorp/kanana-2-3b-instruct,local_window,itemwise,anchored_character_coverage,tier_kind_tlevel,I/attribute/T0,1577,342,770840,0.8217821782178217,0.002041643309248761,0.0040731672039011485
0925-02-kanana-3b-local,kakaocorp/kanana-2-3b-instruct,local_window,itemwise,anchored_character_coverage,tier_kind_tlevel,I/attribute/T1,1381,726,770983,0.6554342667299478,0.0017880170489561916,0.0035663052586862518
0925-02-kanana-3b-local,kakaocorp/kanana-2-3b-instruct,local_window,itemwise,anchored_character_coverage,tier_kind_tlevel,I/attribute/T2,1339,649,788460,0.6735412474849095,0.001695368062000585,0.0033822227442481373
0925-02-kanana-3b-local,kakaocorp/kanana-2-3b-instruct,local_window,itemwise,anchored_character_coverage,tier_kind_tlevel,I/attribute/T3,1651,629,747917,0.7241228070175438,0.002202602032103825,0.004391845160191954
0925-02-kanana-3b-local,kakaocorp/kanana-2-3b-instruct,local_window,itemwise,anchored_character_coverage,tier_kind_tlevel,L/attribute/T0,2221,809,703607,0.733003300330033,0.003146658959406541,0.006266417251410014
0925-02-kanana-3b-local,kakaocorp/kanana-2-3b-instruct,local_window,itemwise,anchored_character_coverage,tier_kind_tlevel,L/attribute/T1,313,448,726733,0.41130091984231276,0.0004305092112466061,0.0008601181357145507
0925-02-kanana-3b-local,kakaocorp/kanana-2-3b-instruct,local_window,itemwise,anchored_character_coverage,tier_kind_tlevel,L/attribute/T2,643,604,713097,0.5156375300721732,0.0009008882786448847,0.0017986341010395993
0925-02-kanana-3b-local,kakaocorp/kanana-2-3b-instruct,local_window,itemwise,anchored_character_coverage,tier_kind_tlevel,L/attribute/T3,889,1280,597993,0.4098662978331028,0.0014844326595222432,0.0029581516377146034
0925-02-kanana-3b-local,kakaocorp/kanana-2-3b-instruct,local_window,itemwise,anchored_character_coverage,tier_kind_tlevel,L/identifier/T0,17900,13114,252572,0.577158702521442,0.06618060279807152,0.11874514902847894
0925-02-kanana-3b-local,kakaocorp/kanana-2-3b-instruct,local_window,itemwise,anchored_character_coverage,tier_kind_tlevel,L/identifier/T1,15266,14310,288783,0.5161617527725183,0.050209012363138836,0.09151592356687899
0925-02-kanana-3b-local,kakaocorp/kanana-2-3b-instruct,local_window,itemwise,anchored_character_coverage,tier_kind_tlevel,L/identifier/T2,14831,14386,288963,0.5076154293733101,0.04881926568661659,0.08907213275237154
0925-02-kanana-3b-local,kakaocorp/kanana-2-3b-instruct,local_window,itemwise,anchored_character_coverage,tier_kind_tlevel,L/identifier/T3,10847,12768,162997,0.4593266991319077,0.06239502082326684,0.10986584556794068
0925-02-kanana-3b-local,kakaocorp/kanana-2-3b-instruct,local_window,fence_itemwise,exact_with_invalid_item_fp,doc_type,bank_statement,545,3350,25618,0.1399229781771502,0.020830944463555403,0.03626322443276332
0925-02-kanana-3b-local,kakaocorp/kanana-2-3b-instruct,local_window,fence_itemwise,exact_with_invalid_item_fp,doc_type,card_statement,432,4087,22718,0.09559637087851294,0.018660907127429807,0.031226282120784994
0925-02-kanana-3b-local,kakaocorp/kanana-2-3b-instruct,local_window,fence_itemwise,exact_with_invalid_item_fp,doc_type,complaint_case,559,3630,19146,0.13344473621389352,0.028368434407510783,0.046789989118607184
0925-02-kanana-3b-local,kakaocorp/kanana-2-3b-instruct,local_window,fence_itemwise,exact_with_invalid_item_fp,doc_type,cs_transcript,391,3604,17917,0.09787234042553192,0.02135678391959799,0.03506254763933103
0925-02-kanana-3b-local,kakaocorp/kanana-2-3b-instruct,local_window,fence_itemwise,exact_with_invalid_item_fp,doc_type,insurance_claim,513,3566,17981,0.1257661191468497,0.027738726073321077,0.04545253178576175
0925-02-kanana-3b-local,kakaocorp/kanana-2-3b-instruct,local_window,fence_itemwise,exact_with_invalid_item_fp,doc_type,internal_memo,461,4218,23556,0.09852532592434281,0.019194737061248284,0.03212991357680513
0925-02-kanana-3b-local,kakaocorp/kanana-2-3b-instruct,local_window,fence_itemwise,exact_with_invalid_item_fp,doc_type,kyc_form,846,4506,24156,0.15807174887892378,0.033837293016558675,0.055742241549713384
0925-02-kanana-3b-local,kakaocorp/kanana-2-3b-instruct,local_window,fence_itemwise,exact_with_invalid_item_fp,doc_type,loan_contract,622,3587,17330,0.14777856973152767,0.03464795008912656,0.05613465096340418
0925-02-kanana-3b-local,kakaocorp/kanana-2-3b-instruct,local_window,fence_itemwise,exact_with_invalid_item_fp,doc_type,phishing_report,591,4585,22067,0.1141808346213292,0.026083502515667756,0.04246604871739599
0925-02-kanana-3b-local,kakaocorp/kanana-2-3b-instruct,local_window,fence_itemwise,exact_with_invalid_item_fp,doc_type,securities_trade_report,434,4357,22781,0.09058651638488834,0.018694809390480294,0.03099335856602157
0925-02-kanana-3b-local,kakaocorp/kanana-2-3b-instruct,local_window,fence_itemwise,exact_with_invalid_item_fp,variation_level,T0,2182,8622,56138,0.20196223620881154,0.03741426611796982,0.06313292054857937
0925-02-kanana-3b-local,kakaocorp/kanana-2-3b-instruct,local_window,fence_itemwise,exact_with_invalid_item_fp,variation_level,T1,793,10795,56221,0.0684328615809458,0.01390886448942365,0.02311885950846914
0925-02-kanana-3b-local,kakaocorp/kanana-2-3b-instruct,local_window,fence_itemwise,exact_with_invalid_item_fp,variation_level,T2,1318,10637,56046,0.11024675867837724,0.0229760825604909,0.038027092139240326
0925-02-kanana-3b-local,kakaocorp/kanana-2-3b-instruct,local_window,fence_itemwise,exact_with_invalid_item_fp,variation_level,T3,1101,9436,44865,0.10448894372212204,0.02395248662054562,0.038971382050510595
0925-02-kanana-3b-local,kakaocorp/kanana-2-3b-instruct,local_window,fence_itemwise,exact_with_invalid_item_fp,context_len_bucket,16k,2893,26210,124653,0.09940555956430608,0.022682012764022392,0.03693608002604549
0925-02-kanana-3b-local,kakaocorp/kanana-2-3b-instruct,local_window,fence_itemwise,exact_with_invalid_item_fp,context_len_bucket,1k,925,4069,25720,0.1852222667200641,0.03471570651154063,0.058472138816018204
0925-02-kanana-3b-local,kakaocorp/kanana-2-3b-instruct,local_window,fence_itemwise,exact_with_invalid_item_fp,context_len_bucket,4k,1576,9211,62897,0.1461017891906925,0.02444434104198657,0.04188147754451236
0925-02-kanana-3b-local,kakaocorp/kanana-2-3b-instruct,local_window,fence_itemwise,exact_with_invalid_item_fp,num_subjects,1,970,10037,41288,0.08812573816662124,0.02295423351791377,0.036421665258612596
0925-02-kanana-3b-local,kakaocorp/kanana-2-3b-instruct,local_window,fence_itemwise,exact_with_invalid_item_fp,num_subjects,3,1923,13013,71386,0.1287493304767006,0.026231431338580528,0.04358320584735679
0925-02-kanana-3b-local,kakaocorp/kanana-2-3b-instruct,local_window,fence_itemwise,exact_with_invalid_item_fp,num_subjects,8,2501,16440,100596,0.13204160287207645,0.02425870781885021,0.04098723348465232
0925-02-kanana-3b-local,kakaocorp/kanana-2-3b-instruct,local_window,fence_itemwise,exact_with_invalid_item_fp,generator_model,gpt-6-astra,1645,14144,76606,0.10418645892710114,0.021022095564273938,0.034985112717992345
0925-02-kanana-3b-local,kakaocorp/kanana-2-3b-instruct,local_window,fence_itemwise,exact_with_invalid_item_fp,generator_model,zai-org/GLM-5.2-FP8,3749,25346,136664,0.12885375494071147,0.026699806997927542,0.04423390046487481
0925-02-kanana-3b-local,kakaocorp/kanana-2-3b-instruct,local_window,fence_itemwise,exact_with_invalid_item_fp,category,__unassigned_invalid_item__,0,2314,0,0.0,0.0,0.0
0925-02-kanana-3b-local,kakaocorp/kanana-2-3b-instruct,local_window,fence_itemwise,exact_with_invalid_item_fp,category,access_credential,18,86,1915,0.17307692307692307,0.009311950336264873,0.017673048600883652
0925-02-kanana-3b-local,kakaocorp/kanana-2-3b-instruct,local_window,fence_itemwise,exact_with_invalid_item_fp,category,address,379,5157,2861,0.06846098265895954,0.1169753086419753,0.08637192342752963
0925-02-kanana-3b-local,kakaocorp/kanana-2-3b-instruct,local_window,fence_itemwise,exact_with_invalid_item_fp,category,bank_account_no,456,2409,16949,0.15916230366492146,0.02619936799770181,0.04499259990133202
0925-02-kanana-3b-local,kakaocorp/kanana-2-3b-instruct,local_window,fence_itemwise,exact_with_invalid_item_fp,category,business_reg_no,16,278,596,0.05442176870748299,0.026143790849673203,0.03532008830022075
0925-02-kanana-3b-local,kakaocorp/kanana-2-3b-instruct,local_window,fence_itemwise,exact_with_invalid_item_fp,category,card_no,50,145,3234,0.2564102564102564,0.015225334957369063,0.02874389192296637
0925-02-kanana-3b-local,kakaocorp/kanana-2-3b-instruct,local_window,fence_itemwise,exact_with_invalid_item_fp,category,consultation_content,1,33,33869,0.029411764705882353,2.9524653085326247e-05,5.899008966493629e-05
0925-02-kanana-3b-local,kakaocorp/kanana-2-3b-instruct,local_window,fence_itemwise,exact_with_invalid_item_fp,category,contract_no,15,77,5141,0.16304347826086957,0.0029092319627618307,0.005716463414634146
0925-02-kanana-3b-local,kakaocorp/kanana-2-3b-instruct,local_window,fence_itemwise,exact_with_invalid_item_fp,category,corp_reg_no,2,70,193,0.027777777777777776,0.010256410256410256,0.0149812734082397
0925-02-kanana-3b-local,kakaocorp/kanana-2-3b-instruct,local_window,fence_itemwise,exact_with_invalid_item_fp,category,credit_score,4,242,2555,0.016260162601626018,0.0015631105900742479,0.00285204991087344
0925-02-kanana-3b-local,kakaocorp/kanana-2-3b-instruct,local_window,fence_itemwise,exact_with_invalid_item_fp,category,credit_transaction,1,145,11272,0.00684931506849315,8.870753126940477e-05,0.00017514668534897976
0925-02-kanana-3b-local,kakaocorp/kanana-2-3b-instruct,local_window,fence_itemwise,exact_with_invalid_item_fp,category,customer_id,153,570,6790,0.21161825726141079,0.02203658360939075,0.03991651447951996
0925-02-kanana-3b-local,kakaocorp/kanana-2-3b-instruct,local_window,fence_itemwise,exact_with_invalid_item_fp,category,delinquency_info,2,14,2241,0.125,0.0008916629514043691,0.0017706949977866313
0925-02-kanana-3b-local,kakaocorp/kanana-2-3b-instruct,local_window,fence_itemwise,exact_with_invalid_item_fp,category,device_network,0,52,1620,0.0,0.0,0.0
0925-02-kanana-3b-local,kakaocorp/kanana-2-3b-instruct,local_window,fence_itemwise,exact_with_invalid_item_fp,category,dob_age,19,1011,4364,0.018446601941747572,0.004334930412959161,0.007020136707925365
0925-02-kanana-3b-local,kakaocorp/kanana-2-3b-instruct,local_window,fence_itemwise,exact_with_invalid_item_fp,category,driver_license_no,28,192,488,0.12727272727272726,0.05426356589147287,0.07608695652173914
0925-02-kanana-3b-local,kakaocorp/kanana-2-3b-instruct,local_window,fence_itemwise,exact_with_invalid_item_fp,category,education,5,101,602,0.04716981132075472,0.008237232289950576,0.014025245441795231
0925-02-kanana-3b-local,kakaocorp/kanana-2-3b-instruct,local_window,fence_itemwise,exact_with_invalid_item_fp,category,email,175,1327,2991,0.11651131824234354,0.05527479469361971,0.07497857754927163
0925-02-kanana-3b-local,kakaocorp/kanana-2-3b-instruct,local_window,fence_itemwise,exact_with_invalid_item_fp,category,employer_affiliation,3,77,4359,0.0375,0.000687757909215956,0.0013507429085997298
0925-02-kanana-3b-local,kakaocorp/kanana-2-3b-instruct,local_window,fence_itemwise,exact_with_invalid_item_fp,category,family_relation,7,72,2093,0.08860759493670886,0.0033333333333333335,0.006424965580541533
0925-02-kanana-3b-local,kakaocorp/kanana-2-3b-instruct,local_window,fence_itemwise,exact_with_invalid_item_fp,category,financial_capacity,15,232,9772,0.06072874493927125,0.0015326453458669664,0.0029898345624875425
0925-02-kanana-3b-local,kakaocorp/kanana-2-3b-instruct,local_window,fence_itemwise,exact_with_invalid_item_fp,category,foreigner_reg_no,46,355,798,0.11471321695760599,0.054502369668246446,0.07389558232931727
0925-02-kanana-3b-local,kakaocorp/kanana-2-3b-instruct,local_window,fence_itemwise,exact_with_invalid_item_fp,category,gender,21,839,3372,0.02441860465116279,0.00618921308576481,0.009875382083235363
0925-02-kanana-3b-local,kakaocorp/kanana-2-3b-instruct,local_window,fence_itemwise,exact_with_invalid_item_fp,category,investment_profile,1,77,3299,0.01282051282051282,0.00030303030303030303,0.0005920663114268798
0925-02-kanana-3b-local,kakaocorp/kanana-2-3b-instruct,local_window,fence_itemwise,exact_with_invalid_item_fp,category,life_event,2,44,1591,0.043478260869565216,0.0012554927809165098,0.0024405125076266015
0925-02-kanana-3b-local,kakaocorp/kanana-2-3b-instruct,local_window,fence_itemwise,exact_with_invalid_item_fp,category,location_mention,5,149,2031,0.032467532467532464,0.002455795677799607,0.0045662100456621
0925-02-kanana-3b-local,kakaocorp/kanana-2-3b-instruct,local_window,fence_itemwise,exact_with_invalid_item_fp,category,nationality,128,850,3192,0.130879345603272,0.03855421686746988,0.05956258724988367
0925-02-kanana-3b-local,kakaocorp/kanana-2-3b-instruct,local_window,fence_itemwise,exact_with_invalid_item_fp,category,online_handle,21,175,537,0.10714285714285714,0.03763440860215054,0.05570291777188329
0925-02-kanana-3b-local,kakaocorp/kanana-2-3b-instruct,local_window,fence_itemwise,exact_with_invalid_item_fp,category,passport_no,49,932,511,0.04994903160040775,0.0875,0.063595068137573
0925-02-kanana-3b-local,kakaocorp/kanana-2-3b-instruct,local_window,fence_itemwise,exact_with_invalid_item_fp,category,person_name,2581,13436,36556,0.16114128738215647,0.06594782430947696,0.09359248649236683
0925-02-kanana-3b-local,kakaocorp/kanana-2-3b-instruct,local_window,fence_itemwise,exact_with_invalid_item_fp,category,phone_no,761,4580,7505,0.14248268114585283,0.09206387611904186,0.11185419269493643
0925-02-kanana-3b-local,kakaocorp/kanana-2-3b-instruct,local_window,fence_itemwise,exact_with_invalid_item_fp,category,public_record,0,19,796,0.0,0.0,0.0
0925-02-kanana-3b-local,kakaocorp/kanana-2-3b-instruct,local_window,fence_itemwise,exact_with_invalid_item_fp,category,rrn,384,2427,5621,0.13660618996798293,0.0639467110741049,0.08711433756805807
0925-02-kanana-3b-local,kakaocorp/kanana-2-3b-instruct,local_window,fence_itemwise,exact_with_invalid_item_fp,category,securities_account_no,10,52,3181,0.16129032258064516,0.0031338138514572234,0.006148170919151552
0925-02-kanana-3b-local,kakaocorp/kanana-2-3b-instruct,local_window,fence_itemwise,exact_with_invalid_item_fp,category,sensitive_info,1,292,1989,0.0034129692832764505,0.0005025125628140704,0.0008760402978537013
0925-02-kanana-3b-local,kakaocorp/kanana-2-3b-instruct,local_window,fence_itemwise,exact_with_invalid_item_fp,category,service_usage,1,43,3562,0.022727272727272728,0.000280662363177098,0.0005544774050457444
0925-02-kanana-3b-local,kakaocorp/kanana-2-3b-instruct,local_window,fence_itemwise,exact_with_invalid_item_fp,category,transaction_record,34,616,24824,0.052307692307692305,0.0013677689275082467,0.0026658303277403168
0925-02-kanana-3b-local,kakaocorp/kanana-2-3b-instruct,local_window,fence_itemwise,exact_with_invalid_item_fp,tier_kind_tlevel,I/attribute/T0,46,750,16272,0.05778894472361809,0.002818972913347224,0.005375715788243543
0925-02-kanana-3b-local,kakaocorp/kanana-2-3b-instruct,local_window,fence_itemwise,exact_with_invalid_item_fp,tier_kind_tlevel,I/attribute/T1,42,863,15584,0.04640883977900553,0.0026878279790093435,0.005081362289032726
0925-02-kanana-3b-local,kakaocorp/kanana-2-3b-instruct,local_window,fence_itemwise,exact_with_invalid_item_fp,tier_kind_tlevel,I/attribute/T2,36,831,15828,0.04152249134948097,0.0022692889561270802,0.004303388918773534
0925-02-kanana-3b-local,kakaocorp/kanana-2-3b-instruct,local_window,fence_itemwise,exact_with_invalid_item_fp,tier_kind_tlevel,I/attribute/T3,69,904,16270,0.07091469681397738,0.004223024664912174,0.007971349353049908
0925-02-kanana-3b-local,kakaocorp/kanana-2-3b-instruct,local_window,fence_itemwise,exact_with_invalid_item_fp,tier_kind_tlevel,L/attribute/T0,39,361,13956,0.0975,0.0027867095391211146,0.005418548106981591
0925-02-kanana-3b-local,kakaocorp/kanana-2-3b-instruct,local_window,fence_itemwise,exact_with_invalid_item_fp,tier_kind_tlevel,L/attribute/T1,3,373,13609,0.007978723404255319,0.00022039377020276226,0.00042893909064912783
0925-02-kanana-3b-local,kakaocorp/kanana-2-3b-instruct,local_window,fence_itemwise,exact_with_invalid_item_fp,tier_kind_tlevel,L/attribute/T2,8,383,13351,0.020460358056265986,0.0005988472191032262,0.0011636363636363637
0925-02-kanana-3b-local,kakaocorp/kanana-2-3b-instruct,local_window,fence_itemwise,exact_with_invalid_item_fp,tier_kind_tlevel,L/attribute/T3,7,443,12533,0.015555555555555555,0.0005582137161084529,0.001077752117013087
0925-02-kanana-3b-local,kakaocorp/kanana-2-3b-instruct,local_window,fence_itemwise,exact_with_invalid_item_fp,tier_kind_tlevel,L/identifier/T0,2097,7030,25910,0.22975786129067602,0.07487413860820509,0.1129423170140572
0925-02-kanana-3b-local,kakaocorp/kanana-2-3b-instruct,local_window,fence_itemwise,exact_with_invalid_item_fp,tier_kind_tlevel,L/identifier/T1,748,8956,27028,0.07708161582852432,0.02692972350230415,0.03991462113127001
0925-02-kanana-3b-local,kakaocorp/kanana-2-3b-instruct,local_window,fence_itemwise,exact_with_invalid_item_fp,tier_kind_tlevel,L/identifier/T2,1274,8774,26867,0.12679140127388536,0.045272023026900254,0.06672078347168033
0925-02-kanana-3b-local,kakaocorp/kanana-2-3b-instruct,local_window,fence_itemwise,exact_with_invalid_item_fp,tier_kind_tlevel,L/identifier/T3,1025,7508,16062,0.12012187976092815,0.05998712471469538,0.08001561280249805
0925-02-kanana-3b-local,kakaocorp/kanana-2-3b-instruct,local_window,fence_itemwise,exact_with_invalid_item_fp,tier_kind_tlevel,unassigned/invalid_item/T0,0,481,0,0.0,0.0,0.0
0925-02-kanana-3b-local,kakaocorp/kanana-2-3b-instruct,local_window,fence_itemwise,exact_with_invalid_item_fp,tier_kind_tlevel,unassigned/invalid_item/T1,0,603,0,0.0,0.0,0.0
0925-02-kanana-3b-local,kakaocorp/kanana-2-3b-instruct,local_window,fence_itemwise,exact_with_invalid_item_fp,tier_kind_tlevel,unassigned/invalid_item/T2,0,649,0,0.0,0.0,0.0
0925-02-kanana-3b-local,kakaocorp/kanana-2-3b-instruct,local_window,fence_itemwise,exact_with_invalid_item_fp,tier_kind_tlevel,unassigned/invalid_item/T3,0,581,0,0.0,0.0,0.0
0925-02-kanana-3b-local,kakaocorp/kanana-2-3b-instruct,local_window,fence_itemwise,anchored_character_coverage,doc_type,bank_statement,7631,4160,1146149,0.6471885336273429,0.00661391253098511,0.013094011433022957
0925-02-kanana-3b-local,kakaocorp/kanana-2-3b-instruct,local_window,fence_itemwise,anchored_character_coverage,doc_type,card_statement,5833,8066,788944,0.4196704798906396,0.007339165577262553,0.01442604949324575
0925-02-kanana-3b-local,kakaocorp/kanana-2-3b-instruct,local_window,fence_itemwise,anchored_character_coverage,doc_type,complaint_case,7090,6351,710349,0.5274905140986533,0.009882373274940449,0.019401269702276708
0925-02-kanana-3b-local,kakaocorp/kanana-2-3b-instruct,local_window,fence_itemwise,anchored_character_coverage,doc_type,cs_transcript,4448,4023,432817,0.5250855861173415,0.010172321132494026,0.019958002046054166
0925-02-kanana-3b-local,kakaocorp/kanana-2-3b-instruct,local_window,fence_itemwise,anchored_character_coverage,doc_type,insurance_claim,5742,4467,636009,0.5624449015574493,0.008947395485164806,0.017614577581446713
0925-02-kanana-3b-local,kakaocorp/kanana-2-3b-instruct,local_window,fence_itemwise,anchored_character_coverage,doc_type,internal_memo,4638,7816,647303,0.3724104705315561,0.007114140696780844,0.013961574063621791
0925-02-kanana-3b-local,kakaocorp/kanana-2-3b-instruct,local_window,fence_itemwise,anchored_character_coverage,doc_type,kyc_form,12113,5125,636100,0.7026917275786054,0.018686758827731006,0.03640538521994858
0925-02-kanana-3b-local,kakaocorp/kanana-2-3b-instruct,local_window,fence_itemwise,anchored_character_coverage,doc_type,loan_contract,7560,5911,357586,0.5612055526686958,0.02070404714826398,0.039934815393920506
0925-02-kanana-3b-local,kakaocorp/kanana-2-3b-instruct,local_window,fence_itemwise,anchored_character_coverage,doc_type,phishing_report,9049,6719,652496,0.5738838153221715,0.013678585734908435,0.026720290323676055
0925-02-kanana-3b-local,kakaocorp/kanana-2-3b-instruct,local_window,fence_itemwise,anchored_character_coverage,doc_type,securities_trade_report,4793,7492,805153,0.39015059015059017,0.005917678462514785,0.011658524186025582
0925-02-kanana-3b-local,kakaocorp/kanana-2-3b-instruct,local_window,fence_itemwise,anchored_character_coverage,variation_level,T0,21728,14304,1726989,0.6030195381882771,0.012425109380191306,0.02434852183696419
0925-02-kanana-3b-local,kakaocorp/kanana-2-3b-instruct,local_window,fence_itemwise,anchored_character_coverage,variation_level,T1,16966,15486,1786493,0.5228029089116233,0.009407477519588746,0.018482377413719945
0925-02-kanana-3b-local,kakaocorp/kanana-2-3b-instruct,local_window,fence_itemwise,anchored_character_coverage,variation_level,T2,16816,15639,1790517,0.5181327992605146,0.009304317466676036,0.018280367085772926
0925-02-kanana-3b-local,kakaocorp/kanana-2-3b-instruct,local_window,fence_itemwise,anchored_character_coverage,variation_level,T3,13387,14701,1508907,0.476609228140131,0.008793964897713582,0.017269292342145356
0925-02-kanana-3b-local,kakaocorp/kanana-2-3b-instruct,local_window,fence_itemwise,anchored_character_coverage,context_len_bucket,16k,38150,45173,4495947,0.45785677424000576,0.008414023784669803,0.0165243794153445
0925-02-kanana-3b-local,kakaocorp/kanana-2-3b-instruct,local_window,fence_itemwise,anchored_character_coverage,context_len_bucket,1k,11651,3793,544877,0.7544030044030045,0.020935155104505075,0.04073975649157651
0925-02-kanana-3b-local,kakaocorp/kanana-2-3b-instruct,local_window,fence_itemwise,anchored_character_coverage,context_len_bucket,4k,19096,11164,1772082,0.6310641110376735,0.010661140322179035,0.020968048322259666
0925-02-kanana-3b-local,kakaocorp/kanana-2-3b-instruct,local_window,fence_itemwise,anchored_character_coverage,num_subjects,1,14567,23422,1830543,0.38345310484613965,0.007894922253957758,0.015471305544743
0925-02-kanana-3b-local,kakaocorp/kanana-2-3b-instruct,local_window,fence_itemwise,anchored_character_coverage,num_subjects,3,23915,19674,2329865,0.5486475945766134,0.010160252869851897,0.01995103799206547
0925-02-kanana-3b-local,kakaocorp/kanana-2-3b-instruct,local_window,fence_itemwise,anchored_character_coverage,num_subjects,8,30415,17034,2652498,0.6410040253746128,0.01133655843480575,0.02227909705745978
0925-02-kanana-3b-local,kakaocorp/kanana-2-3b-instruct,local_window,fence_itemwise,anchored_character_coverage,generator_model,gpt-6-astra,19748,25330,3262984,0.43808509694307646,0.006015721051855588,0.011868466048241938
0925-02-kanana-3b-local,kakaocorp/kanana-2-3b-instruct,local_window,fence_itemwise,anchored_character_coverage,generator_model,zai-org/GLM-5.2-FP8,49149,34800,3549922,0.5854626022942501,0.013656024012863319,0.02668951023888005
0925-02-kanana-3b-local,kakaocorp/kanana-2-3b-instruct,local_window,fence_itemwise,anchored_character_coverage,category,access_credential,167,128,12921,0.5661016949152542,0.012759779951100244,0.02495703504445939
0925-02-kanana-3b-local,kakaocorp/kanana-2-3b-instruct,local_window,fence_itemwise,anchored_character_coverage,category,address,9212,23384,60610,0.28261136335746717,0.13193549311105382,0.1798902536663477
0925-02-kanana-3b-local,kakaocorp/kanana-2-3b-instruct,local_window,fence_itemwise,anchored_character_coverage,category,bank_account_no,9335,2353,263731,0.7986824093086927,0.03418587447723261,0.0655653651924117
0925-02-kanana-3b-local,kakaocorp/kanana-2-3b-instruct,local_window,fence_itemwise,anchored_character_coverage,category,business_reg_no,223,889,7494,0.20053956834532374,0.028897239860049242,0.05051534715143278
0925-02-kanana-3b-local,kakaocorp/kanana-2-3b-instruct,local_window,fence_itemwise,anchored_character_coverage,category,card_no,1028,73,61484,0.9336966394187103,0.016444842590222677,0.03232043764639303
0925-02-kanana-3b-local,kakaocorp/kanana-2-3b-instruct,local_window,fence_itemwise,anchored_character_coverage,category,consultation_content,52,218,2339360,0.1925925925925926,2.2227807671329376e-05,4.4450485151400915e-05
0925-02-kanana-3b-local,kakaocorp/kanana-2-3b-instruct,local_window,fence_itemwise,anchored_character_coverage,category,contract_no,190,50,59081,0.7916666666666666,0.003205614887550404,0.006385374132513317
0925-02-kanana-3b-local,kakaocorp/kanana-2-3b-instruct,local_window,fence_itemwise,anchored_character_coverage,category,corp_reg_no,41,120,2773,0.2546583850931677,0.01457000710732054,0.027563025210084035
0925-02-kanana-3b-local,kakaocorp/kanana-2-3b-instruct,local_window,fence_itemwise,anchored_character_coverage,category,credit_score,466,128,70817,0.7845117845117845,0.006537323064405258,0.012966595712119316
0925-02-kanana-3b-local,kakaocorp/kanana-2-3b-instruct,local_window,fence_itemwise,anchored_character_coverage,category,credit_transaction,133,401,543299,0.24906367041198502,0.0002447408323396488,0.0004890011508072196
0925-02-kanana-3b-local,kakaocorp/kanana-2-3b-instruct,local_window,fence_itemwise,anchored_character_coverage,category,customer_id,1504,455,63779,0.7677386421643696,0.023038156947444204,0.04473394604562624
0925-02-kanana-3b-local,kakaocorp/kanana-2-3b-instruct,local_window,fence_itemwise,anchored_character_coverage,category,delinquency_info,48,0,88786,1.0,0.0005403336560326001,0.0010800837064872527
0925-02-kanana-3b-local,kakaocorp/kanana-2-3b-instruct,local_window,fence_itemwise,anchored_character_coverage,category,device_network,189,139,58692,0.5762195121951219,0.0032098639629082387,0.006384164569575571
0925-02-kanana-3b-local,kakaocorp/kanana-2-3b-instruct,local_window,fence_itemwise,anchored_character_coverage,category,dob_age,2129,991,85330,0.6823717948717949,0.024342834928366433,0.04700868854811822
0925-02-kanana-3b-local,kakaocorp/kanana-2-3b-instruct,local_window,fence_itemwise,anchored_character_coverage,category,driver_license_no,451,161,7576,0.7369281045751634,0.05618537436152984,0.10441023266581781
0925-02-kanana-3b-local,kakaocorp/kanana-2-3b-instruct,local_window,fence_itemwise,anchored_character_coverage,category,education,132,97,15991,0.5764192139737991,0.008187061961173478,0.01614481409001957
0925-02-kanana-3b-local,kakaocorp/kanana-2-3b-instruct,local_window,fence_itemwise,anchored_character_coverage,category,email,4577,3546,59857,0.5634617752062046,0.07103392618803737,0.12616287884008434
0925-02-kanana-3b-local,kakaocorp/kanana-2-3b-instruct,local_window,fence_itemwise,anchored_character_coverage,category,employer_affiliation,143,16,71314,0.89937106918239,0.0020012035209986427,0.003993521000893655
0925-02-kanana-3b-local,kakaocorp/kanana-2-3b-instruct,local_window,fence_itemwise,anchored_character_coverage,category,family_relation,239,12,49359,0.952191235059761,0.00481874269123755,0.009588958655138518
0925-02-kanana-3b-local,kakaocorp/kanana-2-3b-instruct,local_window,fence_itemwise,anchored_character_coverage,category,financial_capacity,431,364,255749,0.5421383647798742,0.0016824108049028027,0.0033544119077731295
0925-02-kanana-3b-local,kakaocorp/kanana-2-3b-instruct,local_window,fence_itemwise,anchored_character_coverage,category,foreigner_reg_no,762,449,11438,0.629232039636664,0.062459016393442625,0.11363805831034225
0925-02-kanana-3b-local,kakaocorp/kanana-2-3b-instruct,local_window,fence_itemwise,anchored_character_coverage,category,gender,648,104,23105,0.8617021276595744,0.027280764535006104,0.052887165884513365
0925-02-kanana-3b-local,kakaocorp/kanana-2-3b-instruct,local_window,fence_itemwise,anchored_character_coverage,category,investment_profile,135,34,138193,0.7988165680473372,0.0009759412411080909,0.001949500711206741
0925-02-kanana-3b-local,kakaocorp/kanana-2-3b-instruct,local_window,fence_itemwise,anchored_character_coverage,category,life_event,57,45,57417,0.5588235294117647,0.0009917527925670739,0.001979991663192997
0925-02-kanana-3b-local,kakaocorp/kanana-2-3b-instruct,local_window,fence_itemwise,anchored_character_coverage,category,location_mention,190,488,40046,0.28023598820059,0.004722139377671737,0.009287774355966174
0925-02-kanana-3b-local,kakaocorp/kanana-2-3b-instruct,local_window,fence_itemwise,anchored_character_coverage,category,nationality,1893,186,28654,0.9105339105339105,0.06197007889481782,0.11604242015570404
0925-02-kanana-3b-local,kakaocorp/kanana-2-3b-instruct,local_window,fence_itemwise,anchored_character_coverage,category,online_handle,285,59,5327,0.8284883720930233,0.050784034212402,0.0957018132975151
0925-02-kanana-3b-local,kakaocorp/kanana-2-3b-instruct,local_window,fence_itemwise,anchored_character_coverage,category,passport_no,499,2110,4781,0.19126101954771943,0.09450757575757576,0.1265052604892889
0925-02-kanana-3b-local,kakaocorp/kanana-2-3b-instruct,local_window,fence_itemwise,anchored_character_coverage,category,person_name,13141,13491,153220,0.49342895764493844,0.07899086925421223,0.1361811050141715
0925-02-kanana-3b-local,kakaocorp/kanana-2-3b-instruct,local_window,fence_itemwise,anchored_character_coverage,category,phone_no,11365,5141,102386,0.6885375015146008,0.09991120957178398,0.17450117843954643
0925-02-kanana-3b-local,kakaocorp/kanana-2-3b-instruct,local_window,fence_itemwise,anchored_character_coverage,category,public_record,44,48,37137,0.4782608695652174,0.0011834001237191038,0.0023609583344512113
0925-02-kanana-3b-local,kakaocorp/kanana-2-3b-instruct,local_window,fence_itemwise,anchored_character_coverage,category,rrn,5986,2122,80887,0.7382831771090281,0.06890518342868325,0.12604626188395573
0925-02-kanana-3b-local,kakaocorp/kanana-2-3b-instruct,local_window,fence_itemwise,anchored_character_coverage,category,securities_account_no,117,112,35931,0.5109170305676856,0.003245672436750999,0.006450368001764203
0925-02-kanana-3b-local,kakaocorp/kanana-2-3b-instruct,local_window,fence_itemwise,anchored_character_coverage,category,sensitive_info,82,938,129536,0.0803921568627451,0.0006326281843571109,0.0012553774552580413
0925-02-kanana-3b-local,kakaocorp/kanana-2-3b-instruct,local_window,fence_itemwise,anchored_character_coverage,category,service_usage,141,16,170739,0.8980891719745223,0.0008251404494382023,0.0016487660564673142
0925-02-kanana-3b-local,kakaocorp/kanana-2-3b-instruct,local_window,fence_itemwise,anchored_character_coverage,category,transaction_record,2862,1262,1616106,0.6939864209505334,0.0017677928161643713,0.0035266023121301813
0925-02-kanana-3b-local,kakaocorp/kanana-2-3b-instruct,local_window,fence_itemwise,anchored_character_coverage,tier_kind_tlevel,I/attribute/T0,1577,342,770840,0.8217821782178217,0.002041643309248761,0.0040731672039011485
0925-02-kanana-3b-local,kakaocorp/kanana-2-3b-instruct,local_window,fence_itemwise,anchored_character_coverage,tier_kind_tlevel,I/attribute/T1,1381,726,770983,0.6554342667299478,0.0017880170489561916,0.0035663052586862518
0925-02-kanana-3b-local,kakaocorp/kanana-2-3b-instruct,local_window,fence_itemwise,anchored_character_coverage,tier_kind_tlevel,I/attribute/T2,1339,649,788460,0.6735412474849095,0.001695368062000585,0.0033822227442481373
0925-02-kanana-3b-local,kakaocorp/kanana-2-3b-instruct,local_window,fence_itemwise,anchored_character_coverage,tier_kind_tlevel,I/attribute/T3,1651,629,747917,0.7241228070175438,0.002202602032103825,0.004391845160191954
0925-02-kanana-3b-local,kakaocorp/kanana-2-3b-instruct,local_window,fence_itemwise,anchored_character_coverage,tier_kind_tlevel,L/attribute/T0,2221,809,703607,0.733003300330033,0.003146658959406541,0.006266417251410014
0925-02-kanana-3b-local,kakaocorp/kanana-2-3b-instruct,local_window,fence_itemwise,anchored_character_coverage,tier_kind_tlevel,L/attribute/T1,313,448,726733,0.41130091984231276,0.0004305092112466061,0.0008601181357145507
0925-02-kanana-3b-local,kakaocorp/kanana-2-3b-instruct,local_window,fence_itemwise,anchored_character_coverage,tier_kind_tlevel,L/attribute/T2,643,604,713097,0.5156375300721732,0.0009008882786448847,0.0017986341010395993
0925-02-kanana-3b-local,kakaocorp/kanana-2-3b-instruct,local_window,fence_itemwise,anchored_character_coverage,tier_kind_tlevel,L/attribute/T3,889,1280,597993,0.4098662978331028,0.0014844326595222432,0.0029581516377146034
0925-02-kanana-3b-local,kakaocorp/kanana-2-3b-instruct,local_window,fence_itemwise,anchored_character_coverage,tier_kind_tlevel,L/identifier/T0,17930,13153,252542,0.5768426471061352,0.06629152000946494,0.118916947157235
0925-02-kanana-3b-local,kakaocorp/kanana-2-3b-instruct,local_window,fence_itemwise,anchored_character_coverage,tier_kind_tlevel,L/identifier/T1,15272,14312,288777,0.5162249864791779,0.05022874602448947,0.09154969682255652
0925-02-kanana-3b-local,kakaocorp/kanana-2-3b-instruct,local_window,fence_itemwise,anchored_character_coverage,tier_kind_tlevel,L/identifier/T2,14834,14386,288960,0.5076659822039699,0.04882914079935746,0.08908934759499601
0925-02-kanana-3b-local,kakaocorp/kanana-2-3b-instruct,local_window,fence_itemwise,anchored_character_coverage,tier_kind_tlevel,L/identifier/T3,10847,12792,162997,0.4588603578831592,0.06239502082326684,0.1098524936323633
0925-03-qwen-2b-full,Qwen/Qwen3.5-2B,full_context_targeted,strict,exact_with_invalid_item_fp,doc_type,bank_statement,12,20,26151,0.375,0.00045866299736268775,0.0009162053827066234
0925-03-qwen-2b-full,Qwen/Qwen3.5-2B,full_context_targeted,strict,exact_with_invalid_item_fp,doc_type,card_statement,23,24,23127,0.48936170212765956,0.0009935205183585314,0.001983015045048929
0925-03-qwen-2b-full,Qwen/Qwen3.5-2B,full_context_targeted,strict,exact_with_invalid_item_fp,doc_type,complaint_case,13,17,19692,0.43333333333333335,0.000659731032732809,0.0013174562959209527
0925-03-qwen-2b-full,Qwen/Qwen3.5-2B,full_context_targeted,strict,exact_with_invalid_item_fp,doc_type,cs_transcript,6,7,18302,0.46153846153846156,0.00032772558444395895,0.0006549860815457672
0925-03-qwen-2b-full,Qwen/Qwen3.5-2B,full_context_targeted,strict,exact_with_invalid_item_fp,doc_type,insurance_claim,19,13,18475,0.59375,0.0010273602249378177,0.0020511713267839793
0925-03-qwen-2b-full,Qwen/Qwen3.5-2B,full_context_targeted,strict,exact_with_invalid_item_fp,doc_type,internal_memo,22,36,23995,0.3793103448275862,0.0009160178207103302,0.0018276220145379024
0925-03-qwen-2b-full,Qwen/Qwen3.5-2B,full_context_targeted,strict,exact_with_invalid_item_fp,doc_type,kyc_form,8,14,24994,0.36363636363636365,0.00031997440204783615,0.0006393861892583121
0925-03-qwen-2b-full,Qwen/Qwen3.5-2B,full_context_targeted,strict,exact_with_invalid_item_fp,doc_type,loan_contract,10,9,17942,0.5263157894736842,0.0005570409982174688,0.001112904123309777
0925-03-qwen-2b-full,Qwen/Qwen3.5-2B,full_context_targeted,strict,exact_with_invalid_item_fp,doc_type,phishing_report,6,16,22652,0.2727272727272727,0.00026480713213875896,0.0005291005291005291
0925-03-qwen-2b-full,Qwen/Qwen3.5-2B,full_context_targeted,strict,exact_with_invalid_item_fp,doc_type,securities_trade_report,9,17,23206,0.34615384615384615,0.00038768037906525954,0.0007744933522653931
0925-03-qwen-2b-full,Qwen/Qwen3.5-2B,full_context_targeted,strict,exact_with_invalid_item_fp,variation_level,T0,69,49,58251,0.5847457627118644,0.0011831275720164609,0.0023614771210513706
0925-03-qwen-2b-full,Qwen/Qwen3.5-2B,full_context_targeted,strict,exact_with_invalid_item_fp,variation_level,T1,21,47,56993,0.3088235294117647,0.0003683305854702354,0.0007357836095441645
0925-03-qwen-2b-full,Qwen/Qwen3.5-2B,full_context_targeted,strict,exact_with_invalid_item_fp,variation_level,T2,27,35,57337,0.43548387096774194,0.0004706784743044418,0.0009403406122662209
0925-03-qwen-2b-full,Qwen/Qwen3.5-2B,full_context_targeted,strict,exact_with_invalid_item_fp,variation_level,T3,11,42,45955,0.20754716981132076,0.00023930731410172737,0.0004780634085921033
0925-03-qwen-2b-full,Qwen/Qwen3.5-2B,full_context_targeted,strict,exact_with_invalid_item_fp,context_len_bucket,16k,78,103,127468,0.430939226519337,0.0006115440703746099,0.001221354921042536
0925-03-qwen-2b-full,Qwen/Qwen3.5-2B,full_context_targeted,strict,exact_with_invalid_item_fp,context_len_bucket,1k,22,29,26623,0.43137254901960786,0.0008256708575717771,0.001648186994306263
0925-03-qwen-2b-full,Qwen/Qwen3.5-2B,full_context_targeted,strict,exact_with_invalid_item_fp,context_len_bucket,4k,28,41,64445,0.4057971014492754,0.00043429032308097966,0.0008676520715193207
0925-03-qwen-2b-full,Qwen/Qwen3.5-2B,full_context_targeted,strict,exact_with_invalid_item_fp,num_subjects,1,26,33,42232,0.4406779661016949,0.0006152681149131525,0.0012288205685658247
0925-03-qwen-2b-full,Qwen/Qwen3.5-2B,full_context_targeted,strict,exact_with_invalid_item_fp,num_subjects,3,43,55,73266,0.4387755102040816,0.000586558267061343,0.001171550397101094
0925-03-qwen-2b-full,Qwen/Qwen3.5-2B,full_context_targeted,strict,exact_with_invalid_item_fp,num_subjects,8,59,85,103038,0.4097222222222222,0.00057227659388731,0.001142956771050261
0925-03-qwen-2b-full,Qwen/Qwen3.5-2B,full_context_targeted,strict,exact_with_invalid_item_fp,generator_model,gpt-6-astra,57,69,78194,0.4523809523809524,0.0007284251958441425,0.0014545083379052528
0925-03-qwen-2b-full,Qwen/Qwen3.5-2B,full_context_targeted,strict,exact_with_invalid_item_fp,generator_model,zai-org/GLM-5.2-FP8,71,104,140342,0.4057142857142857,0.0005056511861437331,0.0010100435314536092
0925-03-qwen-2b-full,Qwen/Qwen3.5-2B,full_context_targeted,strict,exact_with_invalid_item_fp,category,access_credential,1,6,1932,0.14285714285714285,0.0005173305742369374,0.0010309278350515464
0925-03-qwen-2b-full,Qwen/Qwen3.5-2B,full_context_targeted,strict,exact_with_invalid_item_fp,category,address,1,0,3239,1.0,0.00030864197530864197,0.000617093489663684
0925-03-qwen-2b-full,Qwen/Qwen3.5-2B,full_context_targeted,strict,exact_with_invalid_item_fp,category,bank_account_no,2,2,17403,0.5,0.00011490950876185004,0.00022976621287839623
0925-03-qwen-2b-full,Qwen/Qwen3.5-2B,full_context_targeted,strict,exact_with_invalid_item_fp,category,business_reg_no,4,8,608,0.3333333333333333,0.006535947712418301,0.01282051282051282
0925-03-qwen-2b-full,Qwen/Qwen3.5-2B,full_context_targeted,strict,exact_with_invalid_item_fp,category,card_no,4,4,3280,0.5,0.001218026796589525,0.002430133657351154
0925-03-qwen-2b-full,Qwen/Qwen3.5-2B,full_context_targeted,strict,exact_with_invalid_item_fp,category,consultation_content,0,4,33870,0.0,0.0,0.0
0925-03-qwen-2b-full,Qwen/Qwen3.5-2B,full_context_targeted,strict,exact_with_invalid_item_fp,category,contract_no,1,3,5155,0.25,0.0001939487975174554,0.0003875968992248062
0925-03-qwen-2b-full,Qwen/Qwen3.5-2B,full_context_targeted,strict,exact_with_invalid_item_fp,category,corp_reg_no,0,0,195,0.0,0.0,0.0
0925-03-qwen-2b-full,Qwen/Qwen3.5-2B,full_context_targeted,strict,exact_with_invalid_item_fp,category,credit_score,0,0,2559,0.0,0.0,0.0
0925-03-qwen-2b-full,Qwen/Qwen3.5-2B,full_context_targeted,strict,exact_with_invalid_item_fp,category,credit_transaction,0,5,11273,0.0,0.0,0.0
0925-03-qwen-2b-full,Qwen/Qwen3.5-2B,full_context_targeted,strict,exact_with_invalid_item_fp,category,customer_id,20,44,6923,0.3125,0.002880599164626242,0.005708577137148565
0925-03-qwen-2b-full,Qwen/Qwen3.5-2B,full_context_targeted,strict,exact_with_invalid_item_fp,category,delinquency_info,0,0,2243,0.0,0.0,0.0
0925-03-qwen-2b-full,Qwen/Qwen3.5-2B,full_context_targeted,strict,exact_with_invalid_item_fp,category,device_network,0,0,1620,0.0,0.0,0.0
0925-03-qwen-2b-full,Qwen/Qwen3.5-2B,full_context_targeted,strict,exact_with_invalid_item_fp,category,dob_age,0,0,4383,0.0,0.0,0.0
0925-03-qwen-2b-full,Qwen/Qwen3.5-2B,full_context_targeted,strict,exact_with_invalid_item_fp,category,driver_license_no,0,0,516,0.0,0.0,0.0
0925-03-qwen-2b-full,Qwen/Qwen3.5-2B,full_context_targeted,strict,exact_with_invalid_item_fp,category,education,0,0,607,0.0,0.0,0.0
0925-03-qwen-2b-full,Qwen/Qwen3.5-2B,full_context_targeted,strict,exact_with_invalid_item_fp,category,email,0,1,3166,0.0,0.0,0.0
0925-03-qwen-2b-full,Qwen/Qwen3.5-2B,full_context_targeted,strict,exact_with_invalid_item_fp,category,employer_affiliation,0,1,4362,0.0,0.0,0.0
0925-03-qwen-2b-full,Qwen/Qwen3.5-2B,full_context_targeted,strict,exact_with_invalid_item_fp,category,family_relation,0,1,2100,0.0,0.0,0.0
0925-03-qwen-2b-full,Qwen/Qwen3.5-2B,full_context_targeted,strict,exact_with_invalid_item_fp,category,financial_capacity,0,0,9787,0.0,0.0,0.0
0925-03-qwen-2b-full,Qwen/Qwen3.5-2B,full_context_targeted,strict,exact_with_invalid_item_fp,category,foreigner_reg_no,4,8,840,0.3333333333333333,0.004739336492890996,0.009345794392523364
0925-03-qwen-2b-full,Qwen/Qwen3.5-2B,full_context_targeted,strict,exact_with_invalid_item_fp,category,gender,0,0,3393,0.0,0.0,0.0
0925-03-qwen-2b-full,Qwen/Qwen3.5-2B,full_context_targeted,strict,exact_with_invalid_item_fp,category,investment_profile,0,1,3300,0.0,0.0,0.0
0925-03-qwen-2b-full,Qwen/Qwen3.5-2B,full_context_targeted,strict,exact_with_invalid_item_fp,category,life_event,0,0,1593,0.0,0.0,0.0
0925-03-qwen-2b-full,Qwen/Qwen3.5-2B,full_context_targeted,strict,exact_with_invalid_item_fp,category,location_mention,0,1,2036,0.0,0.0,0.0
0925-03-qwen-2b-full,Qwen/Qwen3.5-2B,full_context_targeted,strict,exact_with_invalid_item_fp,category,nationality,0,1,3320,0.0,0.0,0.0
0925-03-qwen-2b-full,Qwen/Qwen3.5-2B,full_context_targeted,strict,exact_with_invalid_item_fp,category,online_handle,0,3,558,0.0,0.0,0.0
0925-03-qwen-2b-full,Qwen/Qwen3.5-2B,full_context_targeted,strict,exact_with_invalid_item_fp,category,passport_no,0,7,560,0.0,0.0,0.0
0925-03-qwen-2b-full,Qwen/Qwen3.5-2B,full_context_targeted,strict,exact_with_invalid_item_fp,category,person_name,68,51,39069,0.5714285714285714,0.0017374862661931165,0.0034644385571632364
0925-03-qwen-2b-full,Qwen/Qwen3.5-2B,full_context_targeted,strict,exact_with_invalid_item_fp,category,phone_no,14,6,8252,0.7,0.0016936849745947254,0.0033791938209027277
0925-03-qwen-2b-full,Qwen/Qwen3.5-2B,full_context_targeted,strict,exact_with_invalid_item_fp,category,public_record,0,1,796,0.0,0.0,0.0
0925-03-qwen-2b-full,Qwen/Qwen3.5-2B,full_context_targeted,strict,exact_with_invalid_item_fp,category,rrn,8,9,5997,0.47058823529411764,0.0013322231473771858,0.002656924609764198
0925-03-qwen-2b-full,Qwen/Qwen3.5-2B,full_context_targeted,strict,exact_with_invalid_item_fp,category,securities_account_no,1,3,3190,0.25,0.00031338138514572234,0.0006259780907668231
0925-03-qwen-2b-full,Qwen/Qwen3.5-2B,full_context_targeted,strict,exact_with_invalid_item_fp,category,sensitive_info,0,0,1990,0.0,0.0,0.0
0925-03-qwen-2b-full,Qwen/Qwen3.5-2B,full_context_targeted,strict,exact_with_invalid_item_fp,category,service_usage,0,1,3563,0.0,0.0,0.0
0925-03-qwen-2b-full,Qwen/Qwen3.5-2B,full_context_targeted,strict,exact_with_invalid_item_fp,category,transaction_record,0,2,24858,0.0,0.0,0.0
0925-03-qwen-2b-full,Qwen/Qwen3.5-2B,full_context_targeted,strict,exact_with_invalid_item_fp,tier_kind_tlevel,I/attribute/T0,0,4,16318,0.0,0.0,0.0
0925-03-qwen-2b-full,Qwen/Qwen3.5-2B,full_context_targeted,strict,exact_with_invalid_item_fp,tier_kind_tlevel,I/attribute/T1,0,2,15626,0.0,0.0,0.0
0925-03-qwen-2b-full,Qwen/Qwen3.5-2B,full_context_targeted,strict,exact_with_invalid_item_fp,tier_kind_tlevel,I/attribute/T2,0,0,15864,0.0,0.0,0.0
0925-03-qwen-2b-full,Qwen/Qwen3.5-2B,full_context_targeted,strict,exact_with_invalid_item_fp,tier_kind_tlevel,I/attribute/T3,0,4,16339,0.0,0.0,0.0
0925-03-qwen-2b-full,Qwen/Qwen3.5-2B,full_context_targeted,strict,exact_with_invalid_item_fp,tier_kind_tlevel,L/attribute/T0,0,5,13995,0.0,0.0,0.0
0925-03-qwen-2b-full,Qwen/Qwen3.5-2B,full_context_targeted,strict,exact_with_invalid_item_fp,tier_kind_tlevel,L/attribute/T1,0,1,13612,0.0,0.0,0.0
0925-03-qwen-2b-full,Qwen/Qwen3.5-2B,full_context_targeted,strict,exact_with_invalid_item_fp,tier_kind_tlevel,L/attribute/T2,0,1,13359,0.0,0.0,0.0
0925-03-qwen-2b-full,Qwen/Qwen3.5-2B,full_context_targeted,strict,exact_with_invalid_item_fp,tier_kind_tlevel,L/attribute/T3,0,1,12540,0.0,0.0,0.0
0925-03-qwen-2b-full,Qwen/Qwen3.5-2B,full_context_targeted,strict,exact_with_invalid_item_fp,tier_kind_tlevel,L/identifier/T0,69,40,27938,0.6330275229357798,0.002463669796836505,0.0049082373026035
0925-03-qwen-2b-full,Qwen/Qwen3.5-2B,full_context_targeted,strict,exact_with_invalid_item_fp,tier_kind_tlevel,L/identifier/T1,21,44,27755,0.3230769230769231,0.0007560483870967742,0.0015085665026399913
0925-03-qwen-2b-full,Qwen/Qwen3.5-2B,full_context_targeted,strict,exact_with_invalid_item_fp,tier_kind_tlevel,L/identifier/T2,27,34,28114,0.4426229508196721,0.0009594541771792047,0.001914757818594426
0925-03-qwen-2b-full,Qwen/Qwen3.5-2B,full_context_targeted,strict,exact_with_invalid_item_fp,tier_kind_tlevel,L/identifier/T3,11,37,17076,0.22916666666666666,0.0006437642652308773,0.0012839217974905165
0925-03-qwen-2b-full,Qwen/Qwen3.5-2B,full_context_targeted,strict,anchored_character_coverage,doc_type,bank_statement,123,208,1153657,0.3716012084592145,0.00010660611208375947,0.00021315107472331517
0925-03-qwen-2b-full,Qwen/Qwen3.5-2B,full_context_targeted,strict,anchored_character_coverage,doc_type,card_statement,194,266,794583,0.4217391304347826,0.00024409362626246105,0.00048790486358154866
0925-03-qwen-2b-full,Qwen/Qwen3.5-2B,full_context_targeted,strict,anchored_character_coverage,doc_type,complaint_case,117,147,717322,0.4431818181818182,0.00016308006673738116,0.00032604015867287723
0925-03-qwen-2b-full,Qwen/Qwen3.5-2B,full_context_targeted,strict,anchored_character_coverage,doc_type,cs_transcript,85,56,437180,0.6028368794326241,0.000194390129555304,0.0003886549338600751
0925-03-qwen-2b-full,Qwen/Qwen3.5-2B,full_context_targeted,strict,anchored_character_coverage,doc_type,insurance_claim,124,91,641627,0.5767441860465117,0.00019322135843964403,0.00038631329385045314
0925-03-qwen-2b-full,Qwen/Qwen3.5-2B,full_context_targeted,strict,anchored_character_coverage,doc_type,internal_memo,318,486,651623,0.39552238805970147,0.0004877742004261122,0.000974346796988104
0925-03-qwen-2b-full,Qwen/Qwen3.5-2B,full_context_targeted,strict,anchored_character_coverage,doc_type,kyc_form,126,67,648087,0.6528497409326425,0.0001943805508374562,0.00038864538576139024
0925-03-qwen-2b-full,Qwen/Qwen3.5-2B,full_context_targeted,strict,anchored_character_coverage,doc_type,loan_contract,61,137,365085,0.30808080808080807,0.0001670564650851988,0.00033393185600420424
0925-03-qwen-2b-full,Qwen/Qwen3.5-2B,full_context_targeted,strict,anchored_character_coverage,doc_type,phishing_report,114,242,661431,0.3202247191011236,0.00017232387819422716,0.0003444623893905584
0925-03-qwen-2b-full,Qwen/Qwen3.5-2B,full_context_targeted,strict,anchored_character_coverage,doc_type,securities_trade_report,57,350,809889,0.14004914004914004,7.037506204117312e-05,0.00014067943229678919
0925-03-qwen-2b-full,Qwen/Qwen3.5-2B,full_context_targeted,strict,anchored_character_coverage,variation_level,T0,672,631,1748045,0.5157329240214888,0.00038428173340797854,0.000767991222957452
0925-03-qwen-2b-full,Qwen/Qwen3.5-2B,full_context_targeted,strict,anchored_character_coverage,variation_level,T1,303,507,1803156,0.37407407407407406,0.00016801047320731994,0.0003358700947585975
0925-03-qwen-2b-full,Qwen/Qwen3.5-2B,full_context_targeted,strict,anchored_character_coverage,variation_level,T2,224,339,1807109,0.3978685612788632,0.0001239395285760842,0.00024780186470903194
0925-03-qwen-2b-full,Qwen/Qwen3.5-2B,full_context_targeted,strict,anchored_character_coverage,variation_level,T3,120,573,1522174,0.17316017316017315,7.88283997703466e-05,0.00015758506146145698
0925-03-qwen-2b-full,Qwen/Qwen3.5-2B,full_context_targeted,strict,anchored_character_coverage,context_len_bucket,16k,810,1419,4533287,0.3633916554508748,0.00017864637655524353,0.00035711719131297
0925-03-qwen-2b-full,Qwen/Qwen3.5-2B,full_context_targeted,strict,anchored_character_coverage,context_len_bucket,1k,225,282,556303,0.4437869822485207,0.0004042923267113245,0.0008078486989147899
0925-03-qwen-2b-full,Qwen/Qwen3.5-2B,full_context_targeted,strict,anchored_character_coverage,context_len_bucket,4k,284,349,1790894,0.4486571879936809,0.00015855487282670958,0.0003169977190674686
0925-03-qwen-2b-full,Qwen/Qwen3.5-2B,full_context_targeted,strict,anchored_character_coverage,num_subjects,1,222,505,1844888,0.30536451169188444,0.00012031802981936037,0.0002405412828976773
0925-03-qwen-2b-full,Qwen/Qwen3.5-2B,full_context_targeted,strict,anchored_character_coverage,num_subjects,3,419,495,2353361,0.45842450765864334,0.000178011538886387,0.00035588488355599497
0925-03-qwen-2b-full,Qwen/Qwen3.5-2B,full_context_targeted,strict,anchored_character_coverage,num_subjects,8,678,1050,2682235,0.3923611111111111,0.0002527103935163011,0.0005050954671406717
0925-03-qwen-2b-full,Qwen/Qwen3.5-2B,full_context_targeted,strict,anchored_character_coverage,generator_model,gpt-6-astra,463,836,3282269,0.35642802155504233,0.00014104105970271104,0.0002819705416909889
0925-03-qwen-2b-full,Qwen/Qwen3.5-2B,full_context_targeted,strict,anchored_character_coverage,generator_model,zai-org/GLM-5.2-FP8,856,1214,3598215,0.41352657004830917,0.0002378391534926652,0.00047540487862041505
0925-03-qwen-2b-full,Qwen/Qwen3.5-2B,full_context_targeted,strict,anchored_character_coverage,category,access_credential,4,159,13084,0.024539877300613498,0.0003056234718826406,0.0006037280205267527
0925-03-qwen-2b-full,Qwen/Qwen3.5-2B,full_context_targeted,strict,anchored_character_coverage,category,address,20,0,69802,1.0,0.00028644266849989973,0.0005727212851865639
0925-03-qwen-2b-full,Qwen/Qwen3.5-2B,full_context_targeted,strict,anchored_character_coverage,category,bank_account_no,45,20,273021,0.6923076923076923,0.00016479532420733448,0.0003295122120887047
0925-03-qwen-2b-full,Qwen/Qwen3.5-2B,full_context_targeted,strict,anchored_character_coverage,category,business_reg_no,52,98,7665,0.3466666666666667,0.006738369832836595,0.013219778822931232
0925-03-qwen-2b-full,Qwen/Qwen3.5-2B,full_context_targeted,strict,anchored_character_coverage,category,card_no,88,32,62424,0.7333333333333333,0.0014077297158945482,0.0028100651424192106
0925-03-qwen-2b-full,Qwen/Qwen3.5-2B,full_context_targeted,strict,anchored_character_coverage,category,consultation_content,25,102,2339387,0.1968503937007874,1.0686445995831431e-05,2.1371731781346666e-05
0925-03-qwen-2b-full,Qwen/Qwen3.5-2B,full_context_targeted,strict,anchored_character_coverage,category,contract_no,20,184,59251,0.09803921568627451,0.0003374331460579373,0.0006725514922236234
0925-03-qwen-2b-full,Qwen/Qwen3.5-2B,full_context_targeted,strict,anchored_character_coverage,category,corp_reg_no,0,0,2814,0.0,0.0,0.0
0925-03-qwen-2b-full,Qwen/Qwen3.5-2B,full_context_targeted,strict,anchored_character_coverage,category,credit_score,0,0,71283,0.0,0.0,0.0
0925-03-qwen-2b-full,Qwen/Qwen3.5-2B,full_context_targeted,strict,anchored_character_coverage,category,credit_transaction,34,21,543398,0.6181818181818182,6.256532556051172e-05,0.00012511798810275131
0925-03-qwen-2b-full,Qwen/Qwen3.5-2B,full_context_targeted,strict,anchored_character_coverage,category,customer_id,187,258,65096,0.4202247191011236,0.0028644516949282357,0.005690116845180136
0925-03-qwen-2b-full,Qwen/Qwen3.5-2B,full_context_targeted,strict,anchored_character_coverage,category,delinquency_info,0,0,88834,0.0,0.0,0.0
0925-03-qwen-2b-full,Qwen/Qwen3.5-2B,full_context_targeted,strict,anchored_character_coverage,category,device_network,0,0,58881,0.0,0.0,0.0
0925-03-qwen-2b-full,Qwen/Qwen3.5-2B,full_context_targeted,strict,anchored_character_coverage,category,dob_age,0,0,87459,0.0,0.0,0.0
0925-03-qwen-2b-full,Qwen/Qwen3.5-2B,full_context_targeted,strict,anchored_character_coverage,category,driver_license_no,0,0,8027,0.0,0.0,0.0
0925-03-qwen-2b-full,Qwen/Qwen3.5-2B,full_context_targeted,strict,anchored_character_coverage,category,education,0,0,16123,0.0,0.0,0.0
0925-03-qwen-2b-full,Qwen/Qwen3.5-2B,full_context_targeted,strict,anchored_character_coverage,category,email,18,0,64416,1.0,0.00027935561970388306,0.0005585552038726494
0925-03-qwen-2b-full,Qwen/Qwen3.5-2B,full_context_targeted,strict,anchored_character_coverage,category,employer_affiliation,0,12,71457,0.0,0.0,0.0
0925-03-qwen-2b-full,Qwen/Qwen3.5-2B,full_context_targeted,strict,anchored_character_coverage,category,family_relation,0,3,49598,0.0,0.0,0.0
0925-03-qwen-2b-full,Qwen/Qwen3.5-2B,full_context_targeted,strict,anchored_character_coverage,category,financial_capacity,0,0,256180,0.0,0.0,0.0
0925-03-qwen-2b-full,Qwen/Qwen3.5-2B,full_context_targeted,strict,anchored_character_coverage,category,foreigner_reg_no,70,81,12130,0.46357615894039733,0.005737704918032787,0.011335114565622216
0925-03-qwen-2b-full,Qwen/Qwen3.5-2B,full_context_targeted,strict,anchored_character_coverage,category,gender,0,0,23753,0.0,0.0,0.0
0925-03-qwen-2b-full,Qwen/Qwen3.5-2B,full_context_targeted,strict,anchored_character_coverage,category,investment_profile,0,1,138328,0.0,0.0,0.0
0925-03-qwen-2b-full,Qwen/Qwen3.5-2B,full_context_targeted,strict,anchored_character_coverage,category,life_event,0,0,57474,0.0,0.0,0.0
0925-03-qwen-2b-full,Qwen/Qwen3.5-2B,full_context_targeted,strict,anchored_character_coverage,category,location_mention,77,34,40159,0.6936936936936937,0.0019137091162143354,0.0038168884923290456
0925-03-qwen-2b-full,Qwen/Qwen3.5-2B,full_context_targeted,strict,anchored_character_coverage,category,nationality,8,1,30539,0.8888888888888888,0.0002618915114413854,0.0005236287472182222
0925-03-qwen-2b-full,Qwen/Qwen3.5-2B,full_context_targeted,strict,anchored_character_coverage,category,online_handle,0,49,5612,0.0,0.0,0.0
0925-03-qwen-2b-full,Qwen/Qwen3.5-2B,full_context_targeted,strict,anchored_character_coverage,category,passport_no,9,81,5271,0.1,0.0017045454545454545,0.0033519553072625698
0925-03-qwen-2b-full,Qwen/Qwen3.5-2B,full_context_targeted,strict,anchored_character_coverage,category,person_name,297,577,166064,0.33981693363844395,0.0017852741928697231,0.00355188806170957
0925-03-qwen-2b-full,Qwen/Qwen3.5-2B,full_context_targeted,strict,anchored_character_coverage,category,phone_no,213,41,113538,0.8385826771653543,0.001872511010892212,0.003736678215867725
0925-03-qwen-2b-full,Qwen/Qwen3.5-2B,full_context_targeted,strict,anchored_character_coverage,category,public_record,26,0,37155,1.0,0.0006992818912885613,0.0013975864756631817
0925-03-qwen-2b-full,Qwen/Qwen3.5-2B,full_context_targeted,strict,anchored_character_coverage,category,rrn,115,121,86758,0.4872881355932203,0.0013237714825089497,0.0026403701110103432
0925-03-qwen-2b-full,Qwen/Qwen3.5-2B,full_context_targeted,strict,anchored_character_coverage,category,securities_account_no,11,57,36037,0.16176470588235295,0.0003051486906347093,0.0006091482999224721
0925-03-qwen-2b-full,Qwen/Qwen3.5-2B,full_context_targeted,strict,anchored_character_coverage,category,sensitive_info,0,0,129618,0.0,0.0,0.0
0925-03-qwen-2b-full,Qwen/Qwen3.5-2B,full_context_targeted,strict,anchored_character_coverage,category,service_usage,0,97,170880,0.0,0.0,0.0
0925-03-qwen-2b-full,Qwen/Qwen3.5-2B,full_context_targeted,strict,anchored_character_coverage,category,transaction_record,0,21,1618968,0.0,0.0,0.0
0925-03-qwen-2b-full,Qwen/Qwen3.5-2B,full_context_targeted,strict,anchored_character_coverage,tier_kind_tlevel,I/attribute/T0,110,36,772307,0.7534246575342466,0.00014241012302939991,0.00028476642034371306
0925-03-qwen-2b-full,Qwen/Qwen3.5-2B,full_context_targeted,strict,anchored_character_coverage,tier_kind_tlevel,I/attribute/T1,0,50,772364,0.0,0.0,0.0
0925-03-qwen-2b-full,Qwen/Qwen3.5-2B,full_context_targeted,strict,anchored_character_coverage,tier_kind_tlevel,I/attribute/T2,0,0,789799,0.0,0.0,0.0
0925-03-qwen-2b-full,Qwen/Qwen3.5-2B,full_context_targeted,strict,anchored_character_coverage,tier_kind_tlevel,I/attribute/T3,0,164,749568,0.0,0.0,0.0
0925-03-qwen-2b-full,Qwen/Qwen3.5-2B,full_context_targeted,strict,anchored_character_coverage,tier_kind_tlevel,L/attribute/T0,34,21,705794,0.6181818181818182,4.817037578560216e-05,9.633324502785872e-05
0925-03-qwen-2b-full,Qwen/Qwen3.5-2B,full_context_targeted,strict,anchored_character_coverage,tier_kind_tlevel,L/attribute/T1,26,0,727020,1.0,3.576114853805674e-05,7.151973944808767e-05
0925-03-qwen-2b-full,Qwen/Qwen3.5-2B,full_context_targeted,strict,anchored_character_coverage,tier_kind_tlevel,L/attribute/T2,0,5,713740,0.0,0.0,0.0
0925-03-qwen-2b-full,Qwen/Qwen3.5-2B,full_context_targeted,strict,anchored_character_coverage,tier_kind_tlevel,L/attribute/T3,0,16,598882,0.0,0.0,0.0
0925-03-qwen-2b-full,Qwen/Qwen3.5-2B,full_context_targeted,strict,anchored_character_coverage,tier_kind_tlevel,L/identifier/T0,528,574,269944,0.4791288566243194,0.0019521429205241207,0.003888442928999094
0925-03-qwen-2b-full,Qwen/Qwen3.5-2B,full_context_targeted,strict,anchored_character_coverage,tier_kind_tlevel,L/identifier/T1,277,457,303772,0.3773841961852861,0.0009110373656877675,0.0018176866819999804
0925-03-qwen-2b-full,Qwen/Qwen3.5-2B,full_context_targeted,strict,anchored_character_coverage,tier_kind_tlevel,L/identifier/T2,224,334,303570,0.4014336917562724,0.0007373417513183275,0.0014719798128482809
0925-03-qwen-2b-full,Qwen/Qwen3.5-2B,full_context_targeted,strict,anchored_character_coverage,tier_kind_tlevel,L/identifier/T3,120,393,173724,0.23391812865497075,0.0006902740387934009,0.0013764861749169808
0925-03-qwen-2b-full,Qwen/Qwen3.5-2B,full_context_targeted,itemwise,exact_with_invalid_item_fp,doc_type,bank_statement,119,4677,26044,0.02481234361968307,0.004548408057179987,0.007687586808359443
0925-03-qwen-2b-full,Qwen/Qwen3.5-2B,full_context_targeted,itemwise,exact_with_invalid_item_fp,doc_type,card_statement,133,4088,23017,0.03150912106135987,0.005745140388768898,0.009718315004932228
0925-03-qwen-2b-full,Qwen/Qwen3.5-2B,full_context_targeted,itemwise,exact_with_invalid_item_fp,doc_type,complaint_case,111,3692,19594,0.0291874835656061,0.005633088048718599,0.009443593670239918
0925-03-qwen-2b-full,Qwen/Qwen3.5-2B,full_context_targeted,itemwise,exact_with_invalid_item_fp,doc_type,cs_transcript,65,2613,18243,0.024271844660194174,0.0035503604981428883,0.006194605927761365
0925-03-qwen-2b-full,Qwen/Qwen3.5-2B,full_context_targeted,itemwise,exact_with_invalid_item_fp,doc_type,insurance_claim,130,3653,18364,0.03436426116838488,0.007029306802206121,0.011671230417022041
0925-03-qwen-2b-full,Qwen/Qwen3.5-2B,full_context_targeted,itemwise,exact_with_invalid_item_fp,doc_type,internal_memo,138,3357,23879,0.039484978540772535,0.005745929966273889,0.010031986042454201
0925-03-qwen-2b-full,Qwen/Qwen3.5-2B,full_context_targeted,itemwise,exact_with_invalid_item_fp,doc_type,kyc_form,135,3545,24867,0.036684782608695655,0.005399568034557235,0.009413569486088836
0925-03-qwen-2b-full,Qwen/Qwen3.5-2B,full_context_targeted,itemwise,exact_with_invalid_item_fp,doc_type,loan_contract,90,3329,17862,0.026323486399532026,0.005013368983957219,0.008422628796032006
0925-03-qwen-2b-full,Qwen/Qwen3.5-2B,full_context_targeted,itemwise,exact_with_invalid_item_fp,doc_type,phishing_report,89,3380,22569,0.025655808590371865,0.003927972460058257,0.006812875569334405
0925-03-qwen-2b-full,Qwen/Qwen3.5-2B,full_context_targeted,itemwise,exact_with_invalid_item_fp,doc_type,securities_trade_report,101,3566,23114,0.02754295064085083,0.004350635365065691,0.007514321851052749
0925-03-qwen-2b-full,Qwen/Qwen3.5-2B,full_context_targeted,itemwise,exact_with_invalid_item_fp,variation_level,T0,562,10680,57758,0.04999110478562533,0.009636488340192043,0.0161582473189385
0925-03-qwen-2b-full,Qwen/Qwen3.5-2B,full_context_targeted,itemwise,exact_with_invalid_item_fp,variation_level,T1,183,9315,56831,0.01926721415034744,0.0032097379590977655,0.005502766418089969
0925-03-qwen-2b-full,Qwen/Qwen3.5-2B,full_context_targeted,itemwise,exact_with_invalid_item_fp,variation_level,T2,202,7759,57162,0.025373696771762343,0.003521372289240639,0.006184462303865289
0925-03-qwen-2b-full,Qwen/Qwen3.5-2B,full_context_targeted,itemwise,exact_with_invalid_item_fp,variation_level,T3,164,8146,45802,0.019735258724428398,0.0035678545011530263,0.006043186675510354
0925-03-qwen-2b-full,Qwen/Qwen3.5-2B,full_context_targeted,itemwise,exact_with_invalid_item_fp,context_len_bucket,16k,562,25417,126984,0.02163285730782555,0.00440625343013501,0.007321283178635401
0925-03-qwen-2b-full,Qwen/Qwen3.5-2B,full_context_targeted,itemwise,exact_with_invalid_item_fp,context_len_bucket,1k,244,2940,26401,0.07663316582914573,0.009157440420341528,0.016359918200409
0925-03-qwen-2b-full,Qwen/Qwen3.5-2B,full_context_targeted,itemwise,exact_with_invalid_item_fp,context_len_bucket,4k,305,7543,64168,0.03886340468909276,0.004730662447846385,0.008434617884155364
0925-03-qwen-2b-full,Qwen/Qwen3.5-2B,full_context_targeted,itemwise,exact_with_invalid_item_fp,num_subjects,1,268,11351,41990,0.023065668301919272,0.00634199441525865,0.009948586595393211
0925-03-qwen-2b-full,Qwen/Qwen3.5-2B,full_context_targeted,itemwise,exact_with_invalid_item_fp,num_subjects,3,432,11222,72877,0.037068817573365366,0.005892864450476749,0.010169132445888211
0925-03-qwen-2b-full,Qwen/Qwen3.5-2B,full_context_targeted,itemwise,exact_with_invalid_item_fp,num_subjects,8,411,13327,102686,0.02991701848886301,0.0039865369506387185,0.00703556297342406
0925-03-qwen-2b-full,Qwen/Qwen3.5-2B,full_context_targeted,itemwise,exact_with_invalid_item_fp,generator_model,gpt-6-astra,377,15641,77874,0.023536021975277814,0.004817829804091961,0.007998387592952084
0925-03-qwen-2b-full,Qwen/Qwen3.5-2B,full_context_targeted,itemwise,exact_with_invalid_item_fp,generator_model,zai-org/GLM-5.2-FP8,734,20259,139679,0.034964035630924595,0.005227436206049298,0.009095077010767878
0925-03-qwen-2b-full,Qwen/Qwen3.5-2B,full_context_targeted,itemwise,exact_with_invalid_item_fp,category,__unassigned_invalid_item__,0,4812,0,0.0,0.0,0.0
0925-03-qwen-2b-full,Qwen/Qwen3.5-2B,full_context_targeted,itemwise,exact_with_invalid_item_fp,category,access_credential,10,343,1923,0.028328611898016998,0.005173305742369374,0.008748906386701663
0925-03-qwen-2b-full,Qwen/Qwen3.5-2B,full_context_targeted,itemwise,exact_with_invalid_item_fp,category,address,11,397,3229,0.02696078431372549,0.0033950617283950617,0.006030701754385965
0925-03-qwen-2b-full,Qwen/Qwen3.5-2B,full_context_targeted,itemwise,exact_with_invalid_item_fp,category,bank_account_no,12,256,17393,0.04477611940298507,0.0006894570525711002,0.0013580037345102699
0925-03-qwen-2b-full,Qwen/Qwen3.5-2B,full_context_targeted,itemwise,exact_with_invalid_item_fp,category,business_reg_no,8,638,604,0.01238390092879257,0.013071895424836602,0.012718600953895072
0925-03-qwen-2b-full,Qwen/Qwen3.5-2B,full_context_targeted,itemwise,exact_with_invalid_item_fp,category,card_no,31,828,3253,0.03608847497089639,0.009439707673568819,0.014965001206854936
0925-03-qwen-2b-full,Qwen/Qwen3.5-2B,full_context_targeted,itemwise,exact_with_invalid_item_fp,category,consultation_content,2,200,33868,0.009900990099009901,5.9049306170652494e-05,0.00011739845034045551
0925-03-qwen-2b-full,Qwen/Qwen3.5-2B,full_context_targeted,itemwise,exact_with_invalid_item_fp,category,contract_no,12,277,5144,0.04152249134948097,0.0023273855702094647,0.004407713498622589
0925-03-qwen-2b-full,Qwen/Qwen3.5-2B,full_context_targeted,itemwise,exact_with_invalid_item_fp,category,corp_reg_no,0,15,195,0.0,0.0,0.0
0925-03-qwen-2b-full,Qwen/Qwen3.5-2B,full_context_targeted,itemwise,exact_with_invalid_item_fp,category,credit_score,0,39,2559,0.0,0.0,0.0
0925-03-qwen-2b-full,Qwen/Qwen3.5-2B,full_context_targeted,itemwise,exact_with_invalid_item_fp,category,credit_transaction,0,531,11273,0.0,0.0,0.0
0925-03-qwen-2b-full,Qwen/Qwen3.5-2B,full_context_targeted,itemwise,exact_with_invalid_item_fp,category,customer_id,112,5137,6831,0.02133739759954277,0.016131355321906956,0.01837270341207349
0925-03-qwen-2b-full,Qwen/Qwen3.5-2B,full_context_targeted,itemwise,exact_with_invalid_item_fp,category,delinquency_info,1,14,2242,0.06666666666666667,0.00044583147570218456,0.0008857395925597874
0925-03-qwen-2b-full,Qwen/Qwen3.5-2B,full_context_targeted,itemwise,exact_with_invalid_item_fp,category,device_network,0,63,1620,0.0,0.0,0.0
0925-03-qwen-2b-full,Qwen/Qwen3.5-2B,full_context_targeted,itemwise,exact_with_invalid_item_fp,category,dob_age,0,188,4383,0.0,0.0,0.0
0925-03-qwen-2b-full,Qwen/Qwen3.5-2B,full_context_targeted,itemwise,exact_with_invalid_item_fp,category,driver_license_no,1,57,515,0.017241379310344827,0.001937984496124031,0.003484320557491289
0925-03-qwen-2b-full,Qwen/Qwen3.5-2B,full_context_targeted,itemwise,exact_with_invalid_item_fp,category,education,1,41,606,0.023809523809523808,0.0016474464579901153,0.0030816640986132513
0925-03-qwen-2b-full,Qwen/Qwen3.5-2B,full_context_targeted,itemwise,exact_with_invalid_item_fp,category,email,8,224,3158,0.034482758620689655,0.002526847757422615,0.004708652148322542
0925-03-qwen-2b-full,Qwen/Qwen3.5-2B,full_context_targeted,itemwise,exact_with_invalid_item_fp,category,employer_affiliation,0,90,4362,0.0,0.0,0.0
0925-03-qwen-2b-full,Qwen/Qwen3.5-2B,full_context_targeted,itemwise,exact_with_invalid_item_fp,category,family_relation,0,83,2100,0.0,0.0,0.0
0925-03-qwen-2b-full,Qwen/Qwen3.5-2B,full_context_targeted,itemwise,exact_with_invalid_item_fp,category,financial_capacity,2,588,9785,0.003389830508474576,0.00020435271278226218,0.00038546786161703766
0925-03-qwen-2b-full,Qwen/Qwen3.5-2B,full_context_targeted,itemwise,exact_with_invalid_item_fp,category,foreigner_reg_no,11,662,833,0.01634472511144131,0.013033175355450236,0.014502307185234015
0925-03-qwen-2b-full,Qwen/Qwen3.5-2B,full_context_targeted,itemwise,exact_with_invalid_item_fp,category,gender,1,135,3392,0.007352941176470588,0.0002947244326554671,0.0005667327854916407
0925-03-qwen-2b-full,Qwen/Qwen3.5-2B,full_context_targeted,itemwise,exact_with_invalid_item_fp,category,investment_profile,0,43,3300,0.0,0.0,0.0
0925-03-qwen-2b-full,Qwen/Qwen3.5-2B,full_context_targeted,itemwise,exact_with_invalid_item_fp,category,life_event,0,30,1593,0.0,0.0,0.0
0925-03-qwen-2b-full,Qwen/Qwen3.5-2B,full_context_targeted,itemwise,exact_with_invalid_item_fp,category,location_mention,0,42,2036,0.0,0.0,0.0
0925-03-qwen-2b-full,Qwen/Qwen3.5-2B,full_context_targeted,itemwise,exact_with_invalid_item_fp,category,nationality,5,111,3315,0.04310344827586207,0.0015060240963855422,0.002910360884749709
0925-03-qwen-2b-full,Qwen/Qwen3.5-2B,full_context_targeted,itemwise,exact_with_invalid_item_fp,category,online_handle,2,176,556,0.011235955056179775,0.0035842293906810036,0.005434782608695652
0925-03-qwen-2b-full,Qwen/Qwen3.5-2B,full_context_targeted,itemwise,exact_with_invalid_item_fp,category,passport_no,3,302,557,0.009836065573770493,0.005357142857142857,0.006936416184971098
0925-03-qwen-2b-full,Qwen/Qwen3.5-2B,full_context_targeted,itemwise,exact_with_invalid_item_fp,category,person_name,706,15498,38431,0.04356948901505801,0.01803919564606383,0.02551453714244412
0925-03-qwen-2b-full,Qwen/Qwen3.5-2B,full_context_targeted,itemwise,exact_with_invalid_item_fp,category,phone_no,58,1242,8208,0.04461538461538461,0.007016694894749577,0.012126280577043697
0925-03-qwen-2b-full,Qwen/Qwen3.5-2B,full_context_targeted,itemwise,exact_with_invalid_item_fp,category,public_record,0,26,796,0.0,0.0,0.0
0925-03-qwen-2b-full,Qwen/Qwen3.5-2B,full_context_targeted,itemwise,exact_with_invalid_item_fp,category,rrn,86,2125,5919,0.03889642695612845,0.014321398834304746,0.020934761441090556
0925-03-qwen-2b-full,Qwen/Qwen3.5-2B,full_context_targeted,itemwise,exact_with_invalid_item_fp,category,securities_account_no,4,70,3187,0.05405405405405406,0.0012535255405828893,0.002450229709035222
0925-03-qwen-2b-full,Qwen/Qwen3.5-2B,full_context_targeted,itemwise,exact_with_invalid_item_fp,category,sensitive_info,0,16,1990,0.0,0.0,0.0
0925-03-qwen-2b-full,Qwen/Qwen3.5-2B,full_context_targeted,itemwise,exact_with_invalid_item_fp,category,service_usage,0,235,3563,0.0,0.0,0.0
0925-03-qwen-2b-full,Qwen/Qwen3.5-2B,full_context_targeted,itemwise,exact_with_invalid_item_fp,category,transaction_record,24,366,24834,0.06153846153846154,0.0009654839488293508,0.0019011406844106464
0925-03-qwen-2b-full,Qwen/Qwen3.5-2B,full_context_targeted,itemwise,exact_with_invalid_item_fp,tier_kind_tlevel,I/attribute/T0,4,393,16314,0.010075566750629723,0.00024512807942149775,0.00047861202512713134
0925-03-qwen-2b-full,Qwen/Qwen3.5-2B,full_context_targeted,itemwise,exact_with_invalid_item_fp,tier_kind_tlevel,I/attribute/T1,0,250,15626,0.0,0.0,0.0
0925-03-qwen-2b-full,Qwen/Qwen3.5-2B,full_context_targeted,itemwise,exact_with_invalid_item_fp,tier_kind_tlevel,I/attribute/T2,3,363,15861,0.00819672131147541,0.00018910741301059002,0.0003696857670979667
0925-03-qwen-2b-full,Qwen/Qwen3.5-2B,full_context_targeted,itemwise,exact_with_invalid_item_fp,tier_kind_tlevel,I/attribute/T3,2,255,16337,0.007782101167315175,0.0001224065120264398,0.00024102193299590263
0925-03-qwen-2b-full,Qwen/Qwen3.5-2B,full_context_targeted,itemwise,exact_with_invalid_item_fp,tier_kind_tlevel,L/attribute/T0,3,487,13992,0.006122448979591836,0.00021436227224008573,0.0004142216085605799
0925-03-qwen-2b-full,Qwen/Qwen3.5-2B,full_context_targeted,itemwise,exact_with_invalid_item_fp,tier_kind_tlevel,L/attribute/T1,0,473,13612,0.0,0.0,0.0
0925-03-qwen-2b-full,Qwen/Qwen3.5-2B,full_context_targeted,itemwise,exact_with_invalid_item_fp,tier_kind_tlevel,L/attribute/T2,23,315,13336,0.06804733727810651,0.0017216857549217756,0.0033583996495582975
0925-03-qwen-2b-full,Qwen/Qwen3.5-2B,full_context_targeted,itemwise,exact_with_invalid_item_fp,tier_kind_tlevel,L/attribute/T3,1,305,12539,0.0032679738562091504,7.974481658692185e-05,0.00015569048731122528
0925-03-qwen-2b-full,Qwen/Qwen3.5-2B,full_context_targeted,itemwise,exact_with_invalid_item_fp,tier_kind_tlevel,L/identifier/T0,555,8451,27452,0.06162558294470353,0.01981647445281537,0.029989463161591873
0925-03-qwen-2b-full,Qwen/Qwen3.5-2B,full_context_targeted,itemwise,exact_with_invalid_item_fp,tier_kind_tlevel,L/identifier/T1,183,7385,27593,0.02418076109936575,0.006588421658986175,0.010355364418288819
0925-03-qwen-2b-full,Qwen/Qwen3.5-2B,full_context_targeted,itemwise,exact_with_invalid_item_fp,tier_kind_tlevel,L/identifier/T2,176,5885,27965,0.029038112522686024,0.006254219821612594,0.010291795801415121
0925-03-qwen-2b-full,Qwen/Qwen3.5-2B,full_context_targeted,itemwise,exact_with_invalid_item_fp,tier_kind_tlevel,L/identifier/T3,161,6526,16926,0.024076566472259607,0.009422367882015567,0.013544207958273744
0925-03-qwen-2b-full,Qwen/Qwen3.5-2B,full_context_targeted,itemwise,exact_with_invalid_item_fp,tier_kind_tlevel,unassigned/invalid_item/T0,0,1349,0,0.0,0.0,0.0
0925-03-qwen-2b-full,Qwen/Qwen3.5-2B,full_context_targeted,itemwise,exact_with_invalid_item_fp,tier_kind_tlevel,unassigned/invalid_item/T1,0,1207,0,0.0,0.0,0.0
0925-03-qwen-2b-full,Qwen/Qwen3.5-2B,full_context_targeted,itemwise,exact_with_invalid_item_fp,tier_kind_tlevel,unassigned/invalid_item/T2,0,1196,0,0.0,0.0,0.0
0925-03-qwen-2b-full,Qwen/Qwen3.5-2B,full_context_targeted,itemwise,exact_with_invalid_item_fp,tier_kind_tlevel,unassigned/invalid_item/T3,0,1060,0,0.0,0.0,0.0
0925-03-qwen-2b-full,Qwen/Qwen3.5-2B,full_context_targeted,itemwise,anchored_character_coverage,doc_type,bank_statement,966,1285,1152814,0.4291426032874278,0.0008372480022187939,0.0016712354599487385
0925-03-qwen-2b-full,Qwen/Qwen3.5-2B,full_context_targeted,itemwise,anchored_character_coverage,doc_type,card_statement,2325,1221,792452,0.6556683587140439,0.002925348871444443,0.00582471004843904
0925-03-qwen-2b-full,Qwen/Qwen3.5-2B,full_context_targeted,itemwise,anchored_character_coverage,doc_type,complaint_case,913,786,716526,0.5373749264273102,0.0012725820592412735,0.002539151039160773
0925-03-qwen-2b-full,Qwen/Qwen3.5-2B,full_context_targeted,itemwise,anchored_character_coverage,doc_type,cs_transcript,541,540,436724,0.5004625346901017,0.0012372360010519936,0.002468369735323238
0925-03-qwen-2b-full,Qwen/Qwen3.5-2B,full_context_targeted,itemwise,anchored_character_coverage,doc_type,insurance_claim,954,837,640797,0.5326633165829145,0.001486557870575971,0.0029648414555693333
0925-03-qwen-2b-full,Qwen/Qwen3.5-2B,full_context_targeted,itemwise,anchored_character_coverage,doc_type,internal_memo,1330,1085,650611,0.5507246376811594,0.002040061907442545,0.004065065499514026
0925-03-qwen-2b-full,Qwen/Qwen3.5-2B,full_context_targeted,itemwise,anchored_character_coverage,doc_type,kyc_form,1267,799,646946,0.6132623426911907,0.001954604427865532,0.0038967889167572686
0925-03-qwen-2b-full,Qwen/Qwen3.5-2B,full_context_targeted,itemwise,anchored_character_coverage,doc_type,loan_contract,777,500,364369,0.6084573218480814,0.0021279159569049092,0.004241000155557921
0925-03-qwen-2b-full,Qwen/Qwen3.5-2B,full_context_targeted,itemwise,anchored_character_coverage,doc_type,phishing_report,927,1172,660618,0.44163887565507387,0.0014012652200530577,0.00279366648383772
0925-03-qwen-2b-full,Qwen/Qwen3.5-2B,full_context_targeted,itemwise,anchored_character_coverage,doc_type,securities_trade_report,1167,1125,808779,0.5091623036649214,0.0014408367965271758,0.002873541991386761
0925-03-qwen-2b-full,Qwen/Qwen3.5-2B,full_context_targeted,itemwise,anchored_character_coverage,variation_level,T0,4247,3182,1744470,0.5716785570063265,0.0024286376812257216,0.004836727698038773
0925-03-qwen-2b-full,Qwen/Qwen3.5-2B,full_context_targeted,itemwise,anchored_character_coverage,variation_level,T1,2503,2082,1800956,0.5459105779716467,0.0013878884964947913,0.002768737928944207
0925-03-qwen-2b-full,Qwen/Qwen3.5-2B,full_context_targeted,itemwise,anchored_character_coverage,variation_level,T2,2917,1928,1804416,0.6020639834881321,0.0016139803788233823,0.0032193305514138237
0925-03-qwen-2b-full,Qwen/Qwen3.5-2B,full_context_targeted,itemwise,anchored_character_coverage,variation_level,T3,1500,2158,1520794,0.4100601421541826,0.0009853549971293324,0.0019659858239315523
0925-03-qwen-2b-full,Qwen/Qwen3.5-2B,full_context_targeted,itemwise,anchored_character_coverage,context_len_bucket,16k,6013,5169,4528084,0.5377392237524593,0.0013261736570699745,0.0026458221816526555
0925-03-qwen-2b-full,Qwen/Qwen3.5-2B,full_context_targeted,itemwise,anchored_character_coverage,context_len_bucket,1k,2469,1948,554059,0.5589766810052071,0.004436434465112268,0.008803002076852454
0925-03-qwen-2b-full,Qwen/Qwen3.5-2B,full_context_targeted,itemwise,anchored_character_coverage,context_len_bucket,4k,2685,2233,1788493,0.5459536396909312,0.0014990134983792788,0.002989817916191562
0925-03-qwen-2b-full,Qwen/Qwen3.5-2B,full_context_targeted,itemwise,anchored_character_coverage,num_subjects,1,2648,3159,1842462,0.45600137764766663,0.0014351447881156137,0.0028612844336077738
0925-03-qwen-2b-full,Qwen/Qwen3.5-2B,full_context_targeted,itemwise,anchored_character_coverage,num_subjects,3,4794,3003,2348986,0.6148518661023471,0.0020367239079268243,0.004059998890571851
0925-03-qwen-2b-full,Qwen/Qwen3.5-2B,full_context_targeted,itemwise,anchored_character_coverage,num_subjects,8,3725,3188,2679188,0.538839866917402,0.0013884162475637488,0.00276969588367426
0925-03-qwen-2b-full,Qwen/Qwen3.5-2B,full_context_targeted,itemwise,anchored_character_coverage,generator_model,gpt-6-astra,3145,4419,3279587,0.41578529878371234,0.0009580434832937931,0.001911682110059399
0925-03-qwen-2b-full,Qwen/Qwen3.5-2B,full_context_targeted,itemwise,anchored_character_coverage,generator_model,zai-org/GLM-5.2-FP8,8022,4931,3591049,0.6193159885740755,0.0022289085155585983,0.0044418309512893606
0925-03-qwen-2b-full,Qwen/Qwen3.5-2B,full_context_targeted,itemwise,anchored_character_coverage,category,access_credential,61,413,13027,0.12869198312236288,0.004660757946210269,0.008995723344639434
0925-03-qwen-2b-full,Qwen/Qwen3.5-2B,full_context_targeted,itemwise,anchored_character_coverage,category,address,305,105,69517,0.7439024390243902,0.004368250694623471,0.008685499487413146
0925-03-qwen-2b-full,Qwen/Qwen3.5-2B,full_context_targeted,itemwise,anchored_character_coverage,category,bank_account_no,200,176,272866,0.5319148936170213,0.0007324236631437088,0.0014628330688043535
0925-03-qwen-2b-full,Qwen/Qwen3.5-2B,full_context_targeted,itemwise,anchored_character_coverage,category,business_reg_no,100,419,7617,0.1926782273603083,0.012958403524685759,0.02428363283147159
0925-03-qwen-2b-full,Qwen/Qwen3.5-2B,full_context_targeted,itemwise,anchored_character_coverage,category,card_no,610,529,61902,0.5355575065847235,0.009758126439723572,0.01916702015679251
0925-03-qwen-2b-full,Qwen/Qwen3.5-2B,full_context_targeted,itemwise,anchored_character_coverage,category,consultation_content,331,271,2339081,0.5498338870431894,0.00014148854498480815,0.00028290429031621177
0925-03-qwen-2b-full,Qwen/Qwen3.5-2B,full_context_targeted,itemwise,anchored_character_coverage,category,contract_no,209,360,59062,0.36731107205623903,0.0035261763763054445,0.006985294117647059
0925-03-qwen-2b-full,Qwen/Qwen3.5-2B,full_context_targeted,itemwise,anchored_character_coverage,category,corp_reg_no,0,0,2814,0.0,0.0,0.0
0925-03-qwen-2b-full,Qwen/Qwen3.5-2B,full_context_targeted,itemwise,anchored_character_coverage,category,credit_score,32,3,71251,0.9142857142857143,0.0004489148885428503,0.0008973891584172299
0925-03-qwen-2b-full,Qwen/Qwen3.5-2B,full_context_targeted,itemwise,anchored_character_coverage,category,credit_transaction,121,127,543311,0.4879032258064516,0.0002226589527300564,0.00044511477339611536
0925-03-qwen-2b-full,Qwen/Qwen3.5-2B,full_context_targeted,itemwise,anchored_character_coverage,category,customer_id,1056,1652,64227,0.38995568685376664,0.01617572721841827,0.031062934800194144
0925-03-qwen-2b-full,Qwen/Qwen3.5-2B,full_context_targeted,itemwise,anchored_character_coverage,category,delinquency_info,15,0,88819,1.0,0.00016885426751018755,0.00033765152112010265
0925-03-qwen-2b-full,Qwen/Qwen3.5-2B,full_context_targeted,itemwise,anchored_character_coverage,category,device_network,0,62,58881,0.0,0.0,0.0
0925-03-qwen-2b-full,Qwen/Qwen3.5-2B,full_context_targeted,itemwise,anchored_character_coverage,category,dob_age,100,14,87359,0.8771929824561403,0.001143392904103637,0.0022838089365443686
0925-03-qwen-2b-full,Qwen/Qwen3.5-2B,full_context_targeted,itemwise,anchored_character_coverage,category,driver_license_no,17,17,8010,0.5,0.00211785224866077,0.004217838977794318
0925-03-qwen-2b-full,Qwen/Qwen3.5-2B,full_context_targeted,itemwise,anchored_character_coverage,category,education,35,0,16088,1.0,0.002170811883644483,0.0043322193340759995
0925-03-qwen-2b-full,Qwen/Qwen3.5-2B,full_context_targeted,itemwise,anchored_character_coverage,category,email,206,17,64228,0.9237668161434978,0.0031970698699444393,0.006372086549020215
0925-03-qwen-2b-full,Qwen/Qwen3.5-2B,full_context_targeted,itemwise,anchored_character_coverage,category,employer_affiliation,0,28,71457,0.0,0.0,0.0
0925-03-qwen-2b-full,Qwen/Qwen3.5-2B,full_context_targeted,itemwise,anchored_character_coverage,category,family_relation,12,16,49586,0.42857142857142855,0.00024194523972740836,0.0004836174585902551
0925-03-qwen-2b-full,Qwen/Qwen3.5-2B,full_context_targeted,itemwise,anchored_character_coverage,category,financial_capacity,112,248,256068,0.3111111111111111,0.00043719259895386056,0.0008731581819599283
0925-03-qwen-2b-full,Qwen/Qwen3.5-2B,full_context_targeted,itemwise,anchored_character_coverage,category,foreigner_reg_no,171,622,12029,0.21563682219419925,0.01401639344262295,0.026321865619949203
0925-03-qwen-2b-full,Qwen/Qwen3.5-2B,full_context_targeted,itemwise,anchored_character_coverage,category,gender,71,6,23682,0.922077922077922,0.0029890961141750515,0.005958875367184221
0925-03-qwen-2b-full,Qwen/Qwen3.5-2B,full_context_targeted,itemwise,anchored_character_coverage,category,investment_profile,8,127,138320,0.05925925925925926,5.783355502862761e-05,0.00011555433581534417
0925-03-qwen-2b-full,Qwen/Qwen3.5-2B,full_context_targeted,itemwise,anchored_character_coverage,category,life_event,0,0,57474,0.0,0.0,0.0
0925-03-qwen-2b-full,Qwen/Qwen3.5-2B,full_context_targeted,itemwise,anchored_character_coverage,category,location_mention,89,36,40147,0.712,0.002211949497962024,0.004410197963380491
0925-03-qwen-2b-full,Qwen/Qwen3.5-2B,full_context_targeted,itemwise,anchored_character_coverage,category,nationality,85,5,30462,0.9444444444444444,0.00278259730906472,0.005548846166400104
0925-03-qwen-2b-full,Qwen/Qwen3.5-2B,full_context_targeted,itemwise,anchored_character_coverage,category,online_handle,35,172,5577,0.16908212560386474,0.006236635780470421,0.012029558343357965
0925-03-qwen-2b-full,Qwen/Qwen3.5-2B,full_context_targeted,itemwise,anchored_character_coverage,category,passport_no,36,270,5244,0.11764705882352941,0.006818181818181818,0.01288936627282492
0925-03-qwen-2b-full,Qwen/Qwen3.5-2B,full_context_targeted,itemwise,anchored_character_coverage,category,person_name,3438,1813,162923,0.65473243191773,0.02066590126291619,0.04006712817285504
0925-03-qwen-2b-full,Qwen/Qwen3.5-2B,full_context_targeted,itemwise,anchored_character_coverage,category,phone_no,871,423,112880,0.6731066460587326,0.007657075542193035,0.015141900995262723
0925-03-qwen-2b-full,Qwen/Qwen3.5-2B,full_context_targeted,itemwise,anchored_character_coverage,category,public_record,26,20,37155,0.5652173913043478,0.0006992818912885613,0.0013968356300534557
0925-03-qwen-2b-full,Qwen/Qwen3.5-2B,full_context_targeted,itemwise,anchored_character_coverage,category,rrn,1376,915,85497,0.6006110868616324,0.015839213564628828,0.030864474451572383
0925-03-qwen-2b-full,Qwen/Qwen3.5-2B,full_context_targeted,itemwise,anchored_character_coverage,category,securities_account_no,43,142,36005,0.23243243243243245,0.0011928539724811362,0.0023735268953716227
0925-03-qwen-2b-full,Qwen/Qwen3.5-2B,full_context_targeted,itemwise,anchored_character_coverage,category,sensitive_info,0,0,129618,0.0,0.0,0.0
0925-03-qwen-2b-full,Qwen/Qwen3.5-2B,full_context_targeted,itemwise,anchored_character_coverage,category,service_usage,9,174,170871,0.04918032786885246,5.26685393258427e-05,0.00010522439101383701
0925-03-qwen-2b-full,Qwen/Qwen3.5-2B,full_context_targeted,itemwise,anchored_character_coverage,category,transaction_record,1387,168,1617581,0.8919614147909968,0.000856718600985319,0.0017117930445911598
0925-03-qwen-2b-full,Qwen/Qwen3.5-2B,full_context_targeted,itemwise,anchored_character_coverage,tier_kind_tlevel,I/attribute/T0,381,94,772036,0.8021052631578948,0.0004932568806745579,0.0009859074747830226
0925-03-qwen-2b-full,Qwen/Qwen3.5-2B,full_context_targeted,itemwise,anchored_character_coverage,tier_kind_tlevel,I/attribute/T1,171,251,772193,0.4052132701421801,0.0002213982008483047,0.0004425546011444307
0925-03-qwen-2b-full,Qwen/Qwen3.5-2B,full_context_targeted,itemwise,anchored_character_coverage,tier_kind_tlevel,I/attribute/T2,141,139,789658,0.5035714285714286,0.0001785264352069324,0.0003569263326831874
0925-03-qwen-2b-full,Qwen/Qwen3.5-2B,full_context_targeted,itemwise,anchored_character_coverage,tier_kind_tlevel,I/attribute/T3,47,255,749521,0.15562913907284767,6.270278346994536e-05,0.00012535506154400097
0925-03-qwen-2b-full,Qwen/Qwen3.5-2B,full_context_targeted,itemwise,anchored_character_coverage,tier_kind_tlevel,L/attribute/T0,238,335,705590,0.41535776614310643,0.0003371926304992151,0.0006738382306933314
0925-03-qwen-2b-full,Qwen/Qwen3.5-2B,full_context_targeted,itemwise,anchored_character_coverage,tier_kind_tlevel,L/attribute/T1,114,42,726932,0.7307692307692307,0.00015679888205147956,0.0003135304908402342
0925-03-qwen-2b-full,Qwen/Qwen3.5-2B,full_context_targeted,itemwise,anchored_character_coverage,tier_kind_tlevel,L/attribute/T2,1273,119,712467,0.9145114942528736,0.0017835626418583799,0.0035601818964890396
0925-03-qwen-2b-full,Qwen/Qwen3.5-2B,full_context_targeted,itemwise,anchored_character_coverage,tier_kind_tlevel,L/attribute/T3,68,70,598814,0.4927536231884058,0.00011354490534028406,0.00022703749457447163
0925-03-qwen-2b-full,Qwen/Qwen3.5-2B,full_context_targeted,itemwise,anchored_character_coverage,tier_kind_tlevel,L/identifier/T0,3628,2753,266844,0.5685629211722301,0.01341358809784377,0.026208854518462867
0925-03-qwen-2b-full,Qwen/Qwen3.5-2B,full_context_targeted,itemwise,anchored_character_coverage,tier_kind_tlevel,L/identifier/T1,2218,1789,301831,0.5535313201896681,0.007294876812619019,0.014399979224556575
0925-03-qwen-2b-full,Qwen/Qwen3.5-2B,full_context_targeted,itemwise,anchored_character_coverage,tier_kind_tlevel,L/identifier/T2,1503,1670,302291,0.47368421052631576,0.004947431483176099,0.00979258356761476
0925-03-qwen-2b-full,Qwen/Qwen3.5-2B,full_context_targeted,itemwise,anchored_character_coverage,tier_kind_tlevel,L/identifier/T3,1385,1833,172459,0.43039154754505904,0.00796691286440717,0.015644237611684042
0925-03-qwen-2b-full,Qwen/Qwen3.5-2B,full_context_targeted,fence_itemwise,exact_with_invalid_item_fp,doc_type,bank_statement,250,8382,25913,0.02896200185356812,0.009555479111722661,0.014369880729989942
0925-03-qwen-2b-full,Qwen/Qwen3.5-2B,full_context_targeted,fence_itemwise,exact_with_invalid_item_fp,doc_type,card_statement,229,6863,22921,0.032289904117315284,0.009892008639308855,0.01514450102506448
0925-03-qwen-2b-full,Qwen/Qwen3.5-2B,full_context_targeted,fence_itemwise,exact_with_invalid_item_fp,doc_type,complaint_case,211,5986,19494,0.034048733258028076,0.010707942146663284,0.01629217821017682
0925-03-qwen-2b-full,Qwen/Qwen3.5-2B,full_context_targeted,fence_itemwise,exact_with_invalid_item_fp,doc_type,cs_transcript,190,6340,18118,0.02909647779479326,0.010377976840725367,0.015299138416941784
0925-03-qwen-2b-full,Qwen/Qwen3.5-2B,full_context_targeted,fence_itemwise,exact_with_invalid_item_fp,doc_type,insurance_claim,242,7144,18252,0.03276468995396697,0.013085324970260626,0.018701700154559506
0925-03-qwen-2b-full,Qwen/Qwen3.5-2B,full_context_targeted,fence_itemwise,exact_with_invalid_item_fp,doc_type,internal_memo,288,5580,23729,0.049079754601226995,0.011991506016571596,0.01927388321900619
0925-03-qwen-2b-full,Qwen/Qwen3.5-2B,full_context_targeted,fence_itemwise,exact_with_invalid_item_fp,doc_type,kyc_form,301,6214,24701,0.046201074443591714,0.012039036877049837,0.019100802741377668
0925-03-qwen-2b-full,Qwen/Qwen3.5-2B,full_context_targeted,fence_itemwise,exact_with_invalid_item_fp,doc_type,loan_contract,226,6891,17726,0.031754952929605174,0.012589126559714794,0.018030236547129923
0925-03-qwen-2b-full,Qwen/Qwen3.5-2B,full_context_targeted,fence_itemwise,exact_with_invalid_item_fp,doc_type,phishing_report,208,7094,22450,0.028485346480416323,0.00917998058081031,0.013885180240320427
0925-03-qwen-2b-full,Qwen/Qwen3.5-2B,full_context_targeted,fence_itemwise,exact_with_invalid_item_fp,doc_type,securities_trade_report,210,6544,23005,0.031092685815812853,0.009045875511522722,0.014014481631018719
0925-03-qwen-2b-full,Qwen/Qwen3.5-2B,full_context_targeted,fence_itemwise,exact_with_invalid_item_fp,variation_level,T0,1146,18706,57174,0.05772718114043925,0.01965020576131687,0.029319961111395385
0925-03-qwen-2b-full,Qwen/Qwen3.5-2B,full_context_targeted,fence_itemwise,exact_with_invalid_item_fp,variation_level,T1,397,16990,56617,0.02283315120492322,0.006963202020556354,0.010671899571242323
0925-03-qwen-2b-full,Qwen/Qwen3.5-2B,full_context_targeted,fence_itemwise,exact_with_invalid_item_fp,variation_level,T2,424,15468,56940,0.02668009061162849,0.007391395300188271,0.0115758436169051
0925-03-qwen-2b-full,Qwen/Qwen3.5-2B,full_context_targeted,fence_itemwise,exact_with_invalid_item_fp,variation_level,T3,388,15874,45578,0.02385930389865945,0.00844102162467911,0.012470270617728353
0925-03-qwen-2b-full,Qwen/Qwen3.5-2B,full_context_targeted,fence_itemwise,exact_with_invalid_item_fp,context_len_bucket,16k,1167,45533,126379,0.02498929336188437,0.009149640129835511,0.013394855549051342
0925-03-qwen-2b-full,Qwen/Qwen3.5-2B,full_context_targeted,fence_itemwise,exact_with_invalid_item_fp,context_len_bucket,1k,470,5988,26175,0.07277794982966863,0.01763933195721524,0.02839621786545026
0925-03-qwen-2b-full,Qwen/Qwen3.5-2B,full_context_targeted,fence_itemwise,exact_with_invalid_item_fp,context_len_bucket,4k,718,15517,63755,0.044225438866646136,0.011136444713290835,0.01779253605590524
0925-03-qwen-2b-full,Qwen/Qwen3.5-2B,full_context_targeted,fence_itemwise,exact_with_invalid_item_fp,num_subjects,1,569,20173,41689,0.0274322630411725,0.013464906053291684,0.018063492063492063
0925-03-qwen-2b-full,Qwen/Qwen3.5-2B,full_context_targeted,fence_itemwise,exact_with_invalid_item_fp,num_subjects,3,902,22336,72407,0.038815732851364144,0.012304082718356545,0.018685199954426343
0925-03-qwen-2b-full,Qwen/Qwen3.5-2B,full_context_targeted,fence_itemwise,exact_with_invalid_item_fp,num_subjects,8,884,24529,102213,0.034785346082713574,0.008574449305023425,0.013757684226908411
0925-03-qwen-2b-full,Qwen/Qwen3.5-2B,full_context_targeted,fence_itemwise,exact_with_invalid_item_fp,generator_model,gpt-6-astra,734,27655,77517,0.02585508471591109,0.009380071820168432,0.013765941485371342
0925-03-qwen-2b-full,Qwen/Qwen3.5-2B,full_context_targeted,fence_itemwise,exact_with_invalid_item_fp,generator_model,zai-org/GLM-5.2-FP8,1621,39383,138792,0.039532728514291286,0.011544515108999879,0.017870431106235908
0925-03-qwen-2b-full,Qwen/Qwen3.5-2B,full_context_targeted,fence_itemwise,exact_with_invalid_item_fp,category,__unassigned_invalid_item__,0,8695,0,0.0,0.0,0.0
0925-03-qwen-2b-full,Qwen/Qwen3.5-2B,full_context_targeted,fence_itemwise,exact_with_invalid_item_fp,category,access_credential,11,496,1922,0.021696252465483234,0.005690636316606311,0.009016393442622951
0925-03-qwen-2b-full,Qwen/Qwen3.5-2B,full_context_targeted,fence_itemwise,exact_with_invalid_item_fp,category,address,30,762,3210,0.03787878787878788,0.009259259259259259,0.01488095238095238
0925-03-qwen-2b-full,Qwen/Qwen3.5-2B,full_context_targeted,fence_itemwise,exact_with_invalid_item_fp,category,bank_account_no,28,418,17377,0.06278026905829596,0.0016087331226659007,0.003137079155229399
0925-03-qwen-2b-full,Qwen/Qwen3.5-2B,full_context_targeted,fence_itemwise,exact_with_invalid_item_fp,category,business_reg_no,14,1155,598,0.011976047904191617,0.02287581699346405,0.015721504772599662
0925-03-qwen-2b-full,Qwen/Qwen3.5-2B,full_context_targeted,fence_itemwise,exact_with_invalid_item_fp,category,card_no,61,1768,3223,0.03335155822854018,0.018574908647990256,0.02386074711519656
0925-03-qwen-2b-full,Qwen/Qwen3.5-2B,full_context_targeted,fence_itemwise,exact_with_invalid_item_fp,category,consultation_content,3,617,33867,0.004838709677419355,8.857395925597875e-05,0.00017396346767178892
0925-03-qwen-2b-full,Qwen/Qwen3.5-2B,full_context_targeted,fence_itemwise,exact_with_invalid_item_fp,category,contract_no,20,542,5136,0.03558718861209965,0.003878975950349108,0.006995452955578874
0925-03-qwen-2b-full,Qwen/Qwen3.5-2B,full_context_targeted,fence_itemwise,exact_with_invalid_item_fp,category,corp_reg_no,1,19,194,0.05,0.005128205128205128,0.009302325581395349
0925-03-qwen-2b-full,Qwen/Qwen3.5-2B,full_context_targeted,fence_itemwise,exact_with_invalid_item_fp,category,credit_score,1,66,2558,0.014925373134328358,0.00039077764751856197,0.0007616146230007616
0925-03-qwen-2b-full,Qwen/Qwen3.5-2B,full_context_targeted,fence_itemwise,exact_with_invalid_item_fp,category,credit_transaction,0,714,11273,0.0,0.0,0.0
0925-03-qwen-2b-full,Qwen/Qwen3.5-2B,full_context_targeted,fence_itemwise,exact_with_invalid_item_fp,category,customer_id,254,9788,6689,0.02529376618203545,0.03658360939075328,0.029908743008536944
0925-03-qwen-2b-full,Qwen/Qwen3.5-2B,full_context_targeted,fence_itemwise,exact_with_invalid_item_fp,category,delinquency_info,1,24,2242,0.04,0.00044583147570218456,0.0008818342151675485
0925-03-qwen-2b-full,Qwen/Qwen3.5-2B,full_context_targeted,fence_itemwise,exact_with_invalid_item_fp,category,device_network,0,99,1620,0.0,0.0,0.0
0925-03-qwen-2b-full,Qwen/Qwen3.5-2B,full_context_targeted,fence_itemwise,exact_with_invalid_item_fp,category,dob_age,1,344,4382,0.002898550724637681,0.00022815423226100844,0.00042301184433164127
0925-03-qwen-2b-full,Qwen/Qwen3.5-2B,full_context_targeted,fence_itemwise,exact_with_invalid_item_fp,category,driver_license_no,3,73,513,0.039473684210526314,0.005813953488372093,0.010135135135135136
0925-03-qwen-2b-full,Qwen/Qwen3.5-2B,full_context_targeted,fence_itemwise,exact_with_invalid_item_fp,category,education,1,52,606,0.018867924528301886,0.0016474464579901153,0.0030303030303030303
0925-03-qwen-2b-full,Qwen/Qwen3.5-2B,full_context_targeted,fence_itemwise,exact_with_invalid_item_fp,category,email,16,330,3150,0.046242774566473986,0.00505369551484523,0.009111617312072893
0925-03-qwen-2b-full,Qwen/Qwen3.5-2B,full_context_targeted,fence_itemwise,exact_with_invalid_item_fp,category,employer_affiliation,0,153,4362,0.0,0.0,0.0
0925-03-qwen-2b-full,Qwen/Qwen3.5-2B,full_context_targeted,fence_itemwise,exact_with_invalid_item_fp,category,family_relation,2,122,2098,0.016129032258064516,0.0009523809523809524,0.0017985611510791368
0925-03-qwen-2b-full,Qwen/Qwen3.5-2B,full_context_targeted,fence_itemwise,exact_with_invalid_item_fp,category,financial_capacity,6,966,9781,0.006172839506172839,0.0006130581383467866,0.001115345292313412
0925-03-qwen-2b-full,Qwen/Qwen3.5-2B,full_context_targeted,fence_itemwise,exact_with_invalid_item_fp,category,foreigner_reg_no,15,1265,829,0.01171875,0.017772511848341232,0.014124293785310734
0925-03-qwen-2b-full,Qwen/Qwen3.5-2B,full_context_targeted,fence_itemwise,exact_with_invalid_item_fp,category,gender,4,207,3389,0.018957345971563982,0.0011788977306218685,0.0022197558268590455
0925-03-qwen-2b-full,Qwen/Qwen3.5-2B,full_context_targeted,fence_itemwise,exact_with_invalid_item_fp,category,investment_profile,0,86,3300,0.0,0.0,0.0
0925-03-qwen-2b-full,Qwen/Qwen3.5-2B,full_context_targeted,fence_itemwise,exact_with_invalid_item_fp,category,life_event,0,52,1593,0.0,0.0,0.0
0925-03-qwen-2b-full,Qwen/Qwen3.5-2B,full_context_targeted,fence_itemwise,exact_with_invalid_item_fp,category,location_mention,0,115,2036,0.0,0.0,0.0
0925-03-qwen-2b-full,Qwen/Qwen3.5-2B,full_context_targeted,fence_itemwise,exact_with_invalid_item_fp,category,nationality,11,169,3309,0.06111111111111111,0.0033132530120481927,0.006285714285714286
0925-03-qwen-2b-full,Qwen/Qwen3.5-2B,full_context_targeted,fence_itemwise,exact_with_invalid_item_fp,category,online_handle,4,280,554,0.014084507042253521,0.007168458781362007,0.009501187648456057
0925-03-qwen-2b-full,Qwen/Qwen3.5-2B,full_context_targeted,fence_itemwise,exact_with_invalid_item_fp,category,passport_no,13,493,547,0.025691699604743084,0.023214285714285715,0.024390243902439025
0925-03-qwen-2b-full,Qwen/Qwen3.5-2B,full_context_targeted,fence_itemwise,exact_with_invalid_item_fp,category,person_name,1517,29927,37620,0.04824449815545096,0.03876127449727879,0.04298607273912243
0925-03-qwen-2b-full,Qwen/Qwen3.5-2B,full_context_targeted,fence_itemwise,exact_with_invalid_item_fp,category,phone_no,121,2411,8145,0.04778830963665087,0.01463827728042584,0.022411557695869607
0925-03-qwen-2b-full,Qwen/Qwen3.5-2B,full_context_targeted,fence_itemwise,exact_with_invalid_item_fp,category,public_record,0,68,796,0.0,0.0,0.0
0925-03-qwen-2b-full,Qwen/Qwen3.5-2B,full_context_targeted,fence_itemwise,exact_with_invalid_item_fp,category,rrn,179,3523,5826,0.04835224203133441,0.02980849292256453,0.036880601627691356
0925-03-qwen-2b-full,Qwen/Qwen3.5-2B,full_context_targeted,fence_itemwise,exact_with_invalid_item_fp,category,securities_account_no,7,112,3184,0.058823529411764705,0.0021936696960200563,0.004229607250755287
0925-03-qwen-2b-full,Qwen/Qwen3.5-2B,full_context_targeted,fence_itemwise,exact_with_invalid_item_fp,category,sensitive_info,0,26,1990,0.0,0.0,0.0
0925-03-qwen-2b-full,Qwen/Qwen3.5-2B,full_context_targeted,fence_itemwise,exact_with_invalid_item_fp,category,service_usage,0,442,3563,0.0,0.0,0.0
0925-03-qwen-2b-full,Qwen/Qwen3.5-2B,full_context_targeted,fence_itemwise,exact_with_invalid_item_fp,category,transaction_record,31,659,24827,0.04492753623188406,0.001247083433904578,0.0024268044465320182
0925-03-qwen-2b-full,Qwen/Qwen3.5-2B,full_context_targeted,fence_itemwise,exact_with_invalid_item_fp,tier_kind_tlevel,I/attribute/T0,12,625,16306,0.018838304552590265,0.0007353842382644932,0.001415511648481274
0925-03-qwen-2b-full,Qwen/Qwen3.5-2B,full_context_targeted,fence_itemwise,exact_with_invalid_item_fp,tier_kind_tlevel,I/attribute/T1,0,500,15626,0.0,0.0,0.0
0925-03-qwen-2b-full,Qwen/Qwen3.5-2B,full_context_targeted,fence_itemwise,exact_with_invalid_item_fp,tier_kind_tlevel,I/attribute/T2,7,643,15857,0.010769230769230769,0.00044125063035804334,0.0008477655322756449
0925-03-qwen-2b-full,Qwen/Qwen3.5-2B,full_context_targeted,fence_itemwise,exact_with_invalid_item_fp,tier_kind_tlevel,I/attribute/T3,3,690,16336,0.004329004329004329,0.0001836097680396597,0.0003522780648191639
0925-03-qwen-2b-full,Qwen/Qwen3.5-2B,full_context_targeted,fence_itemwise,exact_with_invalid_item_fp,tier_kind_tlevel,L/attribute/T0,8,732,13987,0.010810810810810811,0.000571632725973562,0.0010858500169664065
0925-03-qwen-2b-full,Qwen/Qwen3.5-2B,full_context_targeted,fence_itemwise,exact_with_invalid_item_fp,tier_kind_tlevel,L/attribute/T1,2,641,13610,0.003110419906687403,0.00014692918013517486,0.0002806032970887408
0925-03-qwen-2b-full,Qwen/Qwen3.5-2B,full_context_targeted,fence_itemwise,exact_with_invalid_item_fp,tier_kind_tlevel,L/attribute/T2,26,660,13333,0.037900874635568516,0.0019462534620854855,0.003702385190459238
0925-03-qwen-2b-full,Qwen/Qwen3.5-2B,full_context_targeted,fence_itemwise,exact_with_invalid_item_fp,tier_kind_tlevel,L/attribute/T3,3,490,12537,0.006085192697768763,0.00023923444976076556,0.0004603698304304458
0925-03-qwen-2b-full,Qwen/Qwen3.5-2B,full_context_targeted,fence_itemwise,exact_with_invalid_item_fp,tier_kind_tlevel,L/identifier/T0,1126,14776,26881,0.07080870330776003,0.04020423465562181,0.05128789086519848
0925-03-qwen-2b-full,Qwen/Qwen3.5-2B,full_context_targeted,fence_itemwise,exact_with_invalid_item_fp,tier_kind_tlevel,L/identifier/T1,395,13877,27381,0.027676569506726457,0.014220910138248848,0.018788051750380518
0925-03-qwen-2b-full,Qwen/Qwen3.5-2B,full_context_targeted,fence_itemwise,exact_with_invalid_item_fp,tier_kind_tlevel,L/identifier/T2,391,12023,27750,0.0314966972772676,0.013894317899150705,0.019282455924053754
0925-03-qwen-2b-full,Qwen/Qwen3.5-2B,full_context_targeted,fence_itemwise,exact_with_invalid_item_fp,tier_kind_tlevel,L/identifier/T3,382,12686,16705,0.029231711049892868,0.02235617721074501,0.025335765213065825
0925-03-qwen-2b-full,Qwen/Qwen3.5-2B,full_context_targeted,fence_itemwise,exact_with_invalid_item_fp,tier_kind_tlevel,unassigned/invalid_item/T0,0,2573,0,0.0,0.0,0.0
0925-03-qwen-2b-full,Qwen/Qwen3.5-2B,full_context_targeted,fence_itemwise,exact_with_invalid_item_fp,tier_kind_tlevel,unassigned/invalid_item/T1,0,1972,0,0.0,0.0,0.0
0925-03-qwen-2b-full,Qwen/Qwen3.5-2B,full_context_targeted,fence_itemwise,exact_with_invalid_item_fp,tier_kind_tlevel,unassigned/invalid_item/T2,0,2142,0,0.0,0.0,0.0
0925-03-qwen-2b-full,Qwen/Qwen3.5-2B,full_context_targeted,fence_itemwise,exact_with_invalid_item_fp,tier_kind_tlevel,unassigned/invalid_item/T3,0,2008,0,0.0,0.0,0.0
0925-03-qwen-2b-full,Qwen/Qwen3.5-2B,full_context_targeted,fence_itemwise,anchored_character_coverage,doc_type,bank_statement,2257,2202,1151523,0.5061673020856694,0.001956178820919066,0.0038972958085507397
0925-03-qwen-2b-full,Qwen/Qwen3.5-2B,full_context_targeted,fence_itemwise,anchored_character_coverage,doc_type,card_statement,3406,2176,791371,0.610175564313866,0.004285478819845063,0.008511180607702293
0925-03-qwen-2b-full,Qwen/Qwen3.5-2B,full_context_targeted,fence_itemwise,anchored_character_coverage,doc_type,complaint_case,1922,1711,715517,0.5290393614093036,0.0026789734040106546,0.005330951694144274
0925-03-qwen-2b-full,Qwen/Qwen3.5-2B,full_context_targeted,fence_itemwise,anchored_character_coverage,doc_type,cs_transcript,1496,1168,435769,0.5615615615615616,0.0034212662801733503,0.006801097449815766
0925-03-qwen-2b-full,Qwen/Qwen3.5-2B,full_context_targeted,fence_itemwise,anchored_character_coverage,doc_type,insurance_claim,2185,1639,639566,0.5713912133891214,0.003404747324117921,0.006769159276613871
0925-03-qwen-2b-full,Qwen/Qwen3.5-2B,full_context_targeted,fence_itemwise,anchored_character_coverage,doc_type,internal_memo,2649,2173,649292,0.5493571132310244,0.004063251122417519,0.008066836895501117
0925-03-qwen-2b-full,Qwen/Qwen3.5-2B,full_context_targeted,fence_itemwise,anchored_character_coverage,doc_type,kyc_form,2870,1739,645343,0.6226947277066609,0.0044275569912976135,0.008792595837762821
0925-03-qwen-2b-full,Qwen/Qwen3.5-2B,full_context_targeted,fence_itemwise,anchored_character_coverage,doc_type,loan_contract,2004,2244,363142,0.4717514124293785,0.005488215672635056,0.01085020330595516
0925-03-qwen-2b-full,Qwen/Qwen3.5-2B,full_context_targeted,fence_itemwise,anchored_character_coverage,doc_type,phishing_report,1835,2696,659710,0.40498786139924964,0.0027738097937404105,0.005509881755235139
0925-03-qwen-2b-full,Qwen/Qwen3.5-2B,full_context_targeted,fence_itemwise,anchored_character_coverage,doc_type,securities_trade_report,2396,1823,807550,0.5679070869874377,0.0029582219061517682,0.005885784822486842
0925-03-qwen-2b-full,Qwen/Qwen3.5-2B,full_context_targeted,fence_itemwise,anchored_character_coverage,variation_level,T0,8880,5706,1739837,0.6088029617441382,0.005078008620034002,0.010072006909759696
0925-03-qwen-2b-full,Qwen/Qwen3.5-2B,full_context_targeted,fence_itemwise,anchored_character_coverage,variation_level,T1,5160,3655,1798299,0.5853658536585366,0.002861168454619706,0.005694503149082313
0925-03-qwen-2b-full,Qwen/Qwen3.5-2B,full_context_targeted,fence_itemwise,anchored_character_coverage,variation_level,T2,5427,4746,1801906,0.5334709525213801,0.0030027670606357546,0.005971919762575749
0925-03-qwen-2b-full,Qwen/Qwen3.5-2B,full_context_targeted,fence_itemwise,anchored_character_coverage,variation_level,T3,3553,5464,1518741,0.3940334922923367,0.0023339775365336787,0.004640468200123946
0925-03-qwen-2b-full,Qwen/Qwen3.5-2B,full_context_targeted,fence_itemwise,anchored_character_coverage,context_len_bucket,16k,11651,11519,4522446,0.5028485110056107,0.002569640658327336,0.005113152246730332
0925-03-qwen-2b-full,Qwen/Qwen3.5-2B,full_context_targeted,fence_itemwise,anchored_character_coverage,context_len_bucket,1k,4646,3431,551882,0.5752135693945772,0.008348187332892505,0.016457523401315965
0925-03-qwen-2b-full,Qwen/Qwen3.5-2B,full_context_targeted,fence_itemwise,anchored_character_coverage,context_len_bucket,4k,6723,4621,1784455,0.592648095909732,0.0037533958099083397,0.007459548343931447
0925-03-qwen-2b-full,Qwen/Qwen3.5-2B,full_context_targeted,fence_itemwise,anchored_character_coverage,num_subjects,1,5803,5739,1839307,0.5027724831051811,0.0031450699416294965,0.006251036812499057
0925-03-qwen-2b-full,Qwen/Qwen3.5-2B,full_context_targeted,fence_itemwise,anchored_character_coverage,num_subjects,3,9278,6465,2344502,0.5893412945436067,0.003941744767990212,0.00783111200017894
0925-03-qwen-2b-full,Qwen/Qwen3.5-2B,full_context_targeted,fence_itemwise,anchored_character_coverage,num_subjects,8,7939,7367,2674974,0.5186854828171958,0.002959097070982175,0.005884622412042907
0925-03-qwen-2b-full,Qwen/Qwen3.5-2B,full_context_targeted,fence_itemwise,anchored_character_coverage,generator_model,gpt-6-astra,6407,9832,3276325,0.39454399901471765,0.0019517280119120293,0.003884241480146385
0925-03-qwen-2b-full,Qwen/Qwen3.5-2B,full_context_targeted,fence_itemwise,anchored_character_coverage,generator_model,zai-org/GLM-5.2-FP8,16613,9739,3582458,0.6304265330904675,0.004615913384315008,0.00916472367500289
0925-03-qwen-2b-full,Qwen/Qwen3.5-2B,full_context_targeted,fence_itemwise,anchored_character_coverage,category,access_credential,82,704,13006,0.10432569974554708,0.006265281173594132,0.011820671760126855
0925-03-qwen-2b-full,Qwen/Qwen3.5-2B,full_context_targeted,fence_itemwise,anchored_character_coverage,category,address,850,317,68972,0.7283633247643531,0.01217381341124574,0.02394737212807618
0925-03-qwen-2b-full,Qwen/Qwen3.5-2B,full_context_targeted,fence_itemwise,anchored_character_coverage,category,bank_account_no,441,201,272625,0.6869158878504673,0.001614994177231878,0.003222412205708273
0925-03-qwen-2b-full,Qwen/Qwen3.5-2B,full_context_targeted,fence_itemwise,anchored_character_coverage,category,business_reg_no,189,865,7528,0.1793168880455408,0.024491382661656083,0.04309656823623304
0925-03-qwen-2b-full,Qwen/Qwen3.5-2B,full_context_targeted,fence_itemwise,anchored_character_coverage,category,card_no,1205,1330,61307,0.47534516765285995,0.019276298950601484,0.03705013298076775
0925-03-qwen-2b-full,Qwen/Qwen3.5-2B,full_context_targeted,fence_itemwise,anchored_character_coverage,category,consultation_content,689,704,2338723,0.4946159368269921,0.0002945184516451142,0.0005886863707143483
0925-03-qwen-2b-full,Qwen/Qwen3.5-2B,full_context_targeted,fence_itemwise,anchored_character_coverage,category,contract_no,304,476,58967,0.38974358974358975,0.005128983820080647,0.010124727315115486
0925-03-qwen-2b-full,Qwen/Qwen3.5-2B,full_context_targeted,fence_itemwise,anchored_character_coverage,category,corp_reg_no,14,0,2800,1.0,0.004975124378109453,0.009900990099009901
0925-03-qwen-2b-full,Qwen/Qwen3.5-2B,full_context_targeted,fence_itemwise,anchored_character_coverage,category,credit_score,51,3,71232,0.9444444444444444,0.0007154581036151677,0.001429833045964927
0925-03-qwen-2b-full,Qwen/Qwen3.5-2B,full_context_targeted,fence_itemwise,anchored_character_coverage,category,credit_transaction,132,343,543300,0.27789473684210525,0.00024290067570551606,0.000485377095716731
0925-03-qwen-2b-full,Qwen/Qwen3.5-2B,full_context_targeted,fence_itemwise,anchored_character_coverage,category,customer_id,2440,3349,62843,0.4214890309207117,0.03737573334558767,0.06866276452048627
0925-03-qwen-2b-full,Qwen/Qwen3.5-2B,full_context_targeted,fence_itemwise,anchored_character_coverage,category,delinquency_info,15,22,88819,0.40540540540540543,0.00016885426751018755,0.00033756793554702883
0925-03-qwen-2b-full,Qwen/Qwen3.5-2B,full_context_targeted,fence_itemwise,anchored_character_coverage,category,device_network,12,127,58869,0.08633093525179857,0.0002038008865338564,0.0004066418163334463
0925-03-qwen-2b-full,Qwen/Qwen3.5-2B,full_context_targeted,fence_itemwise,anchored_character_coverage,category,dob_age,272,45,87187,0.8580441640378549,0.003110028699161893,0.006197593875318994
0925-03-qwen-2b-full,Qwen/Qwen3.5-2B,full_context_targeted,fence_itemwise,anchored_character_coverage,category,driver_license_no,47,17,7980,0.734375,0.005855238569826835,0.011617846990483254
0925-03-qwen-2b-full,Qwen/Qwen3.5-2B,full_context_targeted,fence_itemwise,anchored_character_coverage,category,education,48,16,16075,0.75,0.0029771134404267194,0.005930685117687033
0925-03-qwen-2b-full,Qwen/Qwen3.5-2B,full_context_targeted,fence_itemwise,anchored_character_coverage,category,email,460,26,63974,0.9465020576131687,0.007139088059099233,0.014171287738755391
0925-03-qwen-2b-full,Qwen/Qwen3.5-2B,full_context_targeted,fence_itemwise,anchored_character_coverage,category,employer_affiliation,27,60,71430,0.3103448275862069,0.00037784961585289053,0.0007547802750754781
0925-03-qwen-2b-full,Qwen/Qwen3.5-2B,full_context_targeted,fence_itemwise,anchored_character_coverage,category,family_relation,51,22,49547,0.6986301369863014,0.0010282672688414856,0.0020535121096817055
0925-03-qwen-2b-full,Qwen/Qwen3.5-2B,full_context_targeted,fence_itemwise,anchored_character_coverage,category,financial_capacity,210,425,255970,0.33070866141732286,0.0008197361230384885,0.0016354184919105193
0925-03-qwen-2b-full,Qwen/Qwen3.5-2B,full_context_targeted,fence_itemwise,anchored_character_coverage,category,foreigner_reg_no,260,1106,11940,0.1903367496339678,0.021311475409836064,0.03833112192245319
0925-03-qwen-2b-full,Qwen/Qwen3.5-2B,full_context_targeted,fence_itemwise,anchored_character_coverage,category,gender,111,8,23642,0.9327731092436975,0.004673093924977898,0.009299597855227881
0925-03-qwen-2b-full,Qwen/Qwen3.5-2B,full_context_targeted,fence_itemwise,anchored_character_coverage,category,investment_profile,241,169,138087,0.5878048780487805,0.0017422358452374067,0.003474174343006242
0925-03-qwen-2b-full,Qwen/Qwen3.5-2B,full_context_targeted,fence_itemwise,anchored_character_coverage,category,life_event,14,0,57460,1.0,0.00024358840519191286,0.00048705816866128585
0925-03-qwen-2b-full,Qwen/Qwen3.5-2B,full_context_targeted,fence_itemwise,anchored_character_coverage,category,location_mention,89,77,40147,0.536144578313253,0.002211949497962024,0.004405722488985694
0925-03-qwen-2b-full,Qwen/Qwen3.5-2B,full_context_targeted,fence_itemwise,anchored_character_coverage,category,nationality,178,10,30369,0.9468085106382979,0.005827086129570825,0.011582885960631202
0925-03-qwen-2b-full,Qwen/Qwen3.5-2B,full_context_targeted,fence_itemwise,anchored_character_coverage,category,online_handle,69,252,5543,0.21495327102803738,0.012295081967213115,0.023259733692904096
0925-03-qwen-2b-full,Qwen/Qwen3.5-2B,full_context_targeted,fence_itemwise,anchored_character_coverage,category,passport_no,125,495,5155,0.20161290322580644,0.023674242424242424,0.0423728813559322
0925-03-qwen-2b-full,Qwen/Qwen3.5-2B,full_context_targeted,fence_itemwise,anchored_character_coverage,category,person_name,7413,5162,158948,0.5895029821073559,0.04455972253112208,0.08285644029150087
0925-03-qwen-2b-full,Qwen/Qwen3.5-2B,full_context_targeted,fence_itemwise,anchored_character_coverage,category,phone_no,1760,750,111991,0.701195219123506,0.015472391451503724,0.030276704999956994
0925-03-qwen-2b-full,Qwen/Qwen3.5-2B,full_context_targeted,fence_itemwise,anchored_character_coverage,category,public_record,106,107,37075,0.49765258215962443,0.0028509184798687502,0.005669358720650372
0925-03-qwen-2b-full,Qwen/Qwen3.5-2B,full_context_targeted,fence_itemwise,anchored_character_coverage,category,rrn,2825,1368,84048,0.6737419508704985,0.03251873424424159,0.06204291393055586
0925-03-qwen-2b-full,Qwen/Qwen3.5-2B,full_context_targeted,fence_itemwise,anchored_character_coverage,category,securities_account_no,75,175,35973,0.3,0.0020805592543275634,0.004132459088655022
0925-03-qwen-2b-full,Qwen/Qwen3.5-2B,full_context_targeted,fence_itemwise,anchored_character_coverage,category,sensitive_info,0,0,129618,0.0,0.0,0.0
0925-03-qwen-2b-full,Qwen/Qwen3.5-2B,full_context_targeted,fence_itemwise,anchored_character_coverage,category,service_usage,11,543,170869,0.019855595667870037,6.437265917602996e-05,0.00012832926957313017
0925-03-qwen-2b-full,Qwen/Qwen3.5-2B,full_context_targeted,fence_itemwise,anchored_character_coverage,category,transaction_record,2204,297,1616764,0.8812475009996001,0.001361361064579411,0.0027185225249449726
0925-03-qwen-2b-full,Qwen/Qwen3.5-2B,full_context_targeted,fence_itemwise,anchored_character_coverage,tier_kind_tlevel,I/attribute/T0,743,157,771674,0.8255555555555556,0.0009619156491894922,0.0019215923094927437
0925-03-qwen-2b-full,Qwen/Qwen3.5-2B,full_context_targeted,fence_itemwise,anchored_character_coverage,tier_kind_tlevel,I/attribute/T1,256,281,772108,0.4767225325884544,0.0003314499381120819,0.000662439303351917
0925-03-qwen-2b-full,Qwen/Qwen3.5-2B,full_context_targeted,fence_itemwise,anchored_character_coverage,tier_kind_tlevel,I/attribute/T2,464,644,789335,0.4187725631768953,0.0005874912477731676,0.0011733364352572427
0925-03-qwen-2b-full,Qwen/Qwen3.5-2B,full_context_targeted,fence_itemwise,anchored_character_coverage,tier_kind_tlevel,I/attribute/T3,280,699,749288,0.28600612870275793,0.00037354849726775954,0.0007461224946605609
0925-03-qwen-2b-full,Qwen/Qwen3.5-2B,full_context_targeted,fence_itemwise,anchored_character_coverage,tier_kind_tlevel,L/attribute/T0,635,457,705193,0.5815018315018315,0.0008996526065840403,0.0017965257737792113
0925-03-qwen-2b-full,Qwen/Qwen3.5-2B,full_context_targeted,fence_itemwise,anchored_character_coverage,tier_kind_tlevel,L/attribute/T1,311,160,726735,0.6602972399150743,0.00042775835366675564,0.0008549628393563312
0925-03-qwen-2b-full,Qwen/Qwen3.5-2B,full_context_targeted,fence_itemwise,anchored_character_coverage,tier_kind_tlevel,L/attribute/T2,1569,428,712171,0.785678517776665,0.0021982794855269425,0.0043842919955234955
0925-03-qwen-2b-full,Qwen/Qwen3.5-2B,full_context_targeted,fence_itemwise,anchored_character_coverage,tier_kind_tlevel,L/attribute/T3,203,152,598679,0.571830985915493,0.0003389649380011421,0.0006775282567665214
0925-03-qwen-2b-full,Qwen/Qwen3.5-2B,full_context_targeted,fence_itemwise,anchored_character_coverage,tier_kind_tlevel,L/identifier/T0,7502,5092,262970,0.5956804827695729,0.02773669732911355,0.053005306183010324
0925-03-qwen-2b-full,Qwen/Qwen3.5-2B,full_context_targeted,fence_itemwise,anchored_character_coverage,tier_kind_tlevel,L/identifier/T1,4593,3214,299456,0.5883181759959011,0.015106117763913053,0.029455902724334307
0925-03-qwen-2b-full,Qwen/Qwen3.5-2B,full_context_targeted,fence_itemwise,anchored_character_coverage,tier_kind_tlevel,L/identifier/T2,3394,3674,300400,0.4801924165251839,0.011172044214171445,0.021836055870450552
0925-03-qwen-2b-full,Qwen/Qwen3.5-2B,full_context_targeted,fence_itemwise,anchored_character_coverage,tier_kind_tlevel,L/identifier/T3,3070,4613,170774,0.39958349603019655,0.017659510825797843,0.0338241694073058
